
> angular-ecommerce-backend@1.0.0 start
> nest start

(node:42868) [DEP0190] DeprecationWarning: Passing args to a child process with shell option true can lead to security vulnerabilities, as the arguments are not escaped, only concatenated.
(Use `node --trace-deprecation ...` to show where the warning was created)
[dotenv@17.2.3] injecting env (0) from dist/.env -- tip: 📡 add observability to secrets: https://dotenvx.com/ops
[32m[Nest] 42887  - [39m03/03/2026, 12:34:52 PM [32m    LOG[39m [38;5;3m[NestFactory] [39m[32mStarting Nest application...[39m
PayPal Strategy: Running in TEST MODE (mock implementation)
[32m[Nest] 42887  - [39m03/03/2026, 12:34:52 PM [32m    LOG[39m [38;5;3m[InstanceLoader] [39m[32mAppModule dependencies initialized[39m[38;5;3m +7ms[39m
[32m[Nest] 42887  - [39m03/03/2026, 12:34:52 PM [32m    LOG[39m [38;5;3m[InstanceLoader] [39m[32mTypeOrmModule dependencies initialized[39m[38;5;3m +1ms[39m
[32m[Nest] 42887  - [39m03/03/2026, 12:34:52 PM [32m    LOG[39m [38;5;3m[InstanceLoader] [39m[32mPassportModule dependencies initialized[39m[38;5;3m +0ms[39m
[32m[Nest] 42887  - [39m03/03/2026, 12:34:52 PM [32m    LOG[39m [38;5;3m[InstanceLoader] [39m[32mConfigHostModule dependencies initialized[39m[38;5;3m +0ms[39m
[32m[Nest] 42887  - [39m03/03/2026, 12:34:52 PM [32m    LOG[39m [38;5;3m[InstanceLoader] [39m[32mSeoModule dependencies initialized[39m[38;5;3m +0ms[39m
[32m[Nest] 42887  - [39m03/03/2026, 12:34:52 PM [32m    LOG[39m [38;5;3m[InstanceLoader] [39m[32mConfigModule dependencies initialized[39m[38;5;3m +0ms[39m
[32m[Nest] 42887  - [39m03/03/2026, 12:34:52 PM [32m    LOG[39m [38;5;3m[InstanceLoader] [39m[32mConfigModule dependencies initialized[39m[38;5;3m +0ms[39m
[Stripe] Constructor called
[Stripe] ConfigService STRIPE_SECRET_KEY: ***nWO1
[Stripe] Attempting to create Stripe instance with key: sk_test_51RypoMFOpCZ...nWO1
[Stripe] Real Stripe instance created successfully
[Stripe] Stripe instance methods: [
  '_platformFunctions',
  'VERSION',
  'on',
  'once',
  'off',
  '_api',
  'account',
  'accountLinks',
  'accountSessions',
  'accounts',
  'applePayDomains',
  'applicationFees',
  'balance',
  'balanceTransactions',
  'charges',
  'confirmationTokens',
  'countrySpecs',
  'coupons',
  'creditNotes',
  'customerSessions',
  'customers',
  'disputes',
  'ephemeralKeys',
  'events',
  'exchangeRates',
  'fileLinks',
  'files',
  'invoiceItems',
  'invoicePayments',
  'invoiceRenderingTemplates',
  'invoices',
  'mandates',
  'oauth',
  'paymentIntents',
  'paymentLinks',
  'paymentMethodConfigurations',
  'paymentMethodDomains',
  'paymentMethods',
  'payouts',
  'plans',
  'prices',
  'products',
  'promotionCodes',
  'quotes',
  'refunds',
  'reviews',
  'setupAttempts',
  'setupIntents',
  'shippingRates',
  'sources',
  'subscriptionItems',
  'subscriptionSchedules',
  'subscriptions',
  'taxCodes',
  'taxIds',
  'taxRates',
  'tokens',
  'topups',
  'transfers',
  'webhookEndpoints',
  'apps',
  'billing',
  'billingPortal',
  'checkout',
  'climate',
  'entitlements',
  'financialConnections',
  'forwarding',
  'identity',
  'issuing',
  'radar',
  'reporting',
  'sigma',
  'tax',
  'terminal',
  'testHelpers',
  'treasury',
  'v2',
  '_authenticator',
  'errors',
  'webhooks',
  '_prevRequestMetrics',
  '_enableTelemetry',
  '_requestSender',
  'StripeResource'
]
[32m[Nest] 42887  - [39m03/03/2026, 12:34:52 PM [32m    LOG[39m [38;5;3m[InstanceLoader] [39m[32mUploadsModule dependencies initialized[39m[38;5;3m +1ms[39m
[32m[Nest] 42887  - [39m03/03/2026, 12:34:52 PM [32m    LOG[39m [38;5;3m[InstanceLoader] [39m[32mJwtModule dependencies initialized[39m[38;5;3m +10ms[39m
query: SELECT version()
query: SELECT * FROM current_schema()
query: START TRANSACTION
query: SELECT * FROM current_schema()
query: SELECT * FROM current_database()
query: SELECT "table_schema", "table_name", obj_description(('"' || "table_schema" || '"."' || "table_name" || '"')::regclass, 'pg_class') AS table_comment FROM "information_schema"."tables" WHERE ("table_schema" = 'public' AND "table_name" = 'products') OR ("table_schema" = 'public' AND "table_name" = 'notifications') OR ("table_schema" = 'public' AND "table_name" = 'categories') OR ("table_schema" = 'public' AND "table_name" = 'sections') OR ("table_schema" = 'public' AND "table_name" = 'users') OR ("table_schema" = 'public' AND "table_name" = 'orders') OR ("table_schema" = 'public' AND "table_name" = 'messages') OR ("table_schema" = 'public' AND "table_name" = 'product_recommendations') OR ("table_schema" = 'public' AND "table_name" = 'payments') OR ("table_schema" = 'public' AND "table_name" = 'settings')
query: SELECT TRUE FROM information_schema.columns WHERE table_name = 'pg_class' and column_name = 'relispartition'
query: SELECT columns.*, pg_catalog.col_description(('"' || table_catalog || '"."' || table_schema || '"."' || table_name || '"')::regclass::oid, ordinal_position) AS description, ('"' || "udt_schema" || '"."' || "udt_name" || '"')::"regtype" AS "regtype", pg_catalog.format_type("col_attr"."atttypid", "col_attr"."atttypmod") AS "format_type" FROM "information_schema"."columns" LEFT JOIN "pg_catalog"."pg_attribute" AS "col_attr" ON "col_attr"."attname" = "columns"."column_name" AND "col_attr"."attrelid" = ( SELECT "cls"."oid" FROM "pg_catalog"."pg_class" AS "cls" LEFT JOIN "pg_catalog"."pg_namespace" AS "ns" ON "ns"."oid" = "cls"."relnamespace" WHERE "cls"."relname" = "columns"."table_name" AND "ns"."nspname" = "columns"."table_schema" ) WHERE ("table_schema" = 'public' AND "table_name" = 'categories') OR ("table_schema" = 'public' AND "table_name" = 'settings') OR ("table_schema" = 'public' AND "table_name" = 'payments') OR ("table_schema" = 'public' AND "table_name" = 'notifications') OR ("table_schema" = 'public' AND "table_name" = 'orders') OR ("table_schema" = 'public' AND "table_name" = 'product_recommendations') OR ("table_schema" = 'public' AND "table_name" = 'users') OR ("table_schema" = 'public' AND "table_name" = 'messages') OR ("table_schema" = 'public' AND "table_name" = 'products') OR ("table_schema" = 'public' AND "table_name" = 'sections')
query: SELECT "ns"."nspname" AS "table_schema", "t"."relname" AS "table_name", "cnst"."conname" AS "constraint_name", pg_get_constraintdef("cnst"."oid") AS "expression", CASE "cnst"."contype" WHEN 'p' THEN 'PRIMARY' WHEN 'u' THEN 'UNIQUE' WHEN 'c' THEN 'CHECK' WHEN 'x' THEN 'EXCLUDE' END AS "constraint_type", "a"."attname" AS "column_name" FROM "pg_constraint" "cnst" INNER JOIN "pg_class" "t" ON "t"."oid" = "cnst"."conrelid" INNER JOIN "pg_namespace" "ns" ON "ns"."oid" = "cnst"."connamespace" LEFT JOIN "pg_attribute" "a" ON "a"."attrelid" = "cnst"."conrelid" AND "a"."attnum" = ANY ("cnst"."conkey") WHERE "t"."relkind" IN ('r', 'p') AND (("ns"."nspname" = 'public' AND "t"."relname" = 'categories') OR ("ns"."nspname" = 'public' AND "t"."relname" = 'settings') OR ("ns"."nspname" = 'public' AND "t"."relname" = 'payments') OR ("ns"."nspname" = 'public' AND "t"."relname" = 'notifications') OR ("ns"."nspname" = 'public' AND "t"."relname" = 'orders') OR ("ns"."nspname" = 'public' AND "t"."relname" = 'product_recommendations') OR ("ns"."nspname" = 'public' AND "t"."relname" = 'users') OR ("ns"."nspname" = 'public' AND "t"."relname" = 'messages') OR ("ns"."nspname" = 'public' AND "t"."relname" = 'products') OR ("ns"."nspname" = 'public' AND "t"."relname" = 'sections'))
query: SELECT "ns"."nspname" AS "table_schema", "t"."relname" AS "table_name", "i"."relname" AS "constraint_name", "a"."attname" AS "column_name", CASE "ix"."indisunique" WHEN 't' THEN 'TRUE' ELSE'FALSE' END AS "is_unique", pg_get_expr("ix"."indpred", "ix"."indrelid") AS "condition", "types"."typname" AS "type_name", "am"."amname" AS "index_type" FROM "pg_class" "t" INNER JOIN "pg_index" "ix" ON "ix"."indrelid" = "t"."oid" INNER JOIN "pg_attribute" "a" ON "a"."attrelid" = "t"."oid"  AND "a"."attnum" = ANY ("ix"."indkey") INNER JOIN "pg_namespace" "ns" ON "ns"."oid" = "t"."relnamespace" INNER JOIN "pg_class" "i" ON "i"."oid" = "ix"."indexrelid" INNER JOIN "pg_type" "types" ON "types"."oid" = "a"."atttypid" INNER JOIN "pg_am" "am" ON "i"."relam" = "am"."oid" LEFT JOIN "pg_constraint" "cnst" ON "cnst"."conname" = "i"."relname" WHERE "t"."relkind" IN ('r', 'p') AND "cnst"."contype" IS NULL AND (("ns"."nspname" = 'public' AND "t"."relname" = 'categories') OR ("ns"."nspname" = 'public' AND "t"."relname" = 'settings') OR ("ns"."nspname" = 'public' AND "t"."relname" = 'payments') OR ("ns"."nspname" = 'public' AND "t"."relname" = 'notifications') OR ("ns"."nspname" = 'public' AND "t"."relname" = 'orders') OR ("ns"."nspname" = 'public' AND "t"."relname" = 'product_recommendations') OR ("ns"."nspname" = 'public' AND "t"."relname" = 'users') OR ("ns"."nspname" = 'public' AND "t"."relname" = 'messages') OR ("ns"."nspname" = 'public' AND "t"."relname" = 'products') OR ("ns"."nspname" = 'public' AND "t"."relname" = 'sections'))
query: SELECT "con"."conname" AS "constraint_name", "con"."nspname" AS "table_schema", "con"."relname" AS "table_name", "att2"."attname" AS "column_name", "ns"."nspname" AS "referenced_table_schema", "cl"."relname" AS "referenced_table_name", "att"."attname" AS "referenced_column_name", "con"."confdeltype" AS "on_delete", "con"."confupdtype" AS "on_update", "con"."condeferrable" AS "deferrable", "con"."condeferred" AS "deferred" FROM ( SELECT UNNEST ("con1"."conkey") AS "parent", UNNEST ("con1"."confkey") AS "child", "con1"."confrelid", "con1"."conrelid", "con1"."conname", "con1"."contype", "ns"."nspname", "cl"."relname", "con1"."condeferrable", CASE WHEN "con1"."condeferred" THEN 'INITIALLY DEFERRED' ELSE 'INITIALLY IMMEDIATE' END as condeferred, CASE "con1"."confdeltype" WHEN 'a' THEN 'NO ACTION' WHEN 'r' THEN 'RESTRICT' WHEN 'c' THEN 'CASCADE' WHEN 'n' THEN 'SET NULL' WHEN 'd' THEN 'SET DEFAULT' END as "confdeltype", CASE "con1"."confupdtype" WHEN 'a' THEN 'NO ACTION' WHEN 'r' THEN 'RESTRICT' WHEN 'c' THEN 'CASCADE' WHEN 'n' THEN 'SET NULL' WHEN 'd' THEN 'SET DEFAULT' END as "confupdtype" FROM "pg_class" "cl" INNER JOIN "pg_namespace" "ns" ON "cl"."relnamespace" = "ns"."oid" INNER JOIN "pg_constraint" "con1" ON "con1"."conrelid" = "cl"."oid" WHERE "con1"."contype" = 'f' AND (("ns"."nspname" = 'public' AND "cl"."relname" = 'categories') OR ("ns"."nspname" = 'public' AND "cl"."relname" = 'settings') OR ("ns"."nspname" = 'public' AND "cl"."relname" = 'payments') OR ("ns"."nspname" = 'public' AND "cl"."relname" = 'notifications') OR ("ns"."nspname" = 'public' AND "cl"."relname" = 'orders') OR ("ns"."nspname" = 'public' AND "cl"."relname" = 'product_recommendations') OR ("ns"."nspname" = 'public' AND "cl"."relname" = 'users') OR ("ns"."nspname" = 'public' AND "cl"."relname" = 'messages') OR ("ns"."nspname" = 'public' AND "cl"."relname" = 'products') OR ("ns"."nspname" = 'public' AND "cl"."relname" = 'sections')) ) "con" INNER JOIN "pg_attribute" "att" ON "att"."attrelid" = "con"."confrelid" AND "att"."attnum" = "con"."child" INNER JOIN "pg_class" "cl" ON "cl"."oid" = "con"."confrelid"  AND "cl"."relispartition" = 'f'INNER JOIN "pg_namespace" "ns" ON "cl"."relnamespace" = "ns"."oid" INNER JOIN "pg_attribute" "att2" ON "att2"."attrelid" = "con"."conrelid" AND "att2"."attnum" = "con"."parent"
query: SELECT "udt_schema", "udt_name" FROM "information_schema"."columns" WHERE "table_schema" = 'public' AND "table_name" = 'payments' AND "column_name"='status'
query: SELECT "udt_schema", "udt_name" FROM "information_schema"."columns" WHERE "table_schema" = 'public' AND "table_name" = 'payments' AND "column_name"='paymentMethod'
query: SELECT "udt_schema", "udt_name" FROM "information_schema"."columns" WHERE "table_schema" = 'public' AND "table_name" = 'payments' AND "column_name"='currency'
query: SELECT "udt_schema", "udt_name" FROM "information_schema"."columns" WHERE "table_schema" = 'public' AND "table_name" = 'notifications' AND "column_name"='type'
query: SELECT "udt_schema", "udt_name" FROM "information_schema"."columns" WHERE "table_schema" = 'public' AND "table_name" = 'notifications' AND "column_name"='status'
query: SELECT "udt_schema", "udt_name" FROM "information_schema"."columns" WHERE "table_schema" = 'public' AND "table_name" = 'orders' AND "column_name"='status'
query: SELECT "udt_schema", "udt_name" FROM "information_schema"."columns" WHERE "table_schema" = 'public' AND "table_name" = 'product_recommendations' AND "column_name"='type'
query: SELECT "udt_schema", "udt_name" FROM "information_schema"."columns" WHERE "table_schema" = 'public' AND "table_name" = 'users' AND "column_name"='role'
query: SELECT "e"."enumlabel" AS "value" FROM "pg_enum" "e" INNER JOIN "pg_type" "t" ON "t"."oid" = "e"."enumtypid" INNER JOIN "pg_namespace" "n" ON "n"."oid" = "t"."typnamespace" WHERE "n"."nspname" = 'public' AND "t"."typname" = 'payments_status_enum'
query: SELECT "e"."enumlabel" AS "value" FROM "pg_enum" "e" INNER JOIN "pg_type" "t" ON "t"."oid" = "e"."enumtypid" INNER JOIN "pg_namespace" "n" ON "n"."oid" = "t"."typnamespace" WHERE "n"."nspname" = 'public' AND "t"."typname" = 'payments_paymentmethod_enum'
query: SELECT "e"."enumlabel" AS "value" FROM "pg_enum" "e" INNER JOIN "pg_type" "t" ON "t"."oid" = "e"."enumtypid" INNER JOIN "pg_namespace" "n" ON "n"."oid" = "t"."typnamespace" WHERE "n"."nspname" = 'public' AND "t"."typname" = 'payments_currency_enum'
query: SELECT "e"."enumlabel" AS "value" FROM "pg_enum" "e" INNER JOIN "pg_type" "t" ON "t"."oid" = "e"."enumtypid" INNER JOIN "pg_namespace" "n" ON "n"."oid" = "t"."typnamespace" WHERE "n"."nspname" = 'public' AND "t"."typname" = 'notifications_type_enum'
query: SELECT "e"."enumlabel" AS "value" FROM "pg_enum" "e" INNER JOIN "pg_type" "t" ON "t"."oid" = "e"."enumtypid" INNER JOIN "pg_namespace" "n" ON "n"."oid" = "t"."typnamespace" WHERE "n"."nspname" = 'public' AND "t"."typname" = 'notifications_status_enum'
query: SELECT "e"."enumlabel" AS "value" FROM "pg_enum" "e" INNER JOIN "pg_type" "t" ON "t"."oid" = "e"."enumtypid" INNER JOIN "pg_namespace" "n" ON "n"."oid" = "t"."typnamespace" WHERE "n"."nspname" = 'public' AND "t"."typname" = 'orders_status_enum'
query: SELECT "e"."enumlabel" AS "value" FROM "pg_enum" "e" INNER JOIN "pg_type" "t" ON "t"."oid" = "e"."enumtypid" INNER JOIN "pg_namespace" "n" ON "n"."oid" = "t"."typnamespace" WHERE "n"."nspname" = 'public' AND "t"."typname" = 'product_recommendations_type_enum'
query: SELECT "e"."enumlabel" AS "value" FROM "pg_enum" "e" INNER JOIN "pg_type" "t" ON "t"."oid" = "e"."enumtypid" INNER JOIN "pg_namespace" "n" ON "n"."oid" = "t"."typnamespace" WHERE "n"."nspname" = 'public' AND "t"."typname" = 'users_role_enum'
query: SELECT * FROM "information_schema"."tables" WHERE "table_schema" = 'public' AND "table_name" = 'typeorm_metadata'
query: COMMIT
[32m[Nest] 42887  - [39m03/03/2026, 12:34:55 PM [32m    LOG[39m [38;5;3m[InstanceLoader] [39m[32mTypeOrmCoreModule dependencies initialized[39m[38;5;3m +2390ms[39m
[32m[Nest] 42887  - [39m03/03/2026, 12:34:55 PM [32m    LOG[39m [38;5;3m[InstanceLoader] [39m[32mTypeOrmModule dependencies initialized[39m[38;5;3m +1ms[39m
[32m[Nest] 42887  - [39m03/03/2026, 12:34:55 PM [32m    LOG[39m [38;5;3m[InstanceLoader] [39m[32mTypeOrmModule dependencies initialized[39m[38;5;3m +0ms[39m
[32m[Nest] 42887  - [39m03/03/2026, 12:34:55 PM [32m    LOG[39m [38;5;3m[InstanceLoader] [39m[32mTypeOrmModule dependencies initialized[39m[38;5;3m +0ms[39m
[32m[Nest] 42887  - [39m03/03/2026, 12:34:55 PM [32m    LOG[39m [38;5;3m[InstanceLoader] [39m[32mTypeOrmModule dependencies initialized[39m[38;5;3m +0ms[39m
[32m[Nest] 42887  - [39m03/03/2026, 12:34:55 PM [32m    LOG[39m [38;5;3m[InstanceLoader] [39m[32mTypeOrmModule dependencies initialized[39m[38;5;3m +0ms[39m
[32m[Nest] 42887  - [39m03/03/2026, 12:34:55 PM [32m    LOG[39m [38;5;3m[InstanceLoader] [39m[32mTypeOrmModule dependencies initialized[39m[38;5;3m +0ms[39m
[32m[Nest] 42887  - [39m03/03/2026, 12:34:55 PM [32m    LOG[39m [38;5;3m[InstanceLoader] [39m[32mTypeOrmModule dependencies initialized[39m[38;5;3m +0ms[39m
[32m[Nest] 42887  - [39m03/03/2026, 12:34:55 PM [32m    LOG[39m [38;5;3m[InstanceLoader] [39m[32mTypeOrmModule dependencies initialized[39m[38;5;3m +0ms[39m
[32m[Nest] 42887  - [39m03/03/2026, 12:34:55 PM [32m    LOG[39m [38;5;3m[InstanceLoader] [39m[32mTypeOrmModule dependencies initialized[39m[38;5;3m +0ms[39m
[32m[Nest] 42887  - [39m03/03/2026, 12:34:55 PM [32m    LOG[39m [38;5;3m[InstanceLoader] [39m[32mTypeOrmModule dependencies initialized[39m[38;5;3m +0ms[39m
[SettingsService] Initializing default settings...
[SettingsService] Stripe keys from env: {
  publishableKey: '***H5lV',
  secretKey: '***nWO1',
  webhookSecret: 'NOT SET'
}
[32m[Nest] 42887  - [39m03/03/2026, 12:34:55 PM [32m    LOG[39m [38;5;3m[InstanceLoader] [39m[32mCategoriesModule dependencies initialized[39m[38;5;3m +6ms[39m
[32m[Nest] 42887  - [39m03/03/2026, 12:34:55 PM [32m    LOG[39m [38;5;3m[InstanceLoader] [39m[32mNotificationsModule dependencies initialized[39m[38;5;3m +0ms[39m
[32m[Nest] 42887  - [39m03/03/2026, 12:34:55 PM [32m    LOG[39m [38;5;3m[InstanceLoader] [39m[32mRecommendationsModule dependencies initialized[39m[38;5;3m +1ms[39m
[32m[Nest] 42887  - [39m03/03/2026, 12:34:55 PM [32m    LOG[39m [38;5;3m[InstanceLoader] [39m[32mSettingsModule dependencies initialized[39m[38;5;3m +0ms[39m
[32m[Nest] 42887  - [39m03/03/2026, 12:34:55 PM [32m    LOG[39m [38;5;3m[InstanceLoader] [39m[32mEmailModule dependencies initialized[39m[38;5;3m +0ms[39m
[PaymentsService] Constructor called
[PaymentsService] StripeStrategy instance: true
[PaymentsService] StripeStrategy constructor: StripeStrategy
[32m[Nest] 42887  - [39m03/03/2026, 12:34:55 PM [32m    LOG[39m [38;5;3m[InstanceLoader] [39m[32mMessagesModule dependencies initialized[39m[38;5;3m +0ms[39m
[32m[Nest] 42887  - [39m03/03/2026, 12:34:55 PM [32m    LOG[39m [38;5;3m[InstanceLoader] [39m[32mOrdersModule dependencies initialized[39m[38;5;3m +0ms[39m
[32m[Nest] 42887  - [39m03/03/2026, 12:34:55 PM [32m    LOG[39m [38;5;3m[InstanceLoader] [39m[32mSectionsModule dependencies initialized[39m[38;5;3m +0ms[39m
[32m[Nest] 42887  - [39m03/03/2026, 12:34:55 PM [32m    LOG[39m [38;5;3m[InstanceLoader] [39m[32mProductsModule dependencies initialized[39m[38;5;3m +0ms[39m
[32m[Nest] 42887  - [39m03/03/2026, 12:34:55 PM [32m    LOG[39m [38;5;3m[InstanceLoader] [39m[32mAuthModule dependencies initialized[39m[38;5;3m +0ms[39m
[32m[Nest] 42887  - [39m03/03/2026, 12:34:55 PM [32m    LOG[39m [38;5;3m[InstanceLoader] [39m[32mPaymentsModule dependencies initialized[39m[38;5;3m +0ms[39m
Created /uploads folder
Created /uploads/sections-3d folder
Created /uploads/products-3d folder
[32m[Nest] 42887  - [39m03/03/2026, 12:34:55 PM [32m    LOG[39m [38;5;3m[RoutesResolver] [39m[32mCategoriesController {/api/categories}:[39m[38;5;3m +7ms[39m
[32m[Nest] 42887  - [39m03/03/2026, 12:34:55 PM [32m    LOG[39m [38;5;3m[RouterExplorer] [39m[32mMapped {/api/categories, GET} route[39m[38;5;3m +2ms[39m
[32m[Nest] 42887  - [39m03/03/2026, 12:34:55 PM [32m    LOG[39m [38;5;3m[RouterExplorer] [39m[32mMapped {/api/categories/:id, GET} route[39m[38;5;3m +0ms[39m
[32m[Nest] 42887  - [39m03/03/2026, 12:34:55 PM [32m    LOG[39m [38;5;3m[RouterExplorer] [39m[32mMapped {/api/categories, POST} route[39m[38;5;3m +0ms[39m
[32m[Nest] 42887  - [39m03/03/2026, 12:34:55 PM [32m    LOG[39m [38;5;3m[RouterExplorer] [39m[32mMapped {/api/categories/:id, PATCH} route[39m[38;5;3m +0ms[39m
[32m[Nest] 42887  - [39m03/03/2026, 12:34:55 PM [32m    LOG[39m [38;5;3m[RouterExplorer] [39m[32mMapped {/api/categories/:id, DELETE} route[39m[38;5;3m +0ms[39m
[32m[Nest] 42887  - [39m03/03/2026, 12:34:55 PM [32m    LOG[39m [38;5;3m[RouterExplorer] [39m[32mMapped {/api/categories/sync-with-sections, POST} route[39m[38;5;3m +0ms[39m
[32m[Nest] 42887  - [39m03/03/2026, 12:34:55 PM [32m    LOG[39m [38;5;3m[RoutesResolver] [39m[32mProductsController {/api/products}:[39m[38;5;3m +0ms[39m
[32m[Nest] 42887  - [39m03/03/2026, 12:34:55 PM [32m    LOG[39m [38;5;3m[RouterExplorer] [39m[32mMapped {/api/products, POST} route[39m[38;5;3m +0ms[39m
[32m[Nest] 42887  - [39m03/03/2026, 12:34:55 PM [32m    LOG[39m [38;5;3m[RouterExplorer] [39m[32mMapped {/api/products, GET} route[39m[38;5;3m +0ms[39m
[32m[Nest] 42887  - [39m03/03/2026, 12:34:55 PM [32m    LOG[39m [38;5;3m[RouterExplorer] [39m[32mMapped {/api/products/featured, GET} route[39m[38;5;3m +0ms[39m
[32m[Nest] 42887  - [39m03/03/2026, 12:34:55 PM [32m    LOG[39m [38;5;3m[RouterExplorer] [39m[32mMapped {/api/products/search, GET} route[39m[38;5;3m +1ms[39m
[32m[Nest] 42887  - [39m03/03/2026, 12:34:55 PM [32m    LOG[39m [38;5;3m[RouterExplorer] [39m[32mMapped {/api/products/:id, GET} route[39m[38;5;3m +0ms[39m
[32m[Nest] 42887  - [39m03/03/2026, 12:34:55 PM [32m    LOG[39m [38;5;3m[RouterExplorer] [39m[32mMapped {/api/products/:id, PATCH} route[39m[38;5;3m +0ms[39m
[32m[Nest] 42887  - [39m03/03/2026, 12:34:55 PM [32m    LOG[39m [38;5;3m[RouterExplorer] [39m[32mMapped {/api/products/:id, DELETE} route[39m[38;5;3m +0ms[39m
[32m[Nest] 42887  - [39m03/03/2026, 12:34:55 PM [32m    LOG[39m [38;5;3m[RouterExplorer] [39m[32mMapped {/api/products/upload, POST} route[39m[38;5;3m +0ms[39m
[32m[Nest] 42887  - [39m03/03/2026, 12:34:55 PM [32m    LOG[39m [38;5;3m[RouterExplorer] [39m[32mMapped {/api/products/upload-3d, POST} route[39m[38;5;3m +0ms[39m
[32m[Nest] 42887  - [39m03/03/2026, 12:34:55 PM [32m    LOG[39m [38;5;3m[RoutesResolver] [39m[32mNotificationsController {/api/notifications}:[39m[38;5;3m +0ms[39m
[32m[Nest] 42887  - [39m03/03/2026, 12:34:55 PM [32m    LOG[39m [38;5;3m[RouterExplorer] [39m[32mMapped {/api/notifications, POST} route[39m[38;5;3m +0ms[39m
[32m[Nest] 42887  - [39m03/03/2026, 12:34:55 PM [32m    LOG[39m [38;5;3m[RouterExplorer] [39m[32mMapped {/api/notifications, GET} route[39m[38;5;3m +0ms[39m
[32m[Nest] 42887  - [39m03/03/2026, 12:34:55 PM [32m    LOG[39m [38;5;3m[RouterExplorer] [39m[32mMapped {/api/notifications/unread, GET} route[39m[38;5;3m +0ms[39m
[32m[Nest] 42887  - [39m03/03/2026, 12:34:55 PM [32m    LOG[39m [38;5;3m[RouterExplorer] [39m[32mMapped {/api/notifications/unread/count, GET} route[39m[38;5;3m +0ms[39m
[32m[Nest] 42887  - [39m03/03/2026, 12:34:55 PM [32m    LOG[39m [38;5;3m[RouterExplorer] [39m[32mMapped {/api/notifications/:id/read, PATCH} route[39m[38;5;3m +0ms[39m
[32m[Nest] 42887  - [39m03/03/2026, 12:34:55 PM [32m    LOG[39m [38;5;3m[RouterExplorer] [39m[32mMapped {/api/notifications/read-all, PATCH} route[39m[38;5;3m +0ms[39m
[32m[Nest] 42887  - [39m03/03/2026, 12:34:55 PM [32m    LOG[39m [38;5;3m[RoutesResolver] [39m[32mAuthController {/api/auth}:[39m[38;5;3m +0ms[39m
[32m[Nest] 42887  - [39m03/03/2026, 12:34:55 PM [32m    LOG[39m [38;5;3m[RouterExplorer] [39m[32mMapped {/api/auth/register, POST} route[39m[38;5;3m +0ms[39m
[32m[Nest] 42887  - [39m03/03/2026, 12:34:55 PM [32m    LOG[39m [38;5;3m[RouterExplorer] [39m[32mMapped {/api/auth/login, POST} route[39m[38;5;3m +0ms[39m
[32m[Nest] 42887  - [39m03/03/2026, 12:34:55 PM [32m    LOG[39m [38;5;3m[RouterExplorer] [39m[32mMapped {/api/auth/profile, GET} route[39m[38;5;3m +0ms[39m
[32m[Nest] 42887  - [39m03/03/2026, 12:34:55 PM [32m    LOG[39m [38;5;3m[RouterExplorer] [39m[32mMapped {/api/auth/create-admin, POST} route[39m[38;5;3m +0ms[39m
[32m[Nest] 42887  - [39m03/03/2026, 12:34:55 PM [32m    LOG[39m [38;5;3m[RoutesResolver] [39m[32mUserController {/api/users}:[39m[38;5;3m +0ms[39m
[32m[Nest] 42887  - [39m03/03/2026, 12:34:55 PM [32m    LOG[39m [38;5;3m[RouterExplorer] [39m[32mMapped {/api/users, GET} route[39m[38;5;3m +0ms[39m
[32m[Nest] 42887  - [39m03/03/2026, 12:34:55 PM [32m    LOG[39m [38;5;3m[RouterExplorer] [39m[32mMapped {/api/users/:id, GET} route[39m[38;5;3m +1ms[39m
[32m[Nest] 42887  - [39m03/03/2026, 12:34:55 PM [32m    LOG[39m [38;5;3m[RouterExplorer] [39m[32mMapped {/api/users/:id, PATCH} route[39m[38;5;3m +0ms[39m
[32m[Nest] 42887  - [39m03/03/2026, 12:34:55 PM [32m    LOG[39m [38;5;3m[RouterExplorer] [39m[32mMapped {/api/users/:id, DELETE} route[39m[38;5;3m +0ms[39m
[32m[Nest] 42887  - [39m03/03/2026, 12:34:55 PM [32m    LOG[39m [38;5;3m[RoutesResolver] [39m[32mOrdersController {/api/orders}:[39m[38;5;3m +0ms[39m
[32m[Nest] 42887  - [39m03/03/2026, 12:34:55 PM [32m    LOG[39m [38;5;3m[RouterExplorer] [39m[32mMapped {/api/orders, POST} route[39m[38;5;3m +0ms[39m
[32m[Nest] 42887  - [39m03/03/2026, 12:34:55 PM [32m    LOG[39m [38;5;3m[RouterExplorer] [39m[32mMapped {/api/orders, GET} route[39m[38;5;3m +0ms[39m
[32m[Nest] 42887  - [39m03/03/2026, 12:34:55 PM [32m    LOG[39m [38;5;3m[RouterExplorer] [39m[32mMapped {/api/orders/stats, GET} route[39m[38;5;3m +0ms[39m
[32m[Nest] 42887  - [39m03/03/2026, 12:34:55 PM [32m    LOG[39m [38;5;3m[RouterExplorer] [39m[32mMapped {/api/orders/:id, GET} route[39m[38;5;3m +0ms[39m
[32m[Nest] 42887  - [39m03/03/2026, 12:34:55 PM [32m    LOG[39m [38;5;3m[RouterExplorer] [39m[32mMapped {/api/orders/:id, PATCH} route[39m[38;5;3m +0ms[39m
[32m[Nest] 42887  - [39m03/03/2026, 12:34:55 PM [32m    LOG[39m [38;5;3m[RoutesResolver] [39m[32mMessagesController {/api/messages}:[39m[38;5;3m +0ms[39m
[32m[Nest] 42887  - [39m03/03/2026, 12:34:55 PM [32m    LOG[39m [38;5;3m[RouterExplorer] [39m[32mMapped {/api/messages, POST} route[39m[38;5;3m +0ms[39m
[32m[Nest] 42887  - [39m03/03/2026, 12:34:55 PM [32m    LOG[39m [38;5;3m[RouterExplorer] [39m[32mMapped {/api/messages, GET} route[39m[38;5;3m +0ms[39m
[32m[Nest] 42887  - [39m03/03/2026, 12:34:55 PM [32m    LOG[39m [38;5;3m[RouterExplorer] [39m[32mMapped {/api/messages/count, GET} route[39m[38;5;3m +0ms[39m
[32m[Nest] 42887  - [39m03/03/2026, 12:34:55 PM [32m    LOG[39m [38;5;3m[RouterExplorer] [39m[32mMapped {/api/messages/unread, GET} route[39m[38;5;3m +0ms[39m
[32m[Nest] 42887  - [39m03/03/2026, 12:34:55 PM [32m    LOG[39m [38;5;3m[RouterExplorer] [39m[32mMapped {/api/messages/:id, GET} route[39m[38;5;3m +0ms[39m
[32m[Nest] 42887  - [39m03/03/2026, 12:34:55 PM [32m    LOG[39m [38;5;3m[RouterExplorer] [39m[32mMapped {/api/messages/:id, PUT} route[39m[38;5;3m +0ms[39m
[32m[Nest] 42887  - [39m03/03/2026, 12:34:55 PM [32m    LOG[39m [38;5;3m[RouterExplorer] [39m[32mMapped {/api/messages/:id, DELETE} route[39m[38;5;3m +0ms[39m
[32m[Nest] 42887  - [39m03/03/2026, 12:34:55 PM [32m    LOG[39m [38;5;3m[RoutesResolver] [39m[32mSectionsController {/api/sections}:[39m[38;5;3m +0ms[39m
[32m[Nest] 42887  - [39m03/03/2026, 12:34:55 PM [32m    LOG[39m [38;5;3m[RouterExplorer] [39m[32mMapped {/api/sections, POST} route[39m[38;5;3m +0ms[39m
[32m[Nest] 42887  - [39m03/03/2026, 12:34:55 PM [32m    LOG[39m [38;5;3m[RouterExplorer] [39m[32mMapped {/api/sections, GET} route[39m[38;5;3m +0ms[39m
[32m[Nest] 42887  - [39m03/03/2026, 12:34:55 PM [32m    LOG[39m [38;5;3m[RouterExplorer] [39m[32mMapped {/api/sections/admin, GET} route[39m[38;5;3m +0ms[39m
[32m[Nest] 42887  - [39m03/03/2026, 12:34:55 PM [32m    LOG[39m [38;5;3m[RouterExplorer] [39m[32mMapped {/api/sections/:id, GET} route[39m[38;5;3m +0ms[39m
[32m[Nest] 42887  - [39m03/03/2026, 12:34:55 PM [32m    LOG[39m [38;5;3m[RouterExplorer] [39m[32mMapped {/api/sections/:id, PATCH} route[39m[38;5;3m +0ms[39m
[32m[Nest] 42887  - [39m03/03/2026, 12:34:55 PM [32m    LOG[39m [38;5;3m[RouterExplorer] [39m[32mMapped {/api/sections/:id, DELETE} route[39m[38;5;3m +0ms[39m
[32m[Nest] 42887  - [39m03/03/2026, 12:34:55 PM [32m    LOG[39m [38;5;3m[RouterExplorer] [39m[32mMapped {/api/sections/:id/toggle, PATCH} route[39m[38;5;3m +0ms[39m
[32m[Nest] 42887  - [39m03/03/2026, 12:34:55 PM [32m    LOG[39m [38;5;3m[RouterExplorer] [39m[32mMapped {/api/sections/reorder, POST} route[39m[38;5;3m +0ms[39m
[32m[Nest] 42887  - [39m03/03/2026, 12:34:55 PM [32m    LOG[39m [38;5;3m[RoutesResolver] [39m[32mUploadsController {/api/uploads}:[39m[38;5;3m +1ms[39m
[32m[Nest] 42887  - [39m03/03/2026, 12:34:55 PM [32m    LOG[39m [38;5;3m[RouterExplorer] [39m[32mMapped {/api/uploads/section-image, POST} route[39m[38;5;3m +0ms[39m
[32m[Nest] 42887  - [39m03/03/2026, 12:34:55 PM [32m    LOG[39m [38;5;3m[RouterExplorer] [39m[32mMapped {/api/uploads/section-3d-model, POST} route[39m[38;5;3m +0ms[39m
[32m[Nest] 42887  - [39m03/03/2026, 12:34:55 PM [32m    LOG[39m [38;5;3m[RouterExplorer] [39m[32mMapped {/api/uploads/product-3d-model, POST} route[39m[38;5;3m +0ms[39m
[32m[Nest] 42887  - [39m03/03/2026, 12:34:55 PM [32m    LOG[39m [38;5;3m[RouterExplorer] [39m[32mMapped {/api/uploads/process-image, POST} route[39m[38;5;3m +0ms[39m
[32m[Nest] 42887  - [39m03/03/2026, 12:34:55 PM [32m    LOG[39m [38;5;3m[RoutesResolver] [39m[32mSeoController {/api/seo}:[39m[38;5;3m +0ms[39m
[32m[Nest] 42887  - [39m03/03/2026, 12:34:55 PM [32m    LOG[39m [38;5;3m[RouterExplorer] [39m[32mMapped {/api/seo/settings, GET} route[39m[38;5;3m +0ms[39m
[32m[Nest] 42887  - [39m03/03/2026, 12:34:55 PM [32m    LOG[39m [38;5;3m[RouterExplorer] [39m[32mMapped {/api/seo/settings, PUT} route[39m[38;5;3m +0ms[39m
[32m[Nest] 42887  - [39m03/03/2026, 12:34:55 PM [32m    LOG[39m [38;5;3m[RouterExplorer] [39m[32mMapped {/api/seo/generate-sitemap, POST} route[39m[38;5;3m +0ms[39m
[32m[Nest] 42887  - [39m03/03/2026, 12:34:55 PM [32m    LOG[39m [38;5;3m[RouterExplorer] [39m[32mMapped {/api/seo/robots-txt, GET} route[39m[38;5;3m +0ms[39m
[32m[Nest] 42887  - [39m03/03/2026, 12:34:55 PM [32m    LOG[39m [38;5;3m[RouterExplorer] [39m[32mMapped {/api/seo/robots-txt, PUT} route[39m[38;5;3m +0ms[39m
[32m[Nest] 42887  - [39m03/03/2026, 12:34:55 PM [32m    LOG[39m [38;5;3m[RoutesResolver] [39m[32mPaymentsController {/api/payments}:[39m[38;5;3m +0ms[39m
[32m[Nest] 42887  - [39m03/03/2026, 12:34:55 PM [32m    LOG[39m [38;5;3m[RouterExplorer] [39m[32mMapped {/api/payments, POST} route[39m[38;5;3m +0ms[39m
[32m[Nest] 42887  - [39m03/03/2026, 12:34:55 PM [32m    LOG[39m [38;5;3m[RouterExplorer] [39m[32mMapped {/api/payments/liqpay/webhook, POST} route[39m[38;5;3m +0ms[39m
[32m[Nest] 42887  - [39m03/03/2026, 12:34:55 PM [32m    LOG[39m [38;5;3m[RouterExplorer] [39m[32mMapped {/api/payments/search, GET} route[39m[38;5;3m +0ms[39m
[32m[Nest] 42887  - [39m03/03/2026, 12:34:55 PM [32m    LOG[39m [38;5;3m[RouterExplorer] [39m[32mMapped {/api/payments/:id, GET} route[39m[38;5;3m +0ms[39m
[32m[Nest] 42887  - [39m03/03/2026, 12:34:55 PM [32m    LOG[39m [38;5;3m[RouterExplorer] [39m[32mMapped {/api/payments/:id/status, GET} route[39m[38;5;3m +0ms[39m
[32m[Nest] 42887  - [39m03/03/2026, 12:34:55 PM [32m    LOG[39m [38;5;3m[RouterExplorer] [39m[32mMapped {/api/payments/order/:orderId, GET} route[39m[38;5;3m +0ms[39m
[32m[Nest] 42887  - [39m03/03/2026, 12:34:55 PM [32m    LOG[39m [38;5;3m[RouterExplorer] [39m[32mMapped {/api/payments, GET} route[39m[38;5;3m +0ms[39m
[32m[Nest] 42887  - [39m03/03/2026, 12:34:55 PM [32m    LOG[39m [38;5;3m[RouterExplorer] [39m[32mMapped {/api/payments/stats/overview, GET} route[39m[38;5;3m +0ms[39m
[32m[Nest] 42887  - [39m03/03/2026, 12:34:55 PM [32m    LOG[39m [38;5;3m[RouterExplorer] [39m[32mMapped {/api/payments/:id/status, PUT} route[39m[38;5;3m +0ms[39m
[32m[Nest] 42887  - [39m03/03/2026, 12:34:55 PM [32m    LOG[39m [38;5;3m[RouterExplorer] [39m[32mMapped {/api/payments/stripe/intent, POST} route[39m[38;5;3m +0ms[39m
[32m[Nest] 42887  - [39m03/03/2026, 12:34:55 PM [32m    LOG[39m [38;5;3m[RouterExplorer] [39m[32mMapped {/api/payments/stripe/webhook, POST} route[39m[38;5;3m +0ms[39m
[32m[Nest] 42887  - [39m03/03/2026, 12:34:55 PM [32m    LOG[39m [38;5;3m[RouterExplorer] [39m[32mMapped {/api/payments/paypal/create, POST} route[39m[38;5;3m +0ms[39m
[32m[Nest] 42887  - [39m03/03/2026, 12:34:55 PM [32m    LOG[39m [38;5;3m[RouterExplorer] [39m[32mMapped {/api/payments/paypal/webhook, POST} route[39m[38;5;3m +0ms[39m
[32m[Nest] 42887  - [39m03/03/2026, 12:34:55 PM [32m    LOG[39m [38;5;3m[RoutesResolver] [39m[32mRecommendationsController {/api/recommendations}:[39m[38;5;3m +0ms[39m
[32m[Nest] 42887  - [39m03/03/2026, 12:34:55 PM [32m    LOG[39m [38;5;3m[RouterExplorer] [39m[32mMapped {/api/recommendations/similar/:productId, GET} route[39m[38;5;3m +0ms[39m
[32m[Nest] 42887  - [39m03/03/2026, 12:34:55 PM [32m    LOG[39m [38;5;3m[RouterExplorer] [39m[32mMapped {/api/recommendations/bought-together/:productId, GET} route[39m[38;5;3m +0ms[39m
[32m[Nest] 42887  - [39m03/03/2026, 12:34:55 PM [32m    LOG[39m [38;5;3m[RouterExplorer] [39m[32mMapped {/api/recommendations/personalized, GET} route[39m[38;5;3m +0ms[39m
[32m[Nest] 42887  - [39m03/03/2026, 12:34:55 PM [32m    LOG[39m [38;5;3m[RouterExplorer] [39m[32mMapped {/api/recommendations/update, GET} route[39m[38;5;3m +1ms[39m
[32m[Nest] 42887  - [39m03/03/2026, 12:34:55 PM [32m    LOG[39m [38;5;3m[RoutesResolver] [39m[32mSettingsController {/api/settings}:[39m[38;5;3m +0ms[39m
[32m[Nest] 42887  - [39m03/03/2026, 12:34:55 PM [32m    LOG[39m [38;5;3m[RouterExplorer] [39m[32mMapped {/api/settings, GET} route[39m[38;5;3m +0ms[39m
[32m[Nest] 42887  - [39m03/03/2026, 12:34:55 PM [32m    LOG[39m [38;5;3m[RouterExplorer] [39m[32mMapped {/api/settings/:category, GET} route[39m[38;5;3m +0ms[39m
[32m[Nest] 42887  - [39m03/03/2026, 12:34:55 PM [32m    LOG[39m [38;5;3m[RouterExplorer] [39m[32mMapped {/api/settings/key/:key, GET} route[39m[38;5;3m +0ms[39m
[32m[Nest] 42887  - [39m03/03/2026, 12:34:55 PM [32m    LOG[39m [38;5;3m[RouterExplorer] [39m[32mMapped {/api/settings/key, PUT} route[39m[38;5;3m +0ms[39m
[32m[Nest] 42887  - [39m03/03/2026, 12:34:55 PM [32m    LOG[39m [38;5;3m[RouterExplorer] [39m[32mMapped {/api/settings/payment, PUT} route[39m[38;5;3m +0ms[39m
[32m[Nest] 42887  - [39m03/03/2026, 12:34:55 PM [32m    LOG[39m [38;5;3m[RouterExplorer] [39m[32mMapped {/api/settings/general, PUT} route[39m[38;5;3m +0ms[39m
[32m[Nest] 42887  - [39m03/03/2026, 12:34:55 PM [32m    LOG[39m [38;5;3m[RouterExplorer] [39m[32mMapped {/api/settings/security, PUT} route[39m[38;5;3m +0ms[39m
[32m[Nest] 42887  - [39m03/03/2026, 12:34:55 PM [32m    LOG[39m [38;5;3m[RouterExplorer] [39m[32mMapped {/api/settings/notifications, PUT} route[39m[38;5;3m +0ms[39m
[32m[Nest] 42887  - [39m03/03/2026, 12:34:55 PM [32m    LOG[39m [38;5;3m[RouterExplorer] [39m[32mMapped {/api/settings/init, POST} route[39m[38;5;3m +0ms[39m
[32m[Nest] 42887  - [39m03/03/2026, 12:34:55 PM [32m    LOG[39m [38;5;3m[NestApplication] [39m[32mNest application successfully started[39m[38;5;3m +1ms[39m
query: SELECT "Settings"."id" AS "Settings_id", "Settings"."key" AS "Settings_key", "Settings"."value" AS "Settings_value", "Settings"."type" AS "Settings_type", "Settings"."category" AS "Settings_category", "Settings"."description" AS "Settings_description", "Settings"."createdAt" AS "Settings_createdAt", "Settings"."updatedAt" AS "Settings_updatedAt" FROM "settings" "Settings" WHERE (("Settings"."key" = $1)) LIMIT 1 -- PARAMETERS: ["general.siteName"]
Application is running on: http://localhost:3002/api
query: SELECT "Settings"."id" AS "Settings_id", "Settings"."key" AS "Settings_key", "Settings"."value" AS "Settings_value", "Settings"."type" AS "Settings_type", "Settings"."category" AS "Settings_category", "Settings"."description" AS "Settings_description", "Settings"."createdAt" AS "Settings_createdAt", "Settings"."updatedAt" AS "Settings_updatedAt" FROM "settings" "Settings" WHERE (("Settings"."key" = $1)) LIMIT 1 -- PARAMETERS: ["notifications.orderNotifications"]
query: SELECT "Settings"."id" AS "Settings_id", "Settings"."key" AS "Settings_key", "Settings"."value" AS "Settings_value", "Settings"."type" AS "Settings_type", "Settings"."category" AS "Settings_category", "Settings"."description" AS "Settings_description", "Settings"."createdAt" AS "Settings_createdAt", "Settings"."updatedAt" AS "Settings_updatedAt" FROM "settings" "Settings" WHERE (("Settings"."key" = $1)) LIMIT 1 -- PARAMETERS: ["notifications.stockAlerts"]
query: SELECT "Settings"."id" AS "Settings_id", "Settings"."key" AS "Settings_key", "Settings"."value" AS "Settings_value", "Settings"."type" AS "Settings_type", "Settings"."category" AS "Settings_category", "Settings"."description" AS "Settings_description", "Settings"."createdAt" AS "Settings_createdAt", "Settings"."updatedAt" AS "Settings_updatedAt" FROM "settings" "Settings" WHERE (("Settings"."key" = $1)) LIMIT 1 -- PARAMETERS: ["notifications.userRegistrations"]
query: SELECT "Settings"."id" AS "Settings_id", "Settings"."key" AS "Settings_key", "Settings"."value" AS "Settings_value", "Settings"."type" AS "Settings_type", "Settings"."category" AS "Settings_category", "Settings"."description" AS "Settings_description", "Settings"."createdAt" AS "Settings_createdAt", "Settings"."updatedAt" AS "Settings_updatedAt" FROM "settings" "Settings" WHERE (("Settings"."key" = $1)) LIMIT 1 -- PARAMETERS: ["notifications.systemUpdates"]
query: SELECT "Settings"."id" AS "Settings_id", "Settings"."key" AS "Settings_key", "Settings"."value" AS "Settings_value", "Settings"."type" AS "Settings_type", "Settings"."category" AS "Settings_category", "Settings"."description" AS "Settings_description", "Settings"."createdAt" AS "Settings_createdAt", "Settings"."updatedAt" AS "Settings_updatedAt" FROM "settings" "Settings" WHERE (("Settings"."key" = $1)) LIMIT 1 -- PARAMETERS: ["security.passwordExpiry"]
query: SELECT "Settings"."id" AS "Settings_id", "Settings"."key" AS "Settings_key", "Settings"."value" AS "Settings_value", "Settings"."type" AS "Settings_type", "Settings"."category" AS "Settings_category", "Settings"."description" AS "Settings_description", "Settings"."createdAt" AS "Settings_createdAt", "Settings"."updatedAt" AS "Settings_updatedAt" FROM "settings" "Settings" WHERE (("Settings"."key" = $1)) LIMIT 1 -- PARAMETERS: ["general.siteDescription"]
query: SELECT "Settings"."id" AS "Settings_id", "Settings"."key" AS "Settings_key", "Settings"."value" AS "Settings_value", "Settings"."type" AS "Settings_type", "Settings"."category" AS "Settings_category", "Settings"."description" AS "Settings_description", "Settings"."createdAt" AS "Settings_createdAt", "Settings"."updatedAt" AS "Settings_updatedAt" FROM "settings" "Settings" WHERE (("Settings"."key" = $1)) LIMIT 1 -- PARAMETERS: ["general.timezone"]
query: SELECT "Settings"."id" AS "Settings_id", "Settings"."key" AS "Settings_key", "Settings"."value" AS "Settings_value", "Settings"."type" AS "Settings_type", "Settings"."category" AS "Settings_category", "Settings"."description" AS "Settings_description", "Settings"."createdAt" AS "Settings_createdAt", "Settings"."updatedAt" AS "Settings_updatedAt" FROM "settings" "Settings" WHERE (("Settings"."key" = $1)) LIMIT 1 -- PARAMETERS: ["security.maxLoginAttempts"]
query: SELECT "Settings"."id" AS "Settings_id", "Settings"."key" AS "Settings_key", "Settings"."value" AS "Settings_value", "Settings"."type" AS "Settings_type", "Settings"."category" AS "Settings_category", "Settings"."description" AS "Settings_description", "Settings"."createdAt" AS "Settings_createdAt", "Settings"."updatedAt" AS "Settings_updatedAt" FROM "settings" "Settings" WHERE (("Settings"."key" = $1)) LIMIT 1 -- PARAMETERS: ["security.twoFactorAuth"]
query: SELECT "Settings"."id" AS "Settings_id", "Settings"."key" AS "Settings_key", "Settings"."value" AS "Settings_value", "Settings"."type" AS "Settings_type", "Settings"."category" AS "Settings_category", "Settings"."description" AS "Settings_description", "Settings"."createdAt" AS "Settings_createdAt", "Settings"."updatedAt" AS "Settings_updatedAt" FROM "settings" "Settings" WHERE (("Settings"."key" = $1)) LIMIT 1 -- PARAMETERS: ["general.currency"]
query: SELECT "Settings"."id" AS "Settings_id", "Settings"."key" AS "Settings_key", "Settings"."value" AS "Settings_value", "Settings"."type" AS "Settings_type", "Settings"."category" AS "Settings_category", "Settings"."description" AS "Settings_description", "Settings"."createdAt" AS "Settings_createdAt", "Settings"."updatedAt" AS "Settings_updatedAt" FROM "settings" "Settings" WHERE (("Settings"."key" = $1)) LIMIT 1 -- PARAMETERS: ["notifications.emailNotifications"]
query: SELECT "Settings"."id" AS "Settings_id", "Settings"."key" AS "Settings_key", "Settings"."value" AS "Settings_value", "Settings"."type" AS "Settings_type", "Settings"."category" AS "Settings_category", "Settings"."description" AS "Settings_description", "Settings"."createdAt" AS "Settings_createdAt", "Settings"."updatedAt" AS "Settings_updatedAt" FROM "settings" "Settings" WHERE (("Settings"."key" = $1)) LIMIT 1 -- PARAMETERS: ["general.language"]
query: SELECT "Settings"."id" AS "Settings_id", "Settings"."key" AS "Settings_key", "Settings"."value" AS "Settings_value", "Settings"."type" AS "Settings_type", "Settings"."category" AS "Settings_category", "Settings"."description" AS "Settings_description", "Settings"."createdAt" AS "Settings_createdAt", "Settings"."updatedAt" AS "Settings_updatedAt" FROM "settings" "Settings" WHERE (("Settings"."key" = $1)) LIMIT 1 -- PARAMETERS: ["security.sessionTimeout"]
query: SELECT "Settings"."id" AS "Settings_id", "Settings"."key" AS "Settings_key", "Settings"."value" AS "Settings_value", "Settings"."type" AS "Settings_type", "Settings"."category" AS "Settings_category", "Settings"."description" AS "Settings_description", "Settings"."createdAt" AS "Settings_createdAt", "Settings"."updatedAt" AS "Settings_updatedAt" FROM "settings" "Settings" WHERE (("Settings"."key" = $1)) LIMIT 1 -- PARAMETERS: ["payment.stripeEnabled"]
query: SELECT "Settings"."id" AS "Settings_id", "Settings"."key" AS "Settings_key", "Settings"."value" AS "Settings_value", "Settings"."type" AS "Settings_type", "Settings"."category" AS "Settings_category", "Settings"."description" AS "Settings_description", "Settings"."createdAt" AS "Settings_createdAt", "Settings"."updatedAt" AS "Settings_updatedAt" FROM "settings" "Settings" WHERE (("Settings"."key" = $1)) LIMIT 1 -- PARAMETERS: ["payment.stripeTestMode"]
query: SELECT "Settings"."id" AS "Settings_id", "Settings"."key" AS "Settings_key", "Settings"."value" AS "Settings_value", "Settings"."type" AS "Settings_type", "Settings"."category" AS "Settings_category", "Settings"."description" AS "Settings_description", "Settings"."createdAt" AS "Settings_createdAt", "Settings"."updatedAt" AS "Settings_updatedAt" FROM "settings" "Settings" WHERE (("Settings"."key" = $1)) LIMIT 1 -- PARAMETERS: ["payment.stripePublishableKey"]
query: SELECT "Settings"."id" AS "Settings_id", "Settings"."key" AS "Settings_key", "Settings"."value" AS "Settings_value", "Settings"."type" AS "Settings_type", "Settings"."category" AS "Settings_category", "Settings"."description" AS "Settings_description", "Settings"."createdAt" AS "Settings_createdAt", "Settings"."updatedAt" AS "Settings_updatedAt" FROM "settings" "Settings" WHERE (("Settings"."key" = $1)) LIMIT 1 -- PARAMETERS: ["payment.stripeSecretKey"]
query: SELECT "Settings"."id" AS "Settings_id", "Settings"."key" AS "Settings_key", "Settings"."value" AS "Settings_value", "Settings"."type" AS "Settings_type", "Settings"."category" AS "Settings_category", "Settings"."description" AS "Settings_description", "Settings"."createdAt" AS "Settings_createdAt", "Settings"."updatedAt" AS "Settings_updatedAt" FROM "settings" "Settings" WHERE (("Settings"."key" = $1)) LIMIT 1 -- PARAMETERS: ["payment.stripeWebhookSecret"]
query: SELECT "Settings"."id" AS "Settings_id", "Settings"."key" AS "Settings_key", "Settings"."value" AS "Settings_value", "Settings"."type" AS "Settings_type", "Settings"."category" AS "Settings_category", "Settings"."description" AS "Settings_description", "Settings"."createdAt" AS "Settings_createdAt", "Settings"."updatedAt" AS "Settings_updatedAt" FROM "settings" "Settings" WHERE (("Settings"."key" = $1)) LIMIT 1 -- PARAMETERS: ["payment.liqpayEnabled"]
query: SELECT "Settings"."id" AS "Settings_id", "Settings"."key" AS "Settings_key", "Settings"."value" AS "Settings_value", "Settings"."type" AS "Settings_type", "Settings"."category" AS "Settings_category", "Settings"."description" AS "Settings_description", "Settings"."createdAt" AS "Settings_createdAt", "Settings"."updatedAt" AS "Settings_updatedAt" FROM "settings" "Settings" WHERE (("Settings"."key" = $1)) LIMIT 1 -- PARAMETERS: ["payment.liqpayTestMode"]
query: SELECT "Settings"."id" AS "Settings_id", "Settings"."key" AS "Settings_key", "Settings"."value" AS "Settings_value", "Settings"."type" AS "Settings_type", "Settings"."category" AS "Settings_category", "Settings"."description" AS "Settings_description", "Settings"."createdAt" AS "Settings_createdAt", "Settings"."updatedAt" AS "Settings_updatedAt" FROM "settings" "Settings" WHERE (("Settings"."key" = $1)) LIMIT 1 -- PARAMETERS: ["payment.liqpayPublicKey"]
query: SELECT "Settings"."id" AS "Settings_id", "Settings"."key" AS "Settings_key", "Settings"."value" AS "Settings_value", "Settings"."type" AS "Settings_type", "Settings"."category" AS "Settings_category", "Settings"."description" AS "Settings_description", "Settings"."createdAt" AS "Settings_createdAt", "Settings"."updatedAt" AS "Settings_updatedAt" FROM "settings" "Settings" WHERE (("Settings"."key" = $1)) LIMIT 1 -- PARAMETERS: ["payment.liqpayPrivateKey"]
query: SELECT "Settings"."id" AS "Settings_id", "Settings"."key" AS "Settings_key", "Settings"."value" AS "Settings_value", "Settings"."type" AS "Settings_type", "Settings"."category" AS "Settings_category", "Settings"."description" AS "Settings_description", "Settings"."createdAt" AS "Settings_createdAt", "Settings"."updatedAt" AS "Settings_updatedAt" FROM "settings" "Settings" WHERE (("Settings"."key" = $1)) LIMIT 1 -- PARAMETERS: ["payment.paypalEnabled"]
query: SELECT "Settings"."id" AS "Settings_id", "Settings"."key" AS "Settings_key", "Settings"."value" AS "Settings_value", "Settings"."type" AS "Settings_type", "Settings"."category" AS "Settings_category", "Settings"."description" AS "Settings_description", "Settings"."createdAt" AS "Settings_createdAt", "Settings"."updatedAt" AS "Settings_updatedAt" FROM "settings" "Settings" WHERE (("Settings"."key" = $1)) LIMIT 1 -- PARAMETERS: ["payment.paypalTestMode"]
query: SELECT "Settings"."id" AS "Settings_id", "Settings"."key" AS "Settings_key", "Settings"."value" AS "Settings_value", "Settings"."type" AS "Settings_type", "Settings"."category" AS "Settings_category", "Settings"."description" AS "Settings_description", "Settings"."createdAt" AS "Settings_createdAt", "Settings"."updatedAt" AS "Settings_updatedAt" FROM "settings" "Settings" WHERE (("Settings"."key" = $1)) LIMIT 1 -- PARAMETERS: ["payment.paypalClientId"]
query: SELECT "Settings"."id" AS "Settings_id", "Settings"."key" AS "Settings_key", "Settings"."value" AS "Settings_value", "Settings"."type" AS "Settings_type", "Settings"."category" AS "Settings_category", "Settings"."description" AS "Settings_description", "Settings"."createdAt" AS "Settings_createdAt", "Settings"."updatedAt" AS "Settings_updatedAt" FROM "settings" "Settings" WHERE (("Settings"."key" = $1)) LIMIT 1 -- PARAMETERS: ["payment.paypalClientSecret"]
query: SELECT "Settings"."id" AS "Settings_id", "Settings"."key" AS "Settings_key", "Settings"."value" AS "Settings_value", "Settings"."type" AS "Settings_type", "Settings"."category" AS "Settings_category", "Settings"."description" AS "Settings_description", "Settings"."createdAt" AS "Settings_createdAt", "Settings"."updatedAt" AS "Settings_updatedAt" FROM "settings" "Settings" WHERE (("Settings"."key" = $1)) LIMIT 1 -- PARAMETERS: ["payment.defaultPaymentMethod"]
[SettingsService] Default settings initialization complete. Created 0 new settings.
[31m[Nest] 42887  - [39m03/03/2026, 12:35:00 PM [31m  ERROR[39m [38;5;3m[AllExceptionsFilter] [39m[31mException caught by AllExceptionsFilter:[39m
[31m[Nest] 42887  - [39m03/03/2026, 12:35:00 PM [31m  ERROR[39m [38;5;3m[AllExceptionsFilter] [39m[31mObject:[39m
{
  "errorType": "HttpException",
  "status": 404,
  "message": {
    "message": "Cannot GET /api/health",
    "error": "Not Found",
    "statusCode": 404
  },
  "path": "/api/health",
  "method": "GET",
  "timestamp": "2026-03-03T10:35:00.786Z",
  "userAgent": "Mozilla/5.0 (Macintosh; Intel Mac OS X 10_15_7) AppleWebKit/537.36 (KHTML, like Gecko) Chrome/145.0.0.0 Safari/537.36",
  "ip": "::1"
}

[32m[Nest] 42887  - [39m03/03/2026, 12:35:00 PM [32m    LOG[39m [38;5;3m[LoggingInterceptor] [39m[32mIncoming Request: GET /api/products - User: anonymous - IP: ::1 - UA: Mozilla/5.0 (Macintosh; Intel Mac OS X 10_15_7) AppleWebKit/537.36 (KHTML, like Gecko) Chrome/145.0.0.0 Safari/537.36[39m
query: SELECT "Product"."id" AS "Product_id", "Product"."name" AS "Product_name", "Product"."category" AS "Product_category", "Product"."price" AS "Product_price", "Product"."stock" AS "Product_stock", "Product"."description" AS "Product_description", "Product"."imageUrl" AS "Product_imageUrl", "Product"."specifications" AS "Product_specifications", "Product"."discount" AS "Product_discount", "Product"."isSpecial" AS "Product_isSpecial", "Product"."rating" AS "Product_rating", "Product"."features" AS "Product_features", "Product"."images" AS "Product_images", "Product"."imageData" AS "Product_imageData", "Product"."createdAt" AS "Product_createdAt", "Product"."model3dUrl" AS "Product_model3dUrl", "Product"."updatedAt" AS "Product_updatedAt" FROM "products" "Product" ORDER BY "Product"."createdAt" DESC
[32m[Nest] 42887  - [39m03/03/2026, 12:35:00 PM [32m    LOG[39m [38;5;3m[LoggingInterceptor] [39m[32mResponse: GET /api/products - Status: 200 - Time: 69ms[39m
[32m[Nest] 42887  - [39m03/03/2026, 12:35:00 PM [32m    LOG[39m [38;5;3m[LoggingInterceptor] [39m[32mIncoming Request: GET /api/seo/settings - User: anonymous - IP: ::1 - UA: Mozilla/5.0 (Macintosh; Intel Mac OS X 10_15_7) AppleWebKit/537.36 (KHTML, like Gecko) Chrome/145.0.0.0 Safari/537.36[39m
[32m[Nest] 42887  - [39m03/03/2026, 12:35:00 PM [32m    LOG[39m [38;5;3m[LoggingInterceptor] [39m[32mResponse: GET /api/seo/settings - Status: 200 - Time: 1ms[39m
[32m[Nest] 42887  - [39m03/03/2026, 12:35:00 PM [32m    LOG[39m [38;5;3m[LoggingInterceptor] [39m[32mIncoming Request: GET /api/sections - User: anonymous - IP: ::1 - UA: Mozilla/5.0 (Macintosh; Intel Mac OS X 10_15_7) AppleWebKit/537.36 (KHTML, like Gecko) Chrome/145.0.0.0 Safari/537.36[39m
query: SELECT "Section"."id" AS "Section_id", "Section"."type" AS "Section_type", "Section"."title" AS "Section_title", "Section"."subtitle" AS "Section_subtitle", "Section"."content" AS "Section_content", "Section"."imageUrl" AS "Section_imageUrl", "Section"."order" AS "Section_order", "Section"."isActive" AS "Section_isActive", "Section"."settings" AS "Section_settings", "Section"."model3dUrl" AS "Section_model3dUrl", "Section"."show3d" AS "Section_show3d", "Section"."showImage" AS "Section_showImage", "Section"."createdAt" AS "Section_createdAt", "Section"."updatedAt" AS "Section_updatedAt" FROM "sections" "Section" WHERE (("Section"."isActive" = $1)) ORDER BY "Section"."order" ASC -- PARAMETERS: [true]
[32m[Nest] 42887  - [39m03/03/2026, 12:35:00 PM [32m    LOG[39m [38;5;3m[LoggingInterceptor] [39m[32mIncoming Request: GET /api/notifications - User: anonymous - IP: ::1 - UA: Mozilla/5.0 (Macintosh; Intel Mac OS X 10_15_7) AppleWebKit/537.36 (KHTML, like Gecko) Chrome/145.0.0.0 Safari/537.36[39m
query: SELECT "notification"."id" AS "notification_id", "notification"."type" AS "notification_type", "notification"."title" AS "notification_title", "notification"."message" AS "notification_message", "notification"."data" AS "notification_data", "notification"."status" AS "notification_status", "notification"."userId" AS "notification_userId", "notification"."createdAt" AS "notification_createdAt", "notification"."updatedAt" AS "notification_updatedAt" FROM "notifications" "notification" WHERE "notification"."userId" IS NULL ORDER BY "notification"."createdAt" DESC
[32m[Nest] 42887  - [39m03/03/2026, 12:35:00 PM [32m    LOG[39m [38;5;3m[LoggingInterceptor] [39m[32mIncoming Request: GET /api/notifications/unread/count - User: anonymous - IP: ::1 - UA: Mozilla/5.0 (Macintosh; Intel Mac OS X 10_15_7) AppleWebKit/537.36 (KHTML, like Gecko) Chrome/145.0.0.0 Safari/537.36[39m
[32m[Nest] 42887  - [39m03/03/2026, 12:35:00 PM [32m    LOG[39m [38;5;3m[LoggingInterceptor] [39m[32mResponse: GET /api/notifications/unread/count - Status: 200 - Time: 0ms[39m
query: SELECT COUNT(1) AS "cnt" FROM "notifications" "notification" WHERE "notification"."status" = $1 AND "notification"."userId" IS NULL -- PARAMETERS: ["unread"]
[32m[Nest] 42887  - [39m03/03/2026, 12:35:00 PM [32m    LOG[39m [38;5;3m[LoggingInterceptor] [39m[32mIncoming Request: GET /api/categories - User: anonymous - IP: ::1 - UA: Mozilla/5.0 (Macintosh; Intel Mac OS X 10_15_7) AppleWebKit/537.36 (KHTML, like Gecko) Chrome/145.0.0.0 Safari/537.36[39m
query: SELECT "Category"."id" AS "Category_id", "Category"."name" AS "Category_name", "Category"."slug" AS "Category_slug", "Category"."icon" AS "Category_icon", "Category"."description" AS "Category_description", "Category"."isActive" AS "Category_isActive", "Category"."createdAt" AS "Category_createdAt", "Category"."updatedAt" AS "Category_updatedAt" FROM "categories" "Category" ORDER BY "Category"."createdAt" DESC
[32m[Nest] 42887  - [39m03/03/2026, 12:35:00 PM [32m    LOG[39m [38;5;3m[LoggingInterceptor] [39m[32mResponse: GET /api/sections - Status: 200 - Time: 64ms[39m
[32m[Nest] 42887  - [39m03/03/2026, 12:35:00 PM [32m    LOG[39m [38;5;3m[LoggingInterceptor] [39m[32mIncoming Request: GET /api/sections - User: anonymous - IP: ::1 - UA: Mozilla/5.0 (Macintosh; Intel Mac OS X 10_15_7) AppleWebKit/537.36 (KHTML, like Gecko) Chrome/145.0.0.0 Safari/537.36[39m
query: SELECT "Section"."id" AS "Section_id", "Section"."type" AS "Section_type", "Section"."title" AS "Section_title", "Section"."subtitle" AS "Section_subtitle", "Section"."content" AS "Section_content", "Section"."imageUrl" AS "Section_imageUrl", "Section"."order" AS "Section_order", "Section"."isActive" AS "Section_isActive", "Section"."settings" AS "Section_settings", "Section"."model3dUrl" AS "Section_model3dUrl", "Section"."show3d" AS "Section_show3d", "Section"."showImage" AS "Section_showImage", "Section"."createdAt" AS "Section_createdAt", "Section"."updatedAt" AS "Section_updatedAt" FROM "sections" "Section" WHERE (("Section"."isActive" = $1)) ORDER BY "Section"."order" ASC -- PARAMETERS: [true]
[32m[Nest] 42887  - [39m03/03/2026, 12:35:00 PM [32m    LOG[39m [38;5;3m[LoggingInterceptor] [39m[32mResponse: GET /api/categories - Status: 200 - Time: 57ms[39m
[32m[Nest] 42887  - [39m03/03/2026, 12:35:00 PM [32m    LOG[39m [38;5;3m[LoggingInterceptor] [39m[32mResponse: GET /api/sections - Status: 200 - Time: 57ms[39m
[32m[Nest] 42887  - [39m03/03/2026, 12:35:01 PM [32m    LOG[39m [38;5;3m[LoggingInterceptor] [39m[32mResponse: GET /api/notifications - Status: 200 - Time: 177ms[39m
[32m[Nest] 42887  - [39m03/03/2026, 12:35:01 PM [32m    LOG[39m [38;5;3m[LoggingInterceptor] [39m[32mIncoming Request: GET /api/notifications - User: anonymous - IP: ::1 - UA: Mozilla/5.0 (Macintosh; Intel Mac OS X 10_15_7) AppleWebKit/537.36 (KHTML, like Gecko) Chrome/145.0.0.0 Safari/537.36[39m
query: SELECT "notification"."id" AS "notification_id", "notification"."type" AS "notification_type", "notification"."title" AS "notification_title", "notification"."message" AS "notification_message", "notification"."data" AS "notification_data", "notification"."status" AS "notification_status", "notification"."userId" AS "notification_userId", "notification"."createdAt" AS "notification_createdAt", "notification"."updatedAt" AS "notification_updatedAt" FROM "notifications" "notification" WHERE "notification"."userId" IS NULL ORDER BY "notification"."createdAt" DESC
[32m[Nest] 42887  - [39m03/03/2026, 12:35:01 PM [32m    LOG[39m [38;5;3m[LoggingInterceptor] [39m[32mResponse: GET /api/notifications - Status: 200 - Time: 121ms[39m
[32m[Nest] 42887  - [39m03/03/2026, 12:35:05 PM [32m    LOG[39m [38;5;3m[LoggingInterceptor] [39m[32mIncoming Request: GET /api/categories - User: anonymous - IP: ::1 - UA: curl/8.7.1[39m
query: SELECT "Category"."id" AS "Category_id", "Category"."name" AS "Category_name", "Category"."slug" AS "Category_slug", "Category"."icon" AS "Category_icon", "Category"."description" AS "Category_description", "Category"."isActive" AS "Category_isActive", "Category"."createdAt" AS "Category_createdAt", "Category"."updatedAt" AS "Category_updatedAt" FROM "categories" "Category" ORDER BY "Category"."createdAt" DESC
[32m[Nest] 42887  - [39m03/03/2026, 12:35:05 PM [32m    LOG[39m [38;5;3m[LoggingInterceptor] [39m[32mResponse: GET /api/categories - Status: 200 - Time: 55ms[39m
[31m[Nest] 42887  - [39m03/03/2026, 12:35:10 PM [31m  ERROR[39m [38;5;3m[AllExceptionsFilter] [39m[31mException caught by AllExceptionsFilter:[39m
[31m[Nest] 42887  - [39m03/03/2026, 12:35:10 PM [31m  ERROR[39m [38;5;3m[AllExceptionsFilter] [39m[31mObject:[39m
{
  "errorType": "HttpException",
  "status": 404,
  "message": {
    "message": "Cannot GET /api/health",
    "error": "Not Found",
    "statusCode": 404
  },
  "path": "/api/health",
  "method": "GET",
  "timestamp": "2026-03-03T10:35:10.849Z",
  "userAgent": "Mozilla/5.0 (Macintosh; Intel Mac OS X 10_15_7) AppleWebKit/537.36 (KHTML, like Gecko) Chrome/145.0.0.0 Safari/537.36",
  "ip": "::1"
}

[32m[Nest] 42887  - [39m03/03/2026, 12:35:10 PM [32m    LOG[39m [38;5;3m[LoggingInterceptor] [39m[32mIncoming Request: GET /api/products - User: anonymous - IP: ::1 - UA: Mozilla/5.0 (Macintosh; Intel Mac OS X 10_15_7) AppleWebKit/537.36 (KHTML, like Gecko) Chrome/145.0.0.0 Safari/537.36[39m
query: SELECT "Product"."id" AS "Product_id", "Product"."name" AS "Product_name", "Product"."category" AS "Product_category", "Product"."price" AS "Product_price", "Product"."stock" AS "Product_stock", "Product"."description" AS "Product_description", "Product"."imageUrl" AS "Product_imageUrl", "Product"."specifications" AS "Product_specifications", "Product"."discount" AS "Product_discount", "Product"."isSpecial" AS "Product_isSpecial", "Product"."rating" AS "Product_rating", "Product"."features" AS "Product_features", "Product"."images" AS "Product_images", "Product"."imageData" AS "Product_imageData", "Product"."createdAt" AS "Product_createdAt", "Product"."model3dUrl" AS "Product_model3dUrl", "Product"."updatedAt" AS "Product_updatedAt" FROM "products" "Product" ORDER BY "Product"."createdAt" DESC
[32m[Nest] 42887  - [39m03/03/2026, 12:35:10 PM [32m    LOG[39m [38;5;3m[LoggingInterceptor] [39m[32mResponse: GET /api/products - Status: 200 - Time: 58ms[39m
[32m[Nest] 42887  - [39m03/03/2026, 12:35:10 PM [32m    LOG[39m [38;5;3m[LoggingInterceptor] [39m[32mIncoming Request: GET /api/seo/settings - User: anonymous - IP: ::1 - UA: Mozilla/5.0 (Macintosh; Intel Mac OS X 10_15_7) AppleWebKit/537.36 (KHTML, like Gecko) Chrome/145.0.0.0 Safari/537.36[39m
[32m[Nest] 42887  - [39m03/03/2026, 12:35:10 PM [32m    LOG[39m [38;5;3m[LoggingInterceptor] [39m[32mResponse: GET /api/seo/settings - Status: 200 - Time: 0ms[39m
[32m[Nest] 42887  - [39m03/03/2026, 12:35:10 PM [32m    LOG[39m [38;5;3m[LoggingInterceptor] [39m[32mIncoming Request: GET /api/sections - User: anonymous - IP: ::1 - UA: Mozilla/5.0 (Macintosh; Intel Mac OS X 10_15_7) AppleWebKit/537.36 (KHTML, like Gecko) Chrome/145.0.0.0 Safari/537.36[39m
query: SELECT "Section"."id" AS "Section_id", "Section"."type" AS "Section_type", "Section"."title" AS "Section_title", "Section"."subtitle" AS "Section_subtitle", "Section"."content" AS "Section_content", "Section"."imageUrl" AS "Section_imageUrl", "Section"."order" AS "Section_order", "Section"."isActive" AS "Section_isActive", "Section"."settings" AS "Section_settings", "Section"."model3dUrl" AS "Section_model3dUrl", "Section"."show3d" AS "Section_show3d", "Section"."showImage" AS "Section_showImage", "Section"."createdAt" AS "Section_createdAt", "Section"."updatedAt" AS "Section_updatedAt" FROM "sections" "Section" WHERE (("Section"."isActive" = $1)) ORDER BY "Section"."order" ASC -- PARAMETERS: [true]
[32m[Nest] 42887  - [39m03/03/2026, 12:35:10 PM [32m    LOG[39m [38;5;3m[LoggingInterceptor] [39m[32mResponse: GET /api/sections - Status: 200 - Time: 57ms[39m
[32m[Nest] 42887  - [39m03/03/2026, 12:35:10 PM [32m    LOG[39m [38;5;3m[LoggingInterceptor] [39m[32mIncoming Request: GET /api/sections - User: anonymous - IP: ::1 - UA: Mozilla/5.0 (Macintosh; Intel Mac OS X 10_15_7) AppleWebKit/537.36 (KHTML, like Gecko) Chrome/145.0.0.0 Safari/537.36[39m
query: SELECT "Section"."id" AS "Section_id", "Section"."type" AS "Section_type", "Section"."title" AS "Section_title", "Section"."subtitle" AS "Section_subtitle", "Section"."content" AS "Section_content", "Section"."imageUrl" AS "Section_imageUrl", "Section"."order" AS "Section_order", "Section"."isActive" AS "Section_isActive", "Section"."settings" AS "Section_settings", "Section"."model3dUrl" AS "Section_model3dUrl", "Section"."show3d" AS "Section_show3d", "Section"."showImage" AS "Section_showImage", "Section"."createdAt" AS "Section_createdAt", "Section"."updatedAt" AS "Section_updatedAt" FROM "sections" "Section" WHERE (("Section"."isActive" = $1)) ORDER BY "Section"."order" ASC -- PARAMETERS: [true]
[32m[Nest] 42887  - [39m03/03/2026, 12:35:11 PM [32m    LOG[39m [38;5;3m[LoggingInterceptor] [39m[32mResponse: GET /api/sections - Status: 200 - Time: 54ms[39m
[32m[Nest] 42887  - [39m03/03/2026, 12:35:11 PM [32m    LOG[39m [38;5;3m[LoggingInterceptor] [39m[32mIncoming Request: GET /api/sections - User: anonymous - IP: ::1 - UA: Mozilla/5.0 (Macintosh; Intel Mac OS X 10_15_7) AppleWebKit/537.36 (KHTML, like Gecko) Chrome/145.0.0.0 Safari/537.36[39m
query: SELECT "Section"."id" AS "Section_id", "Section"."type" AS "Section_type", "Section"."title" AS "Section_title", "Section"."subtitle" AS "Section_subtitle", "Section"."content" AS "Section_content", "Section"."imageUrl" AS "Section_imageUrl", "Section"."order" AS "Section_order", "Section"."isActive" AS "Section_isActive", "Section"."settings" AS "Section_settings", "Section"."model3dUrl" AS "Section_model3dUrl", "Section"."show3d" AS "Section_show3d", "Section"."showImage" AS "Section_showImage", "Section"."createdAt" AS "Section_createdAt", "Section"."updatedAt" AS "Section_updatedAt" FROM "sections" "Section" WHERE (("Section"."isActive" = $1)) ORDER BY "Section"."order" ASC -- PARAMETERS: [true]
[32m[Nest] 42887  - [39m03/03/2026, 12:35:11 PM [32m    LOG[39m [38;5;3m[LoggingInterceptor] [39m[32mResponse: GET /api/sections - Status: 200 - Time: 54ms[39m
[32m[Nest] 42887  - [39m03/03/2026, 12:35:15 PM [32m    LOG[39m [38;5;3m[LoggingInterceptor] [39m[32mIncoming Request: GET /api/notifications - User: anonymous - IP: ::1 - UA: Mozilla/5.0 (Macintosh; Intel Mac OS X 10_15_7) AppleWebKit/537.36 (KHTML, like Gecko) Chrome/145.0.0.0 Safari/537.36[39m
query: SELECT "notification"."id" AS "notification_id", "notification"."type" AS "notification_type", "notification"."title" AS "notification_title", "notification"."message" AS "notification_message", "notification"."data" AS "notification_data", "notification"."status" AS "notification_status", "notification"."userId" AS "notification_userId", "notification"."createdAt" AS "notification_createdAt", "notification"."updatedAt" AS "notification_updatedAt" FROM "notifications" "notification" WHERE "notification"."userId" IS NULL ORDER BY "notification"."createdAt" DESC
[32m[Nest] 42887  - [39m03/03/2026, 12:35:15 PM [32m    LOG[39m [38;5;3m[LoggingInterceptor] [39m[32mResponse: GET /api/notifications - Status: 200 - Time: 176ms[39m
Memory usage: {
  rss: '180.84 MB',
  heapTotal: '118.13 MB',
  heapUsed: '70.09 MB',
  external: '4.39 MB'
}
[32m[Nest] 42887  - [39m03/03/2026, 12:36:15 PM [32m    LOG[39m [38;5;3m[LoggingInterceptor] [39m[32mIncoming Request: GET /api/notifications - User: anonymous - IP: ::1 - UA: Mozilla/5.0 (Macintosh; Intel Mac OS X 10_15_7) AppleWebKit/537.36 (KHTML, like Gecko) Chrome/145.0.0.0 Safari/537.36[39m
query: SELECT "notification"."id" AS "notification_id", "notification"."type" AS "notification_type", "notification"."title" AS "notification_title", "notification"."message" AS "notification_message", "notification"."data" AS "notification_data", "notification"."status" AS "notification_status", "notification"."userId" AS "notification_userId", "notification"."createdAt" AS "notification_createdAt", "notification"."updatedAt" AS "notification_updatedAt" FROM "notifications" "notification" WHERE "notification"."userId" IS NULL ORDER BY "notification"."createdAt" DESC
[32m[Nest] 42887  - [39m03/03/2026, 12:36:15 PM [32m    LOG[39m [38;5;3m[LoggingInterceptor] [39m[32mResponse: GET /api/notifications - Status: 200 - Time: 472ms[39m
Memory usage: {
  rss: '128.44 MB',
  heapTotal: '53.77 MB',
  heapUsed: '48.27 MB',
  external: '3.49 MB'
}
[32m[Nest] 42887  - [39m03/03/2026, 12:37:15 PM [32m    LOG[39m [38;5;3m[LoggingInterceptor] [39m[32mIncoming Request: GET /api/notifications - User: anonymous - IP: ::1 - UA: Mozilla/5.0 (Macintosh; Intel Mac OS X 10_15_7) AppleWebKit/537.36 (KHTML, like Gecko) Chrome/145.0.0.0 Safari/537.36[39m
query: SELECT "notification"."id" AS "notification_id", "notification"."type" AS "notification_type", "notification"."title" AS "notification_title", "notification"."message" AS "notification_message", "notification"."data" AS "notification_data", "notification"."status" AS "notification_status", "notification"."userId" AS "notification_userId", "notification"."createdAt" AS "notification_createdAt", "notification"."updatedAt" AS "notification_updatedAt" FROM "notifications" "notification" WHERE "notification"."userId" IS NULL ORDER BY "notification"."createdAt" DESC
[32m[Nest] 42887  - [39m03/03/2026, 12:37:15 PM [32m    LOG[39m [38;5;3m[LoggingInterceptor] [39m[32mResponse: GET /api/notifications - Status: 200 - Time: 421ms[39m
Memory usage: {
  rss: '130.16 MB',
  heapTotal: '54.97 MB',
  heapUsed: '49.02 MB',
  external: '3.64 MB'
}
[32m[Nest] 42887  - [39m03/03/2026, 12:38:15 PM [32m    LOG[39m [38;5;3m[LoggingInterceptor] [39m[32mIncoming Request: GET /api/notifications - User: anonymous - IP: ::1 - UA: Mozilla/5.0 (Macintosh; Intel Mac OS X 10_15_7) AppleWebKit/537.36 (KHTML, like Gecko) Chrome/145.0.0.0 Safari/537.36[39m
query: SELECT "notification"."id" AS "notification_id", "notification"."type" AS "notification_type", "notification"."title" AS "notification_title", "notification"."message" AS "notification_message", "notification"."data" AS "notification_data", "notification"."status" AS "notification_status", "notification"."userId" AS "notification_userId", "notification"."createdAt" AS "notification_createdAt", "notification"."updatedAt" AS "notification_updatedAt" FROM "notifications" "notification" WHERE "notification"."userId" IS NULL ORDER BY "notification"."createdAt" DESC
[32m[Nest] 42887  - [39m03/03/2026, 12:38:15 PM [32m    LOG[39m [38;5;3m[LoggingInterceptor] [39m[32mResponse: GET /api/notifications - Status: 200 - Time: 492ms[39m
Memory usage: {
  rss: '126.80 MB',
  heapTotal: '51.52 MB',
  heapUsed: '48.12 MB',
  external: '3.54 MB'
}
[32m[Nest] 42887  - [39m03/03/2026, 12:39:15 PM [32m    LOG[39m [38;5;3m[LoggingInterceptor] [39m[32mIncoming Request: GET /api/notifications - User: anonymous - IP: ::1 - UA: Mozilla/5.0 (Macintosh; Intel Mac OS X 10_15_7) AppleWebKit/537.36 (KHTML, like Gecko) Chrome/145.0.0.0 Safari/537.36[39m
query: SELECT "notification"."id" AS "notification_id", "notification"."type" AS "notification_type", "notification"."title" AS "notification_title", "notification"."message" AS "notification_message", "notification"."data" AS "notification_data", "notification"."status" AS "notification_status", "notification"."userId" AS "notification_userId", "notification"."createdAt" AS "notification_createdAt", "notification"."updatedAt" AS "notification_updatedAt" FROM "notifications" "notification" WHERE "notification"."userId" IS NULL ORDER BY "notification"."createdAt" DESC
[32m[Nest] 42887  - [39m03/03/2026, 12:39:15 PM [32m    LOG[39m [38;5;3m[LoggingInterceptor] [39m[32mResponse: GET /api/notifications - Status: 200 - Time: 414ms[39m
Memory usage: {
  rss: '128.19 MB',
  heapTotal: '52.72 MB',
  heapUsed: '48.84 MB',
  external: '3.68 MB'
}
[32m[Nest] 42887  - [39m03/03/2026, 12:40:15 PM [32m    LOG[39m [38;5;3m[LoggingInterceptor] [39m[32mIncoming Request: GET /api/notifications - User: anonymous - IP: ::1 - UA: Mozilla/5.0 (Macintosh; Intel Mac OS X 10_15_7) AppleWebKit/537.36 (KHTML, like Gecko) Chrome/145.0.0.0 Safari/537.36[39m
query: SELECT "notification"."id" AS "notification_id", "notification"."type" AS "notification_type", "notification"."title" AS "notification_title", "notification"."message" AS "notification_message", "notification"."data" AS "notification_data", "notification"."status" AS "notification_status", "notification"."userId" AS "notification_userId", "notification"."createdAt" AS "notification_createdAt", "notification"."updatedAt" AS "notification_updatedAt" FROM "notifications" "notification" WHERE "notification"."userId" IS NULL ORDER BY "notification"."createdAt" DESC
[32m[Nest] 42887  - [39m03/03/2026, 12:40:16 PM [32m    LOG[39m [38;5;3m[LoggingInterceptor] [39m[32mResponse: GET /api/notifications - Status: 200 - Time: 530ms[39m
Memory usage: {
  rss: '128.80 MB',
  heapTotal: '54.72 MB',
  heapUsed: '49.96 MB',
  external: '3.71 MB'
}
[32m[Nest] 42887  - [39m03/03/2026, 12:41:15 PM [32m    LOG[39m [38;5;3m[LoggingInterceptor] [39m[32mIncoming Request: GET /api/notifications - User: anonymous - IP: ::1 - UA: Mozilla/5.0 (Macintosh; Intel Mac OS X 10_15_7) AppleWebKit/537.36 (KHTML, like Gecko) Chrome/145.0.0.0 Safari/537.36[39m
query: SELECT "notification"."id" AS "notification_id", "notification"."type" AS "notification_type", "notification"."title" AS "notification_title", "notification"."message" AS "notification_message", "notification"."data" AS "notification_data", "notification"."status" AS "notification_status", "notification"."userId" AS "notification_userId", "notification"."createdAt" AS "notification_createdAt", "notification"."updatedAt" AS "notification_updatedAt" FROM "notifications" "notification" WHERE "notification"."userId" IS NULL ORDER BY "notification"."createdAt" DESC
[32m[Nest] 42887  - [39m03/03/2026, 12:41:15 PM [32m    LOG[39m [38;5;3m[LoggingInterceptor] [39m[32mResponse: GET /api/notifications - Status: 200 - Time: 413ms[39m
Memory usage: {
  rss: '129.77 MB',
  heapTotal: '53.22 MB',
  heapUsed: '49.40 MB',
  external: '3.80 MB'
}
[32m[Nest] 42887  - [39m03/03/2026, 12:42:15 PM [32m    LOG[39m [38;5;3m[LoggingInterceptor] [39m[32mIncoming Request: GET /api/notifications - User: anonymous - IP: ::1 - UA: Mozilla/5.0 (Macintosh; Intel Mac OS X 10_15_7) AppleWebKit/537.36 (KHTML, like Gecko) Chrome/145.0.0.0 Safari/537.36[39m
query: SELECT "notification"."id" AS "notification_id", "notification"."type" AS "notification_type", "notification"."title" AS "notification_title", "notification"."message" AS "notification_message", "notification"."data" AS "notification_data", "notification"."status" AS "notification_status", "notification"."userId" AS "notification_userId", "notification"."createdAt" AS "notification_createdAt", "notification"."updatedAt" AS "notification_updatedAt" FROM "notifications" "notification" WHERE "notification"."userId" IS NULL ORDER BY "notification"."createdAt" DESC
[32m[Nest] 42887  - [39m03/03/2026, 12:42:15 PM [32m    LOG[39m [38;5;3m[LoggingInterceptor] [39m[32mResponse: GET /api/notifications - Status: 200 - Time: 486ms[39m
Memory usage: {
  rss: '130.17 MB',
  heapTotal: '55.22 MB',
  heapUsed: '50.51 MB',
  external: '3.89 MB'
}
[32m[Nest] 42887  - [39m03/03/2026, 12:43:15 PM [32m    LOG[39m [38;5;3m[LoggingInterceptor] [39m[32mIncoming Request: GET /api/notifications - User: anonymous - IP: ::1 - UA: Mozilla/5.0 (Macintosh; Intel Mac OS X 10_15_7) AppleWebKit/537.36 (KHTML, like Gecko) Chrome/145.0.0.0 Safari/537.36[39m
query: SELECT "notification"."id" AS "notification_id", "notification"."type" AS "notification_type", "notification"."title" AS "notification_title", "notification"."message" AS "notification_message", "notification"."data" AS "notification_data", "notification"."status" AS "notification_status", "notification"."userId" AS "notification_userId", "notification"."createdAt" AS "notification_createdAt", "notification"."updatedAt" AS "notification_updatedAt" FROM "notifications" "notification" WHERE "notification"."userId" IS NULL ORDER BY "notification"."createdAt" DESC
[32m[Nest] 42887  - [39m03/03/2026, 12:43:15 PM [32m    LOG[39m [38;5;3m[LoggingInterceptor] [39m[32mResponse: GET /api/notifications - Status: 200 - Time: 401ms[39m
Memory usage: {
  rss: '130.67 MB',
  heapTotal: '53.72 MB',
  heapUsed: '50.18 MB',
  external: '3.89 MB'
}
[32m[Nest] 42887  - [39m03/03/2026, 12:44:15 PM [32m    LOG[39m [38;5;3m[LoggingInterceptor] [39m[32mIncoming Request: GET /api/notifications - User: anonymous - IP: ::1 - UA: Mozilla/5.0 (Macintosh; Intel Mac OS X 10_15_7) AppleWebKit/537.36 (KHTML, like Gecko) Chrome/145.0.0.0 Safari/537.36[39m
query: SELECT "notification"."id" AS "notification_id", "notification"."type" AS "notification_type", "notification"."title" AS "notification_title", "notification"."message" AS "notification_message", "notification"."data" AS "notification_data", "notification"."status" AS "notification_status", "notification"."userId" AS "notification_userId", "notification"."createdAt" AS "notification_createdAt", "notification"."updatedAt" AS "notification_updatedAt" FROM "notifications" "notification" WHERE "notification"."userId" IS NULL ORDER BY "notification"."createdAt" DESC
[32m[Nest] 42887  - [39m03/03/2026, 12:44:15 PM [32m    LOG[39m [38;5;3m[LoggingInterceptor] [39m[32mResponse: GET /api/notifications - Status: 200 - Time: 484ms[39m
Memory usage: {
  rss: '128.31 MB',
  heapTotal: '55.72 MB',
  heapUsed: '51.27 MB',
  external: '3.97 MB'
}
[32m[Nest] 42887  - [39m03/03/2026, 12:45:15 PM [32m    LOG[39m [38;5;3m[LoggingInterceptor] [39m[32mIncoming Request: GET /api/notifications - User: anonymous - IP: ::1 - UA: Mozilla/5.0 (Macintosh; Intel Mac OS X 10_15_7) AppleWebKit/537.36 (KHTML, like Gecko) Chrome/145.0.0.0 Safari/537.36[39m
query: SELECT "notification"."id" AS "notification_id", "notification"."type" AS "notification_type", "notification"."title" AS "notification_title", "notification"."message" AS "notification_message", "notification"."data" AS "notification_data", "notification"."status" AS "notification_status", "notification"."userId" AS "notification_userId", "notification"."createdAt" AS "notification_createdAt", "notification"."updatedAt" AS "notification_updatedAt" FROM "notifications" "notification" WHERE "notification"."userId" IS NULL ORDER BY "notification"."createdAt" DESC
[32m[Nest] 42887  - [39m03/03/2026, 12:45:15 PM [32m    LOG[39m [38;5;3m[LoggingInterceptor] [39m[32mResponse: GET /api/notifications - Status: 200 - Time: 425ms[39m
Memory usage: {
  rss: '127.80 MB',
  heapTotal: '53.97 MB',
  heapUsed: '50.93 MB',
  external: '3.98 MB'
}
[32m[Nest] 42887  - [39m03/03/2026, 12:46:15 PM [32m    LOG[39m [38;5;3m[LoggingInterceptor] [39m[32mIncoming Request: GET /api/notifications - User: anonymous - IP: ::1 - UA: Mozilla/5.0 (Macintosh; Intel Mac OS X 10_15_7) AppleWebKit/537.36 (KHTML, like Gecko) Chrome/145.0.0.0 Safari/537.36[39m
query: SELECT "notification"."id" AS "notification_id", "notification"."type" AS "notification_type", "notification"."title" AS "notification_title", "notification"."message" AS "notification_message", "notification"."data" AS "notification_data", "notification"."status" AS "notification_status", "notification"."userId" AS "notification_userId", "notification"."createdAt" AS "notification_createdAt", "notification"."updatedAt" AS "notification_updatedAt" FROM "notifications" "notification" WHERE "notification"."userId" IS NULL ORDER BY "notification"."createdAt" DESC
[32m[Nest] 42887  - [39m03/03/2026, 12:46:15 PM [32m    LOG[39m [38;5;3m[LoggingInterceptor] [39m[32mResponse: GET /api/notifications - Status: 200 - Time: 490ms[39m
Memory usage: {
  rss: '129.06 MB',
  heapTotal: '56.22 MB',
  heapUsed: '52.00 MB',
  external: '4.02 MB'
}
[32m[Nest] 42887  - [39m03/03/2026, 12:47:15 PM [32m    LOG[39m [38;5;3m[LoggingInterceptor] [39m[32mIncoming Request: GET /api/notifications - User: anonymous - IP: ::1 - UA: Mozilla/5.0 (Macintosh; Intel Mac OS X 10_15_7) AppleWebKit/537.36 (KHTML, like Gecko) Chrome/145.0.0.0 Safari/537.36[39m
query: SELECT "notification"."id" AS "notification_id", "notification"."type" AS "notification_type", "notification"."title" AS "notification_title", "notification"."message" AS "notification_message", "notification"."data" AS "notification_data", "notification"."status" AS "notification_status", "notification"."userId" AS "notification_userId", "notification"."createdAt" AS "notification_createdAt", "notification"."updatedAt" AS "notification_updatedAt" FROM "notifications" "notification" WHERE "notification"."userId" IS NULL ORDER BY "notification"."createdAt" DESC
[32m[Nest] 42887  - [39m03/03/2026, 12:47:15 PM [32m    LOG[39m [38;5;3m[LoggingInterceptor] [39m[32mResponse: GET /api/notifications - Status: 200 - Time: 414ms[39m
[32m[Nest] 42887  - [39m03/03/2026, 12:47:24 PM [32m    LOG[39m [38;5;3m[LoggingInterceptor] [39m[32mIncoming Request: GET /api/notifications - User: anonymous - IP: ::1 - UA: Mozilla/5.0 (Macintosh; Intel Mac OS X 10_15_7) AppleWebKit/537.36 (KHTML, like Gecko) Chrome/145.0.0.0 Safari/537.36[39m
query: SELECT "notification"."id" AS "notification_id", "notification"."type" AS "notification_type", "notification"."title" AS "notification_title", "notification"."message" AS "notification_message", "notification"."data" AS "notification_data", "notification"."status" AS "notification_status", "notification"."userId" AS "notification_userId", "notification"."createdAt" AS "notification_createdAt", "notification"."updatedAt" AS "notification_updatedAt" FROM "notifications" "notification" WHERE "notification"."userId" IS NULL ORDER BY "notification"."createdAt" DESC
[32m[Nest] 42887  - [39m03/03/2026, 12:47:24 PM [32m    LOG[39m [38;5;3m[LoggingInterceptor] [39m[32mResponse: GET /api/notifications - Status: 200 - Time: 200ms[39m
[32m[Nest] 42887  - [39m03/03/2026, 12:47:34 PM [32m    LOG[39m [38;5;3m[LoggingInterceptor] [39m[32mIncoming Request: GET /api/notifications - User: anonymous - IP: ::1 - UA: Mozilla/5.0 (Macintosh; Intel Mac OS X 10_15_7) AppleWebKit/537.36 (KHTML, like Gecko) Chrome/145.0.0.0 Safari/537.36[39m
query: SELECT "notification"."id" AS "notification_id", "notification"."type" AS "notification_type", "notification"."title" AS "notification_title", "notification"."message" AS "notification_message", "notification"."data" AS "notification_data", "notification"."status" AS "notification_status", "notification"."userId" AS "notification_userId", "notification"."createdAt" AS "notification_createdAt", "notification"."updatedAt" AS "notification_updatedAt" FROM "notifications" "notification" WHERE "notification"."userId" IS NULL ORDER BY "notification"."createdAt" DESC
[32m[Nest] 42887  - [39m03/03/2026, 12:47:34 PM [32m    LOG[39m [38;5;3m[LoggingInterceptor] [39m[32mResponse: GET /api/notifications - Status: 200 - Time: 182ms[39m
[32m[Nest] 42887  - [39m03/03/2026, 12:47:44 PM [32m    LOG[39m [38;5;3m[LoggingInterceptor] [39m[32mIncoming Request: GET /api/notifications - User: anonymous - IP: ::1 - UA: Mozilla/5.0 (Macintosh; Intel Mac OS X 10_15_7) AppleWebKit/537.36 (KHTML, like Gecko) Chrome/145.0.0.0 Safari/537.36[39m
query: SELECT "notification"."id" AS "notification_id", "notification"."type" AS "notification_type", "notification"."title" AS "notification_title", "notification"."message" AS "notification_message", "notification"."data" AS "notification_data", "notification"."status" AS "notification_status", "notification"."userId" AS "notification_userId", "notification"."createdAt" AS "notification_createdAt", "notification"."updatedAt" AS "notification_updatedAt" FROM "notifications" "notification" WHERE "notification"."userId" IS NULL ORDER BY "notification"."createdAt" DESC
[32m[Nest] 42887  - [39m03/03/2026, 12:47:44 PM [32m    LOG[39m [38;5;3m[LoggingInterceptor] [39m[32mResponse: GET /api/notifications - Status: 200 - Time: 255ms[39m
[32m[Nest] 42887  - [39m03/03/2026, 12:47:54 PM [32m    LOG[39m [38;5;3m[LoggingInterceptor] [39m[32mIncoming Request: GET /api/notifications - User: anonymous - IP: ::1 - UA: Mozilla/5.0 (Macintosh; Intel Mac OS X 10_15_7) AppleWebKit/537.36 (KHTML, like Gecko) Chrome/145.0.0.0 Safari/537.36[39m
query: SELECT "notification"."id" AS "notification_id", "notification"."type" AS "notification_type", "notification"."title" AS "notification_title", "notification"."message" AS "notification_message", "notification"."data" AS "notification_data", "notification"."status" AS "notification_status", "notification"."userId" AS "notification_userId", "notification"."createdAt" AS "notification_createdAt", "notification"."updatedAt" AS "notification_updatedAt" FROM "notifications" "notification" WHERE "notification"."userId" IS NULL ORDER BY "notification"."createdAt" DESC
[32m[Nest] 42887  - [39m03/03/2026, 12:47:54 PM [32m    LOG[39m [38;5;3m[LoggingInterceptor] [39m[32mResponse: GET /api/notifications - Status: 200 - Time: 184ms[39m
Memory usage: {
  rss: '130.47 MB',
  heapTotal: '57.72 MB',
  heapUsed: '52.38 MB',
  external: '4.29 MB'
}
[32m[Nest] 42887  - [39m03/03/2026, 12:48:04 PM [32m    LOG[39m [38;5;3m[LoggingInterceptor] [39m[32mIncoming Request: GET /api/notifications - User: anonymous - IP: ::1 - UA: Mozilla/5.0 (Macintosh; Intel Mac OS X 10_15_7) AppleWebKit/537.36 (KHTML, like Gecko) Chrome/145.0.0.0 Safari/537.36[39m
query: SELECT "notification"."id" AS "notification_id", "notification"."type" AS "notification_type", "notification"."title" AS "notification_title", "notification"."message" AS "notification_message", "notification"."data" AS "notification_data", "notification"."status" AS "notification_status", "notification"."userId" AS "notification_userId", "notification"."createdAt" AS "notification_createdAt", "notification"."updatedAt" AS "notification_updatedAt" FROM "notifications" "notification" WHERE "notification"."userId" IS NULL ORDER BY "notification"."createdAt" DESC
[32m[Nest] 42887  - [39m03/03/2026, 12:48:04 PM [32m    LOG[39m [38;5;3m[LoggingInterceptor] [39m[32mResponse: GET /api/notifications - Status: 200 - Time: 186ms[39m
[32m[Nest] 42887  - [39m03/03/2026, 12:48:14 PM [32m    LOG[39m [38;5;3m[LoggingInterceptor] [39m[32mIncoming Request: GET /api/notifications - User: anonymous - IP: ::1 - UA: Mozilla/5.0 (Macintosh; Intel Mac OS X 10_15_7) AppleWebKit/537.36 (KHTML, like Gecko) Chrome/145.0.0.0 Safari/537.36[39m
query: SELECT "notification"."id" AS "notification_id", "notification"."type" AS "notification_type", "notification"."title" AS "notification_title", "notification"."message" AS "notification_message", "notification"."data" AS "notification_data", "notification"."status" AS "notification_status", "notification"."userId" AS "notification_userId", "notification"."createdAt" AS "notification_createdAt", "notification"."updatedAt" AS "notification_updatedAt" FROM "notifications" "notification" WHERE "notification"."userId" IS NULL ORDER BY "notification"."createdAt" DESC
[32m[Nest] 42887  - [39m03/03/2026, 12:48:14 PM [32m    LOG[39m [38;5;3m[LoggingInterceptor] [39m[32mResponse: GET /api/notifications - Status: 200 - Time: 181ms[39m
[32m[Nest] 42887  - [39m03/03/2026, 12:48:24 PM [32m    LOG[39m [38;5;3m[LoggingInterceptor] [39m[32mIncoming Request: GET /api/notifications - User: anonymous - IP: ::1 - UA: Mozilla/5.0 (Macintosh; Intel Mac OS X 10_15_7) AppleWebKit/537.36 (KHTML, like Gecko) Chrome/145.0.0.0 Safari/537.36[39m
query: SELECT "notification"."id" AS "notification_id", "notification"."type" AS "notification_type", "notification"."title" AS "notification_title", "notification"."message" AS "notification_message", "notification"."data" AS "notification_data", "notification"."status" AS "notification_status", "notification"."userId" AS "notification_userId", "notification"."createdAt" AS "notification_createdAt", "notification"."updatedAt" AS "notification_updatedAt" FROM "notifications" "notification" WHERE "notification"."userId" IS NULL ORDER BY "notification"."createdAt" DESC
[32m[Nest] 42887  - [39m03/03/2026, 12:48:24 PM [32m    LOG[39m [38;5;3m[LoggingInterceptor] [39m[32mResponse: GET /api/notifications - Status: 200 - Time: 192ms[39m
[32m[Nest] 42887  - [39m03/03/2026, 12:48:34 PM [32m    LOG[39m [38;5;3m[LoggingInterceptor] [39m[32mIncoming Request: GET /api/notifications - User: anonymous - IP: ::1 - UA: Mozilla/5.0 (Macintosh; Intel Mac OS X 10_15_7) AppleWebKit/537.36 (KHTML, like Gecko) Chrome/145.0.0.0 Safari/537.36[39m
query: SELECT "notification"."id" AS "notification_id", "notification"."type" AS "notification_type", "notification"."title" AS "notification_title", "notification"."message" AS "notification_message", "notification"."data" AS "notification_data", "notification"."status" AS "notification_status", "notification"."userId" AS "notification_userId", "notification"."createdAt" AS "notification_createdAt", "notification"."updatedAt" AS "notification_updatedAt" FROM "notifications" "notification" WHERE "notification"."userId" IS NULL ORDER BY "notification"."createdAt" DESC
[32m[Nest] 42887  - [39m03/03/2026, 12:48:34 PM [32m    LOG[39m [38;5;3m[LoggingInterceptor] [39m[32mResponse: GET /api/notifications - Status: 200 - Time: 179ms[39m
[32m[Nest] 42887  - [39m03/03/2026, 12:48:44 PM [32m    LOG[39m [38;5;3m[LoggingInterceptor] [39m[32mIncoming Request: GET /api/notifications - User: anonymous - IP: ::1 - UA: Mozilla/5.0 (Macintosh; Intel Mac OS X 10_15_7) AppleWebKit/537.36 (KHTML, like Gecko) Chrome/145.0.0.0 Safari/537.36[39m
query: SELECT "notification"."id" AS "notification_id", "notification"."type" AS "notification_type", "notification"."title" AS "notification_title", "notification"."message" AS "notification_message", "notification"."data" AS "notification_data", "notification"."status" AS "notification_status", "notification"."userId" AS "notification_userId", "notification"."createdAt" AS "notification_createdAt", "notification"."updatedAt" AS "notification_updatedAt" FROM "notifications" "notification" WHERE "notification"."userId" IS NULL ORDER BY "notification"."createdAt" DESC
[32m[Nest] 42887  - [39m03/03/2026, 12:48:44 PM [32m    LOG[39m [38;5;3m[LoggingInterceptor] [39m[32mResponse: GET /api/notifications - Status: 200 - Time: 177ms[39m
[32m[Nest] 42887  - [39m03/03/2026, 12:48:54 PM [32m    LOG[39m [38;5;3m[LoggingInterceptor] [39m[32mIncoming Request: GET /api/notifications - User: anonymous - IP: ::1 - UA: Mozilla/5.0 (Macintosh; Intel Mac OS X 10_15_7) AppleWebKit/537.36 (KHTML, like Gecko) Chrome/145.0.0.0 Safari/537.36[39m
query: SELECT "notification"."id" AS "notification_id", "notification"."type" AS "notification_type", "notification"."title" AS "notification_title", "notification"."message" AS "notification_message", "notification"."data" AS "notification_data", "notification"."status" AS "notification_status", "notification"."userId" AS "notification_userId", "notification"."createdAt" AS "notification_createdAt", "notification"."updatedAt" AS "notification_updatedAt" FROM "notifications" "notification" WHERE "notification"."userId" IS NULL ORDER BY "notification"."createdAt" DESC
[32m[Nest] 42887  - [39m03/03/2026, 12:48:54 PM [32m    LOG[39m [38;5;3m[LoggingInterceptor] [39m[32mResponse: GET /api/notifications - Status: 200 - Time: 189ms[39m
Memory usage: {
  rss: '134.36 MB',
  heapTotal: '59.27 MB',
  heapUsed: '53.69 MB',
  external: '4.56 MB'
}
[32m[Nest] 42887  - [39m03/03/2026, 12:49:04 PM [32m    LOG[39m [38;5;3m[LoggingInterceptor] [39m[32mIncoming Request: GET /api/notifications - User: anonymous - IP: ::1 - UA: Mozilla/5.0 (Macintosh; Intel Mac OS X 10_15_7) AppleWebKit/537.36 (KHTML, like Gecko) Chrome/145.0.0.0 Safari/537.36[39m
query: SELECT "notification"."id" AS "notification_id", "notification"."type" AS "notification_type", "notification"."title" AS "notification_title", "notification"."message" AS "notification_message", "notification"."data" AS "notification_data", "notification"."status" AS "notification_status", "notification"."userId" AS "notification_userId", "notification"."createdAt" AS "notification_createdAt", "notification"."updatedAt" AS "notification_updatedAt" FROM "notifications" "notification" WHERE "notification"."userId" IS NULL ORDER BY "notification"."createdAt" DESC
[32m[Nest] 42887  - [39m03/03/2026, 12:49:04 PM [32m    LOG[39m [38;5;3m[LoggingInterceptor] [39m[32mResponse: GET /api/notifications - Status: 200 - Time: 189ms[39m
[32m[Nest] 42887  - [39m03/03/2026, 12:49:14 PM [32m    LOG[39m [38;5;3m[LoggingInterceptor] [39m[32mIncoming Request: GET /api/notifications - User: anonymous - IP: ::1 - UA: Mozilla/5.0 (Macintosh; Intel Mac OS X 10_15_7) AppleWebKit/537.36 (KHTML, like Gecko) Chrome/145.0.0.0 Safari/537.36[39m
query: SELECT "notification"."id" AS "notification_id", "notification"."type" AS "notification_type", "notification"."title" AS "notification_title", "notification"."message" AS "notification_message", "notification"."data" AS "notification_data", "notification"."status" AS "notification_status", "notification"."userId" AS "notification_userId", "notification"."createdAt" AS "notification_createdAt", "notification"."updatedAt" AS "notification_updatedAt" FROM "notifications" "notification" WHERE "notification"."userId" IS NULL ORDER BY "notification"."createdAt" DESC
[32m[Nest] 42887  - [39m03/03/2026, 12:49:14 PM [32m    LOG[39m [38;5;3m[LoggingInterceptor] [39m[32mResponse: GET /api/notifications - Status: 200 - Time: 173ms[39m
[32m[Nest] 42887  - [39m03/03/2026, 12:49:24 PM [32m    LOG[39m [38;5;3m[LoggingInterceptor] [39m[32mIncoming Request: GET /api/notifications - User: anonymous - IP: ::1 - UA: Mozilla/5.0 (Macintosh; Intel Mac OS X 10_15_7) AppleWebKit/537.36 (KHTML, like Gecko) Chrome/145.0.0.0 Safari/537.36[39m
query: SELECT "notification"."id" AS "notification_id", "notification"."type" AS "notification_type", "notification"."title" AS "notification_title", "notification"."message" AS "notification_message", "notification"."data" AS "notification_data", "notification"."status" AS "notification_status", "notification"."userId" AS "notification_userId", "notification"."createdAt" AS "notification_createdAt", "notification"."updatedAt" AS "notification_updatedAt" FROM "notifications" "notification" WHERE "notification"."userId" IS NULL ORDER BY "notification"."createdAt" DESC
[32m[Nest] 42887  - [39m03/03/2026, 12:49:24 PM [32m    LOG[39m [38;5;3m[LoggingInterceptor] [39m[32mResponse: GET /api/notifications - Status: 200 - Time: 195ms[39m
[32m[Nest] 42887  - [39m03/03/2026, 12:49:34 PM [32m    LOG[39m [38;5;3m[LoggingInterceptor] [39m[32mIncoming Request: GET /api/notifications - User: anonymous - IP: ::1 - UA: Mozilla/5.0 (Macintosh; Intel Mac OS X 10_15_7) AppleWebKit/537.36 (KHTML, like Gecko) Chrome/145.0.0.0 Safari/537.36[39m
query: SELECT "notification"."id" AS "notification_id", "notification"."type" AS "notification_type", "notification"."title" AS "notification_title", "notification"."message" AS "notification_message", "notification"."data" AS "notification_data", "notification"."status" AS "notification_status", "notification"."userId" AS "notification_userId", "notification"."createdAt" AS "notification_createdAt", "notification"."updatedAt" AS "notification_updatedAt" FROM "notifications" "notification" WHERE "notification"."userId" IS NULL ORDER BY "notification"."createdAt" DESC
[32m[Nest] 42887  - [39m03/03/2026, 12:49:34 PM [32m    LOG[39m [38;5;3m[LoggingInterceptor] [39m[32mResponse: GET /api/notifications - Status: 200 - Time: 199ms[39m
[32m[Nest] 42887  - [39m03/03/2026, 12:49:44 PM [32m    LOG[39m [38;5;3m[LoggingInterceptor] [39m[32mIncoming Request: GET /api/notifications - User: anonymous - IP: ::1 - UA: Mozilla/5.0 (Macintosh; Intel Mac OS X 10_15_7) AppleWebKit/537.36 (KHTML, like Gecko) Chrome/145.0.0.0 Safari/537.36[39m
query: SELECT "notification"."id" AS "notification_id", "notification"."type" AS "notification_type", "notification"."title" AS "notification_title", "notification"."message" AS "notification_message", "notification"."data" AS "notification_data", "notification"."status" AS "notification_status", "notification"."userId" AS "notification_userId", "notification"."createdAt" AS "notification_createdAt", "notification"."updatedAt" AS "notification_updatedAt" FROM "notifications" "notification" WHERE "notification"."userId" IS NULL ORDER BY "notification"."createdAt" DESC
[32m[Nest] 42887  - [39m03/03/2026, 12:49:44 PM [32m    LOG[39m [38;5;3m[LoggingInterceptor] [39m[32mResponse: GET /api/notifications - Status: 200 - Time: 178ms[39m
[32m[Nest] 42887  - [39m03/03/2026, 12:49:54 PM [32m    LOG[39m [38;5;3m[LoggingInterceptor] [39m[32mIncoming Request: GET /api/notifications - User: anonymous - IP: ::1 - UA: Mozilla/5.0 (Macintosh; Intel Mac OS X 10_15_7) AppleWebKit/537.36 (KHTML, like Gecko) Chrome/145.0.0.0 Safari/537.36[39m
query: SELECT "notification"."id" AS "notification_id", "notification"."type" AS "notification_type", "notification"."title" AS "notification_title", "notification"."message" AS "notification_message", "notification"."data" AS "notification_data", "notification"."status" AS "notification_status", "notification"."userId" AS "notification_userId", "notification"."createdAt" AS "notification_createdAt", "notification"."updatedAt" AS "notification_updatedAt" FROM "notifications" "notification" WHERE "notification"."userId" IS NULL ORDER BY "notification"."createdAt" DESC
[32m[Nest] 42887  - [39m03/03/2026, 12:49:54 PM [32m    LOG[39m [38;5;3m[LoggingInterceptor] [39m[32mResponse: GET /api/notifications - Status: 200 - Time: 182ms[39m
Memory usage: {
  rss: '135.73 MB',
  heapTotal: '60.22 MB',
  heapUsed: '48.99 MB',
  external: '3.74 MB'
}
[32m[Nest] 42887  - [39m03/03/2026, 12:50:04 PM [32m    LOG[39m [38;5;3m[LoggingInterceptor] [39m[32mIncoming Request: GET /api/notifications - User: anonymous - IP: ::1 - UA: Mozilla/5.0 (Macintosh; Intel Mac OS X 10_15_7) AppleWebKit/537.36 (KHTML, like Gecko) Chrome/145.0.0.0 Safari/537.36[39m
query: SELECT "notification"."id" AS "notification_id", "notification"."type" AS "notification_type", "notification"."title" AS "notification_title", "notification"."message" AS "notification_message", "notification"."data" AS "notification_data", "notification"."status" AS "notification_status", "notification"."userId" AS "notification_userId", "notification"."createdAt" AS "notification_createdAt", "notification"."updatedAt" AS "notification_updatedAt" FROM "notifications" "notification" WHERE "notification"."userId" IS NULL ORDER BY "notification"."createdAt" DESC
[32m[Nest] 42887  - [39m03/03/2026, 12:50:04 PM [32m    LOG[39m [38;5;3m[LoggingInterceptor] [39m[32mResponse: GET /api/notifications - Status: 200 - Time: 194ms[39m
[32m[Nest] 42887  - [39m03/03/2026, 12:50:14 PM [32m    LOG[39m [38;5;3m[LoggingInterceptor] [39m[32mIncoming Request: GET /api/notifications - User: anonymous - IP: ::1 - UA: Mozilla/5.0 (Macintosh; Intel Mac OS X 10_15_7) AppleWebKit/537.36 (KHTML, like Gecko) Chrome/145.0.0.0 Safari/537.36[39m
query: SELECT "notification"."id" AS "notification_id", "notification"."type" AS "notification_type", "notification"."title" AS "notification_title", "notification"."message" AS "notification_message", "notification"."data" AS "notification_data", "notification"."status" AS "notification_status", "notification"."userId" AS "notification_userId", "notification"."createdAt" AS "notification_createdAt", "notification"."updatedAt" AS "notification_updatedAt" FROM "notifications" "notification" WHERE "notification"."userId" IS NULL ORDER BY "notification"."createdAt" DESC
[32m[Nest] 42887  - [39m03/03/2026, 12:50:14 PM [32m    LOG[39m [38;5;3m[LoggingInterceptor] [39m[32mResponse: GET /api/notifications - Status: 200 - Time: 182ms[39m
[31m[Nest] 42887  - [39m03/03/2026, 12:50:21 PM [31m  ERROR[39m [38;5;3m[AllExceptionsFilter] [39m[31mException caught by AllExceptionsFilter:[39m
[31m[Nest] 42887  - [39m03/03/2026, 12:50:21 PM [31m  ERROR[39m [38;5;3m[AllExceptionsFilter] [39m[31mObject:[39m
{
  "errorType": "HttpException",
  "status": 404,
  "message": {
    "message": "Cannot GET /api/health",
    "error": "Not Found",
    "statusCode": 404
  },
  "path": "/api/health",
  "method": "GET",
  "timestamp": "2026-03-03T10:50:21.032Z",
  "userAgent": "Mozilla/5.0 (Macintosh; Intel Mac OS X 10_15_7) AppleWebKit/537.36 (KHTML, like Gecko) Chrome/145.0.0.0 Safari/537.36",
  "ip": "::1"
}

[32m[Nest] 42887  - [39m03/03/2026, 12:50:21 PM [32m    LOG[39m [38;5;3m[LoggingInterceptor] [39m[32mIncoming Request: GET /api/products - User: anonymous - IP: ::1 - UA: Mozilla/5.0 (Macintosh; Intel Mac OS X 10_15_7) AppleWebKit/537.36 (KHTML, like Gecko) Chrome/145.0.0.0 Safari/537.36[39m
query: SELECT "Product"."id" AS "Product_id", "Product"."name" AS "Product_name", "Product"."category" AS "Product_category", "Product"."price" AS "Product_price", "Product"."stock" AS "Product_stock", "Product"."description" AS "Product_description", "Product"."imageUrl" AS "Product_imageUrl", "Product"."specifications" AS "Product_specifications", "Product"."discount" AS "Product_discount", "Product"."isSpecial" AS "Product_isSpecial", "Product"."rating" AS "Product_rating", "Product"."features" AS "Product_features", "Product"."images" AS "Product_images", "Product"."imageData" AS "Product_imageData", "Product"."createdAt" AS "Product_createdAt", "Product"."model3dUrl" AS "Product_model3dUrl", "Product"."updatedAt" AS "Product_updatedAt" FROM "products" "Product" ORDER BY "Product"."createdAt" DESC
[32m[Nest] 42887  - [39m03/03/2026, 12:50:21 PM [32m    LOG[39m [38;5;3m[LoggingInterceptor] [39m[32mResponse: GET /api/products - Status: 200 - Time: 64ms[39m
[32m[Nest] 42887  - [39m03/03/2026, 12:50:21 PM [32m    LOG[39m [38;5;3m[LoggingInterceptor] [39m[32mIncoming Request: GET /api/seo/settings - User: anonymous - IP: ::1 - UA: Mozilla/5.0 (Macintosh; Intel Mac OS X 10_15_7) AppleWebKit/537.36 (KHTML, like Gecko) Chrome/145.0.0.0 Safari/537.36[39m
[32m[Nest] 42887  - [39m03/03/2026, 12:50:21 PM [32m    LOG[39m [38;5;3m[LoggingInterceptor] [39m[32mResponse: GET /api/seo/settings - Status: 200 - Time: 0ms[39m
[32m[Nest] 42887  - [39m03/03/2026, 12:50:21 PM [32m    LOG[39m [38;5;3m[LoggingInterceptor] [39m[32mIncoming Request: GET /api/sections - User: anonymous - IP: ::1 - UA: Mozilla/5.0 (Macintosh; Intel Mac OS X 10_15_7) AppleWebKit/537.36 (KHTML, like Gecko) Chrome/145.0.0.0 Safari/537.36[39m
query: SELECT "Section"."id" AS "Section_id", "Section"."type" AS "Section_type", "Section"."title" AS "Section_title", "Section"."subtitle" AS "Section_subtitle", "Section"."content" AS "Section_content", "Section"."imageUrl" AS "Section_imageUrl", "Section"."order" AS "Section_order", "Section"."isActive" AS "Section_isActive", "Section"."settings" AS "Section_settings", "Section"."model3dUrl" AS "Section_model3dUrl", "Section"."show3d" AS "Section_show3d", "Section"."showImage" AS "Section_showImage", "Section"."createdAt" AS "Section_createdAt", "Section"."updatedAt" AS "Section_updatedAt" FROM "sections" "Section" WHERE (("Section"."isActive" = $1)) ORDER BY "Section"."order" ASC -- PARAMETERS: [true]
[32m[Nest] 42887  - [39m03/03/2026, 12:50:21 PM [32m    LOG[39m [38;5;3m[LoggingInterceptor] [39m[32mIncoming Request: GET /api/notifications - User: anonymous - IP: ::1 - UA: Mozilla/5.0 (Macintosh; Intel Mac OS X 10_15_7) AppleWebKit/537.36 (KHTML, like Gecko) Chrome/145.0.0.0 Safari/537.36[39m
[32m[Nest] 42887  - [39m03/03/2026, 12:50:21 PM [32m    LOG[39m [38;5;3m[LoggingInterceptor] [39m[32mIncoming Request: GET /api/notifications/unread/count - User: anonymous - IP: ::1 - UA: Mozilla/5.0 (Macintosh; Intel Mac OS X 10_15_7) AppleWebKit/537.36 (KHTML, like Gecko) Chrome/145.0.0.0 Safari/537.36[39m
[32m[Nest] 42887  - [39m03/03/2026, 12:50:21 PM [32m    LOG[39m [38;5;3m[LoggingInterceptor] [39m[32mResponse: GET /api/notifications/unread/count - Status: 200 - Time: 0ms[39m
[32m[Nest] 42887  - [39m03/03/2026, 12:50:21 PM [32m    LOG[39m [38;5;3m[LoggingInterceptor] [39m[32mIncoming Request: GET /api/categories - User: anonymous - IP: ::1 - UA: Mozilla/5.0 (Macintosh; Intel Mac OS X 10_15_7) AppleWebKit/537.36 (KHTML, like Gecko) Chrome/145.0.0.0 Safari/537.36[39m
[32m[Nest] 42887  - [39m03/03/2026, 12:50:21 PM [32m    LOG[39m [38;5;3m[LoggingInterceptor] [39m[32mResponse: GET /api/sections - Status: 200 - Time: 62ms[39m
[32m[Nest] 42887  - [39m03/03/2026, 12:50:21 PM [32m    LOG[39m [38;5;3m[LoggingInterceptor] [39m[32mIncoming Request: GET /api/sections - User: anonymous - IP: ::1 - UA: Mozilla/5.0 (Macintosh; Intel Mac OS X 10_15_7) AppleWebKit/537.36 (KHTML, like Gecko) Chrome/145.0.0.0 Safari/537.36[39m
query: SELECT "Section"."id" AS "Section_id", "Section"."type" AS "Section_type", "Section"."title" AS "Section_title", "Section"."subtitle" AS "Section_subtitle", "Section"."content" AS "Section_content", "Section"."imageUrl" AS "Section_imageUrl", "Section"."order" AS "Section_order", "Section"."isActive" AS "Section_isActive", "Section"."settings" AS "Section_settings", "Section"."model3dUrl" AS "Section_model3dUrl", "Section"."show3d" AS "Section_show3d", "Section"."showImage" AS "Section_showImage", "Section"."createdAt" AS "Section_createdAt", "Section"."updatedAt" AS "Section_updatedAt" FROM "sections" "Section" WHERE (("Section"."isActive" = $1)) ORDER BY "Section"."order" ASC -- PARAMETERS: [true]
[32m[Nest] 42887  - [39m03/03/2026, 12:50:21 PM [32m    LOG[39m [38;5;3m[LoggingInterceptor] [39m[32mResponse: GET /api/sections - Status: 200 - Time: 60ms[39m
query: SELECT COUNT(1) AS "cnt" FROM "notifications" "notification" WHERE "notification"."status" = $1 AND "notification"."userId" IS NULL -- PARAMETERS: ["unread"]
query: SELECT "notification"."id" AS "notification_id", "notification"."type" AS "notification_type", "notification"."title" AS "notification_title", "notification"."message" AS "notification_message", "notification"."data" AS "notification_data", "notification"."status" AS "notification_status", "notification"."userId" AS "notification_userId", "notification"."createdAt" AS "notification_createdAt", "notification"."updatedAt" AS "notification_updatedAt" FROM "notifications" "notification" WHERE "notification"."userId" IS NULL ORDER BY "notification"."createdAt" DESC
query: SELECT "Category"."id" AS "Category_id", "Category"."name" AS "Category_name", "Category"."slug" AS "Category_slug", "Category"."icon" AS "Category_icon", "Category"."description" AS "Category_description", "Category"."isActive" AS "Category_isActive", "Category"."createdAt" AS "Category_createdAt", "Category"."updatedAt" AS "Category_updatedAt" FROM "categories" "Category" ORDER BY "Category"."createdAt" DESC
[32m[Nest] 42887  - [39m03/03/2026, 12:50:21 PM [32m    LOG[39m [38;5;3m[LoggingInterceptor] [39m[32mResponse: GET /api/categories - Status: 200 - Time: 332ms[39m
[32m[Nest] 42887  - [39m03/03/2026, 12:50:21 PM [32m    LOG[39m [38;5;3m[LoggingInterceptor] [39m[32mResponse: GET /api/notifications - Status: 200 - Time: 452ms[39m
[32m[Nest] 42887  - [39m03/03/2026, 12:50:21 PM [32m    LOG[39m [38;5;3m[LoggingInterceptor] [39m[32mIncoming Request: GET /api/notifications - User: anonymous - IP: ::1 - UA: Mozilla/5.0 (Macintosh; Intel Mac OS X 10_15_7) AppleWebKit/537.36 (KHTML, like Gecko) Chrome/145.0.0.0 Safari/537.36[39m
query: SELECT "notification"."id" AS "notification_id", "notification"."type" AS "notification_type", "notification"."title" AS "notification_title", "notification"."message" AS "notification_message", "notification"."data" AS "notification_data", "notification"."status" AS "notification_status", "notification"."userId" AS "notification_userId", "notification"."createdAt" AS "notification_createdAt", "notification"."updatedAt" AS "notification_updatedAt" FROM "notifications" "notification" WHERE "notification"."userId" IS NULL ORDER BY "notification"."createdAt" DESC
[32m[Nest] 42887  - [39m03/03/2026, 12:50:21 PM [32m    LOG[39m [38;5;3m[LoggingInterceptor] [39m[32mResponse: GET /api/notifications - Status: 200 - Time: 128ms[39m
[32m[Nest] 42887  - [39m03/03/2026, 12:50:24 PM [32m    LOG[39m [38;5;3m[LoggingInterceptor] [39m[32mIncoming Request: GET /api/notifications - User: anonymous - IP: ::1 - UA: Mozilla/5.0 (Macintosh; Intel Mac OS X 10_15_7) AppleWebKit/537.36 (KHTML, like Gecko) Chrome/145.0.0.0 Safari/537.36[39m
query: SELECT "notification"."id" AS "notification_id", "notification"."type" AS "notification_type", "notification"."title" AS "notification_title", "notification"."message" AS "notification_message", "notification"."data" AS "notification_data", "notification"."status" AS "notification_status", "notification"."userId" AS "notification_userId", "notification"."createdAt" AS "notification_createdAt", "notification"."updatedAt" AS "notification_updatedAt" FROM "notifications" "notification" WHERE "notification"."userId" IS NULL ORDER BY "notification"."createdAt" DESC
[32m[Nest] 42887  - [39m03/03/2026, 12:50:24 PM [32m    LOG[39m [38;5;3m[LoggingInterceptor] [39m[32mResponse: GET /api/notifications - Status: 200 - Time: 187ms[39m
[32m[Nest] 42887  - [39m03/03/2026, 12:50:31 PM [32m    LOG[39m [38;5;3m[LoggingInterceptor] [39m[32mIncoming Request: GET /api/notifications - User: anonymous - IP: ::1 - UA: Mozilla/5.0 (Macintosh; Intel Mac OS X 10_15_7) AppleWebKit/537.36 (KHTML, like Gecko) Chrome/145.0.0.0 Safari/537.36[39m
query: SELECT "notification"."id" AS "notification_id", "notification"."type" AS "notification_type", "notification"."title" AS "notification_title", "notification"."message" AS "notification_message", "notification"."data" AS "notification_data", "notification"."status" AS "notification_status", "notification"."userId" AS "notification_userId", "notification"."createdAt" AS "notification_createdAt", "notification"."updatedAt" AS "notification_updatedAt" FROM "notifications" "notification" WHERE "notification"."userId" IS NULL ORDER BY "notification"."createdAt" DESC
[32m[Nest] 42887  - [39m03/03/2026, 12:50:31 PM [32m    LOG[39m [38;5;3m[LoggingInterceptor] [39m[32mResponse: GET /api/notifications - Status: 200 - Time: 188ms[39m
[32m[Nest] 42887  - [39m03/03/2026, 12:50:34 PM [32m    LOG[39m [38;5;3m[LoggingInterceptor] [39m[32mIncoming Request: GET /api/notifications - User: anonymous - IP: ::1 - UA: Mozilla/5.0 (Macintosh; Intel Mac OS X 10_15_7) AppleWebKit/537.36 (KHTML, like Gecko) Chrome/145.0.0.0 Safari/537.36[39m
query: SELECT "notification"."id" AS "notification_id", "notification"."type" AS "notification_type", "notification"."title" AS "notification_title", "notification"."message" AS "notification_message", "notification"."data" AS "notification_data", "notification"."status" AS "notification_status", "notification"."userId" AS "notification_userId", "notification"."createdAt" AS "notification_createdAt", "notification"."updatedAt" AS "notification_updatedAt" FROM "notifications" "notification" WHERE "notification"."userId" IS NULL ORDER BY "notification"."createdAt" DESC
[32m[Nest] 42887  - [39m03/03/2026, 12:50:34 PM [32m    LOG[39m [38;5;3m[LoggingInterceptor] [39m[32mResponse: GET /api/notifications - Status: 200 - Time: 169ms[39m
[31m[Nest] 42887  - [39m03/03/2026, 12:50:35 PM [31m  ERROR[39m [38;5;3m[AllExceptionsFilter] [39m[31mException caught by AllExceptionsFilter:[39m
[31m[Nest] 42887  - [39m03/03/2026, 12:50:35 PM [31m  ERROR[39m [38;5;3m[AllExceptionsFilter] [39m[31mObject:[39m
{
  "errorType": "HttpException",
  "status": 404,
  "message": {
    "message": "Cannot GET /api/health",
    "error": "Not Found",
    "statusCode": 404
  },
  "path": "/api/health",
  "method": "GET",
  "timestamp": "2026-03-03T10:50:35.040Z",
  "userAgent": "Mozilla/5.0 (Macintosh; Intel Mac OS X 10_15_7) AppleWebKit/537.36 (KHTML, like Gecko) Chrome/145.0.0.0 Safari/537.36",
  "ip": "::1"
}

[32m[Nest] 42887  - [39m03/03/2026, 12:50:35 PM [32m    LOG[39m [38;5;3m[LoggingInterceptor] [39m[32mIncoming Request: GET /api/products - User: anonymous - IP: ::1 - UA: Mozilla/5.0 (Macintosh; Intel Mac OS X 10_15_7) AppleWebKit/537.36 (KHTML, like Gecko) Chrome/145.0.0.0 Safari/537.36[39m
query: SELECT "Product"."id" AS "Product_id", "Product"."name" AS "Product_name", "Product"."category" AS "Product_category", "Product"."price" AS "Product_price", "Product"."stock" AS "Product_stock", "Product"."description" AS "Product_description", "Product"."imageUrl" AS "Product_imageUrl", "Product"."specifications" AS "Product_specifications", "Product"."discount" AS "Product_discount", "Product"."isSpecial" AS "Product_isSpecial", "Product"."rating" AS "Product_rating", "Product"."features" AS "Product_features", "Product"."images" AS "Product_images", "Product"."imageData" AS "Product_imageData", "Product"."createdAt" AS "Product_createdAt", "Product"."model3dUrl" AS "Product_model3dUrl", "Product"."updatedAt" AS "Product_updatedAt" FROM "products" "Product" ORDER BY "Product"."createdAt" DESC
[32m[Nest] 42887  - [39m03/03/2026, 12:50:35 PM [32m    LOG[39m [38;5;3m[LoggingInterceptor] [39m[32mResponse: GET /api/products - Status: 200 - Time: 58ms[39m
[32m[Nest] 42887  - [39m03/03/2026, 12:50:35 PM [32m    LOG[39m [38;5;3m[LoggingInterceptor] [39m[32mIncoming Request: GET /api/seo/settings - User: anonymous - IP: ::1 - UA: Mozilla/5.0 (Macintosh; Intel Mac OS X 10_15_7) AppleWebKit/537.36 (KHTML, like Gecko) Chrome/145.0.0.0 Safari/537.36[39m
[32m[Nest] 42887  - [39m03/03/2026, 12:50:35 PM [32m    LOG[39m [38;5;3m[LoggingInterceptor] [39m[32mResponse: GET /api/seo/settings - Status: 200 - Time: 0ms[39m
[32m[Nest] 42887  - [39m03/03/2026, 12:50:35 PM [32m    LOG[39m [38;5;3m[LoggingInterceptor] [39m[32mIncoming Request: GET /api/sections - User: anonymous - IP: ::1 - UA: Mozilla/5.0 (Macintosh; Intel Mac OS X 10_15_7) AppleWebKit/537.36 (KHTML, like Gecko) Chrome/145.0.0.0 Safari/537.36[39m
query: SELECT "Section"."id" AS "Section_id", "Section"."type" AS "Section_type", "Section"."title" AS "Section_title", "Section"."subtitle" AS "Section_subtitle", "Section"."content" AS "Section_content", "Section"."imageUrl" AS "Section_imageUrl", "Section"."order" AS "Section_order", "Section"."isActive" AS "Section_isActive", "Section"."settings" AS "Section_settings", "Section"."model3dUrl" AS "Section_model3dUrl", "Section"."show3d" AS "Section_show3d", "Section"."showImage" AS "Section_showImage", "Section"."createdAt" AS "Section_createdAt", "Section"."updatedAt" AS "Section_updatedAt" FROM "sections" "Section" WHERE (("Section"."isActive" = $1)) ORDER BY "Section"."order" ASC -- PARAMETERS: [true]
[32m[Nest] 42887  - [39m03/03/2026, 12:50:35 PM [32m    LOG[39m [38;5;3m[LoggingInterceptor] [39m[32mResponse: GET /api/sections - Status: 200 - Time: 55ms[39m
[32m[Nest] 42887  - [39m03/03/2026, 12:50:35 PM [32m    LOG[39m [38;5;3m[LoggingInterceptor] [39m[32mIncoming Request: GET /api/sections - User: anonymous - IP: ::1 - UA: Mozilla/5.0 (Macintosh; Intel Mac OS X 10_15_7) AppleWebKit/537.36 (KHTML, like Gecko) Chrome/145.0.0.0 Safari/537.36[39m
query: SELECT "Section"."id" AS "Section_id", "Section"."type" AS "Section_type", "Section"."title" AS "Section_title", "Section"."subtitle" AS "Section_subtitle", "Section"."content" AS "Section_content", "Section"."imageUrl" AS "Section_imageUrl", "Section"."order" AS "Section_order", "Section"."isActive" AS "Section_isActive", "Section"."settings" AS "Section_settings", "Section"."model3dUrl" AS "Section_model3dUrl", "Section"."show3d" AS "Section_show3d", "Section"."showImage" AS "Section_showImage", "Section"."createdAt" AS "Section_createdAt", "Section"."updatedAt" AS "Section_updatedAt" FROM "sections" "Section" WHERE (("Section"."isActive" = $1)) ORDER BY "Section"."order" ASC -- PARAMETERS: [true]
[32m[Nest] 42887  - [39m03/03/2026, 12:50:35 PM [32m    LOG[39m [38;5;3m[LoggingInterceptor] [39m[32mResponse: GET /api/sections - Status: 200 - Time: 58ms[39m
[32m[Nest] 42887  - [39m03/03/2026, 12:50:35 PM [32m    LOG[39m [38;5;3m[LoggingInterceptor] [39m[32mIncoming Request: GET /api/sections - User: anonymous - IP: ::1 - UA: Mozilla/5.0 (Macintosh; Intel Mac OS X 10_15_7) AppleWebKit/537.36 (KHTML, like Gecko) Chrome/145.0.0.0 Safari/537.36[39m
query: SELECT "Section"."id" AS "Section_id", "Section"."type" AS "Section_type", "Section"."title" AS "Section_title", "Section"."subtitle" AS "Section_subtitle", "Section"."content" AS "Section_content", "Section"."imageUrl" AS "Section_imageUrl", "Section"."order" AS "Section_order", "Section"."isActive" AS "Section_isActive", "Section"."settings" AS "Section_settings", "Section"."model3dUrl" AS "Section_model3dUrl", "Section"."show3d" AS "Section_show3d", "Section"."showImage" AS "Section_showImage", "Section"."createdAt" AS "Section_createdAt", "Section"."updatedAt" AS "Section_updatedAt" FROM "sections" "Section" WHERE (("Section"."isActive" = $1)) ORDER BY "Section"."order" ASC -- PARAMETERS: [true]
[32m[Nest] 42887  - [39m03/03/2026, 12:50:35 PM [32m    LOG[39m [38;5;3m[LoggingInterceptor] [39m[32mResponse: GET /api/sections - Status: 200 - Time: 72ms[39m
[32m[Nest] 42887  - [39m03/03/2026, 12:50:44 PM [32m    LOG[39m [38;5;3m[LoggingInterceptor] [39m[32mIncoming Request: GET /api/notifications - User: anonymous - IP: ::1 - UA: Mozilla/5.0 (Macintosh; Intel Mac OS X 10_15_7) AppleWebKit/537.36 (KHTML, like Gecko) Chrome/145.0.0.0 Safari/537.36[39m
query: SELECT "notification"."id" AS "notification_id", "notification"."type" AS "notification_type", "notification"."title" AS "notification_title", "notification"."message" AS "notification_message", "notification"."data" AS "notification_data", "notification"."status" AS "notification_status", "notification"."userId" AS "notification_userId", "notification"."createdAt" AS "notification_createdAt", "notification"."updatedAt" AS "notification_updatedAt" FROM "notifications" "notification" WHERE "notification"."userId" IS NULL ORDER BY "notification"."createdAt" DESC
[32m[Nest] 42887  - [39m03/03/2026, 12:50:44 PM [32m    LOG[39m [38;5;3m[LoggingInterceptor] [39m[32mResponse: GET /api/notifications - Status: 200 - Time: 179ms[39m
[32m[Nest] 42887  - [39m03/03/2026, 12:50:54 PM [32m    LOG[39m [38;5;3m[LoggingInterceptor] [39m[32mIncoming Request: GET /api/notifications - User: anonymous - IP: ::1 - UA: Mozilla/5.0 (Macintosh; Intel Mac OS X 10_15_7) AppleWebKit/537.36 (KHTML, like Gecko) Chrome/145.0.0.0 Safari/537.36[39m
query: SELECT "notification"."id" AS "notification_id", "notification"."type" AS "notification_type", "notification"."title" AS "notification_title", "notification"."message" AS "notification_message", "notification"."data" AS "notification_data", "notification"."status" AS "notification_status", "notification"."userId" AS "notification_userId", "notification"."createdAt" AS "notification_createdAt", "notification"."updatedAt" AS "notification_updatedAt" FROM "notifications" "notification" WHERE "notification"."userId" IS NULL ORDER BY "notification"."createdAt" DESC
[32m[Nest] 42887  - [39m03/03/2026, 12:50:54 PM [32m    LOG[39m [38;5;3m[LoggingInterceptor] [39m[32mResponse: GET /api/notifications - Status: 200 - Time: 172ms[39m
Memory usage: {
  rss: '137.19 MB',
  heapTotal: '58.22 MB',
  heapUsed: '51.93 MB',
  external: '4.12 MB'
}
[32m[Nest] 42887  - [39m03/03/2026, 12:51:04 PM [32m    LOG[39m [38;5;3m[LoggingInterceptor] [39m[32mIncoming Request: GET /api/notifications - User: anonymous - IP: ::1 - UA: Mozilla/5.0 (Macintosh; Intel Mac OS X 10_15_7) AppleWebKit/537.36 (KHTML, like Gecko) Chrome/145.0.0.0 Safari/537.36[39m
query: SELECT "notification"."id" AS "notification_id", "notification"."type" AS "notification_type", "notification"."title" AS "notification_title", "notification"."message" AS "notification_message", "notification"."data" AS "notification_data", "notification"."status" AS "notification_status", "notification"."userId" AS "notification_userId", "notification"."createdAt" AS "notification_createdAt", "notification"."updatedAt" AS "notification_updatedAt" FROM "notifications" "notification" WHERE "notification"."userId" IS NULL ORDER BY "notification"."createdAt" DESC
[32m[Nest] 42887  - [39m03/03/2026, 12:51:04 PM [32m    LOG[39m [38;5;3m[LoggingInterceptor] [39m[32mResponse: GET /api/notifications - Status: 200 - Time: 175ms[39m
[32m[Nest] 42887  - [39m03/03/2026, 12:51:14 PM [32m    LOG[39m [38;5;3m[LoggingInterceptor] [39m[32mIncoming Request: GET /api/notifications - User: anonymous - IP: ::1 - UA: Mozilla/5.0 (Macintosh; Intel Mac OS X 10_15_7) AppleWebKit/537.36 (KHTML, like Gecko) Chrome/145.0.0.0 Safari/537.36[39m
query: SELECT "notification"."id" AS "notification_id", "notification"."type" AS "notification_type", "notification"."title" AS "notification_title", "notification"."message" AS "notification_message", "notification"."data" AS "notification_data", "notification"."status" AS "notification_status", "notification"."userId" AS "notification_userId", "notification"."createdAt" AS "notification_createdAt", "notification"."updatedAt" AS "notification_updatedAt" FROM "notifications" "notification" WHERE "notification"."userId" IS NULL ORDER BY "notification"."createdAt" DESC
[32m[Nest] 42887  - [39m03/03/2026, 12:51:14 PM [32m    LOG[39m [38;5;3m[LoggingInterceptor] [39m[32mResponse: GET /api/notifications - Status: 200 - Time: 173ms[39m
[32m[Nest] 42887  - [39m03/03/2026, 12:51:24 PM [32m    LOG[39m [38;5;3m[LoggingInterceptor] [39m[32mIncoming Request: GET /api/notifications - User: anonymous - IP: ::1 - UA: Mozilla/5.0 (Macintosh; Intel Mac OS X 10_15_7) AppleWebKit/537.36 (KHTML, like Gecko) Chrome/145.0.0.0 Safari/537.36[39m
query: SELECT "notification"."id" AS "notification_id", "notification"."type" AS "notification_type", "notification"."title" AS "notification_title", "notification"."message" AS "notification_message", "notification"."data" AS "notification_data", "notification"."status" AS "notification_status", "notification"."userId" AS "notification_userId", "notification"."createdAt" AS "notification_createdAt", "notification"."updatedAt" AS "notification_updatedAt" FROM "notifications" "notification" WHERE "notification"."userId" IS NULL ORDER BY "notification"."createdAt" DESC
[32m[Nest] 42887  - [39m03/03/2026, 12:51:24 PM [32m    LOG[39m [38;5;3m[LoggingInterceptor] [39m[32mResponse: GET /api/notifications - Status: 200 - Time: 174ms[39m
[32m[Nest] 42887  - [39m03/03/2026, 12:51:34 PM [32m    LOG[39m [38;5;3m[LoggingInterceptor] [39m[32mIncoming Request: GET /api/notifications - User: anonymous - IP: ::1 - UA: Mozilla/5.0 (Macintosh; Intel Mac OS X 10_15_7) AppleWebKit/537.36 (KHTML, like Gecko) Chrome/145.0.0.0 Safari/537.36[39m
query: SELECT "notification"."id" AS "notification_id", "notification"."type" AS "notification_type", "notification"."title" AS "notification_title", "notification"."message" AS "notification_message", "notification"."data" AS "notification_data", "notification"."status" AS "notification_status", "notification"."userId" AS "notification_userId", "notification"."createdAt" AS "notification_createdAt", "notification"."updatedAt" AS "notification_updatedAt" FROM "notifications" "notification" WHERE "notification"."userId" IS NULL ORDER BY "notification"."createdAt" DESC
[32m[Nest] 42887  - [39m03/03/2026, 12:51:34 PM [32m    LOG[39m [38;5;3m[LoggingInterceptor] [39m[32mResponse: GET /api/notifications - Status: 200 - Time: 215ms[39m
[32m[Nest] 42887  - [39m03/03/2026, 12:51:44 PM [32m    LOG[39m [38;5;3m[LoggingInterceptor] [39m[32mIncoming Request: GET /api/notifications - User: anonymous - IP: ::1 - UA: Mozilla/5.0 (Macintosh; Intel Mac OS X 10_15_7) AppleWebKit/537.36 (KHTML, like Gecko) Chrome/145.0.0.0 Safari/537.36[39m
query: SELECT "notification"."id" AS "notification_id", "notification"."type" AS "notification_type", "notification"."title" AS "notification_title", "notification"."message" AS "notification_message", "notification"."data" AS "notification_data", "notification"."status" AS "notification_status", "notification"."userId" AS "notification_userId", "notification"."createdAt" AS "notification_createdAt", "notification"."updatedAt" AS "notification_updatedAt" FROM "notifications" "notification" WHERE "notification"."userId" IS NULL ORDER BY "notification"."createdAt" DESC
[32m[Nest] 42887  - [39m03/03/2026, 12:51:44 PM [32m    LOG[39m [38;5;3m[LoggingInterceptor] [39m[32mResponse: GET /api/notifications - Status: 200 - Time: 171ms[39m
[32m[Nest] 42887  - [39m03/03/2026, 12:51:54 PM [32m    LOG[39m [38;5;3m[LoggingInterceptor] [39m[32mIncoming Request: GET /api/notifications - User: anonymous - IP: ::1 - UA: Mozilla/5.0 (Macintosh; Intel Mac OS X 10_15_7) AppleWebKit/537.36 (KHTML, like Gecko) Chrome/145.0.0.0 Safari/537.36[39m
query: SELECT "notification"."id" AS "notification_id", "notification"."type" AS "notification_type", "notification"."title" AS "notification_title", "notification"."message" AS "notification_message", "notification"."data" AS "notification_data", "notification"."status" AS "notification_status", "notification"."userId" AS "notification_userId", "notification"."createdAt" AS "notification_createdAt", "notification"."updatedAt" AS "notification_updatedAt" FROM "notifications" "notification" WHERE "notification"."userId" IS NULL ORDER BY "notification"."createdAt" DESC
[32m[Nest] 42887  - [39m03/03/2026, 12:51:54 PM [32m    LOG[39m [38;5;3m[LoggingInterceptor] [39m[32mResponse: GET /api/notifications - Status: 200 - Time: 173ms[39m
Memory usage: {
  rss: '137.36 MB',
  heapTotal: '60.02 MB',
  heapUsed: '52.85 MB',
  external: '4.32 MB'
}
[32m[Nest] 42887  - [39m03/03/2026, 12:52:04 PM [32m    LOG[39m [38;5;3m[LoggingInterceptor] [39m[32mIncoming Request: GET /api/notifications - User: anonymous - IP: ::1 - UA: Mozilla/5.0 (Macintosh; Intel Mac OS X 10_15_7) AppleWebKit/537.36 (KHTML, like Gecko) Chrome/145.0.0.0 Safari/537.36[39m
query: SELECT "notification"."id" AS "notification_id", "notification"."type" AS "notification_type", "notification"."title" AS "notification_title", "notification"."message" AS "notification_message", "notification"."data" AS "notification_data", "notification"."status" AS "notification_status", "notification"."userId" AS "notification_userId", "notification"."createdAt" AS "notification_createdAt", "notification"."updatedAt" AS "notification_updatedAt" FROM "notifications" "notification" WHERE "notification"."userId" IS NULL ORDER BY "notification"."createdAt" DESC
[32m[Nest] 42887  - [39m03/03/2026, 12:52:04 PM [32m    LOG[39m [38;5;3m[LoggingInterceptor] [39m[32mResponse: GET /api/notifications - Status: 200 - Time: 170ms[39m
[32m[Nest] 42887  - [39m03/03/2026, 12:52:14 PM [32m    LOG[39m [38;5;3m[LoggingInterceptor] [39m[32mIncoming Request: GET /api/notifications - User: anonymous - IP: ::1 - UA: Mozilla/5.0 (Macintosh; Intel Mac OS X 10_15_7) AppleWebKit/537.36 (KHTML, like Gecko) Chrome/145.0.0.0 Safari/537.36[39m
query: SELECT "notification"."id" AS "notification_id", "notification"."type" AS "notification_type", "notification"."title" AS "notification_title", "notification"."message" AS "notification_message", "notification"."data" AS "notification_data", "notification"."status" AS "notification_status", "notification"."userId" AS "notification_userId", "notification"."createdAt" AS "notification_createdAt", "notification"."updatedAt" AS "notification_updatedAt" FROM "notifications" "notification" WHERE "notification"."userId" IS NULL ORDER BY "notification"."createdAt" DESC
[32m[Nest] 42887  - [39m03/03/2026, 12:52:14 PM [32m    LOG[39m [38;5;3m[LoggingInterceptor] [39m[32mResponse: GET /api/notifications - Status: 200 - Time: 175ms[39m
[32m[Nest] 42887  - [39m03/03/2026, 12:52:24 PM [32m    LOG[39m [38;5;3m[LoggingInterceptor] [39m[32mIncoming Request: GET /api/notifications - User: anonymous - IP: ::1 - UA: Mozilla/5.0 (Macintosh; Intel Mac OS X 10_15_7) AppleWebKit/537.36 (KHTML, like Gecko) Chrome/145.0.0.0 Safari/537.36[39m
query: SELECT "notification"."id" AS "notification_id", "notification"."type" AS "notification_type", "notification"."title" AS "notification_title", "notification"."message" AS "notification_message", "notification"."data" AS "notification_data", "notification"."status" AS "notification_status", "notification"."userId" AS "notification_userId", "notification"."createdAt" AS "notification_createdAt", "notification"."updatedAt" AS "notification_updatedAt" FROM "notifications" "notification" WHERE "notification"."userId" IS NULL ORDER BY "notification"."createdAt" DESC
[32m[Nest] 42887  - [39m03/03/2026, 12:52:24 PM [32m    LOG[39m [38;5;3m[LoggingInterceptor] [39m[32mResponse: GET /api/notifications - Status: 200 - Time: 208ms[39m
[31m[Nest] 42887  - [39m03/03/2026, 12:52:34 PM [31m  ERROR[39m [38;5;3m[AllExceptionsFilter] [39m[31mException caught by AllExceptionsFilter:[39m
[31m[Nest] 42887  - [39m03/03/2026, 12:52:34 PM [31m  ERROR[39m [38;5;3m[AllExceptionsFilter] [39m[31mObject:[39m
{
  "errorType": "HttpException",
  "status": 404,
  "message": {
    "message": "Cannot GET /api/health",
    "error": "Not Found",
    "statusCode": 404
  },
  "path": "/api/health",
  "method": "GET",
  "timestamp": "2026-03-03T10:52:34.676Z",
  "userAgent": "Mozilla/5.0 (Macintosh; Intel Mac OS X 10_15_7) AppleWebKit/537.36 (KHTML, like Gecko) Chrome/145.0.0.0 Safari/537.36",
  "ip": "::1"
}

[32m[Nest] 42887  - [39m03/03/2026, 12:52:34 PM [32m    LOG[39m [38;5;3m[LoggingInterceptor] [39m[32mIncoming Request: GET /api/products - User: anonymous - IP: ::1 - UA: Mozilla/5.0 (Macintosh; Intel Mac OS X 10_15_7) AppleWebKit/537.36 (KHTML, like Gecko) Chrome/145.0.0.0 Safari/537.36[39m
query: SELECT "Product"."id" AS "Product_id", "Product"."name" AS "Product_name", "Product"."category" AS "Product_category", "Product"."price" AS "Product_price", "Product"."stock" AS "Product_stock", "Product"."description" AS "Product_description", "Product"."imageUrl" AS "Product_imageUrl", "Product"."specifications" AS "Product_specifications", "Product"."discount" AS "Product_discount", "Product"."isSpecial" AS "Product_isSpecial", "Product"."rating" AS "Product_rating", "Product"."features" AS "Product_features", "Product"."images" AS "Product_images", "Product"."imageData" AS "Product_imageData", "Product"."createdAt" AS "Product_createdAt", "Product"."model3dUrl" AS "Product_model3dUrl", "Product"."updatedAt" AS "Product_updatedAt" FROM "products" "Product" ORDER BY "Product"."createdAt" DESC
[32m[Nest] 42887  - [39m03/03/2026, 12:52:34 PM [32m    LOG[39m [38;5;3m[LoggingInterceptor] [39m[32mResponse: GET /api/products - Status: 200 - Time: 60ms[39m
[32m[Nest] 42887  - [39m03/03/2026, 12:52:34 PM [32m    LOG[39m [38;5;3m[LoggingInterceptor] [39m[32mIncoming Request: GET /api/seo/settings - User: anonymous - IP: ::1 - UA: Mozilla/5.0 (Macintosh; Intel Mac OS X 10_15_7) AppleWebKit/537.36 (KHTML, like Gecko) Chrome/145.0.0.0 Safari/537.36[39m
[32m[Nest] 42887  - [39m03/03/2026, 12:52:34 PM [32m    LOG[39m [38;5;3m[LoggingInterceptor] [39m[32mResponse: GET /api/seo/settings - Status: 200 - Time: 0ms[39m
[32m[Nest] 42887  - [39m03/03/2026, 12:52:34 PM [32m    LOG[39m [38;5;3m[LoggingInterceptor] [39m[32mIncoming Request: GET /api/sections - User: anonymous - IP: ::1 - UA: Mozilla/5.0 (Macintosh; Intel Mac OS X 10_15_7) AppleWebKit/537.36 (KHTML, like Gecko) Chrome/145.0.0.0 Safari/537.36[39m
query: SELECT "Section"."id" AS "Section_id", "Section"."type" AS "Section_type", "Section"."title" AS "Section_title", "Section"."subtitle" AS "Section_subtitle", "Section"."content" AS "Section_content", "Section"."imageUrl" AS "Section_imageUrl", "Section"."order" AS "Section_order", "Section"."isActive" AS "Section_isActive", "Section"."settings" AS "Section_settings", "Section"."model3dUrl" AS "Section_model3dUrl", "Section"."show3d" AS "Section_show3d", "Section"."showImage" AS "Section_showImage", "Section"."createdAt" AS "Section_createdAt", "Section"."updatedAt" AS "Section_updatedAt" FROM "sections" "Section" WHERE (("Section"."isActive" = $1)) ORDER BY "Section"."order" ASC -- PARAMETERS: [true]
[32m[Nest] 42887  - [39m03/03/2026, 12:52:34 PM [32m    LOG[39m [38;5;3m[LoggingInterceptor] [39m[32mIncoming Request: GET /api/sections - User: anonymous - IP: ::1 - UA: Mozilla/5.0 (Macintosh; Intel Mac OS X 10_15_7) AppleWebKit/537.36 (KHTML, like Gecko) Chrome/145.0.0.0 Safari/537.36[39m
[32m[Nest] 42887  - [39m03/03/2026, 12:52:34 PM [32m    LOG[39m [38;5;3m[LoggingInterceptor] [39m[32mIncoming Request: GET /api/notifications - User: anonymous - IP: ::1 - UA: Mozilla/5.0 (Macintosh; Intel Mac OS X 10_15_7) AppleWebKit/537.36 (KHTML, like Gecko) Chrome/145.0.0.0 Safari/537.36[39m
[32m[Nest] 42887  - [39m03/03/2026, 12:52:34 PM [32m    LOG[39m [38;5;3m[LoggingInterceptor] [39m[32mIncoming Request: GET /api/notifications - User: anonymous - IP: ::1 - UA: Mozilla/5.0 (Macintosh; Intel Mac OS X 10_15_7) AppleWebKit/537.36 (KHTML, like Gecko) Chrome/145.0.0.0 Safari/537.36[39m
[32m[Nest] 42887  - [39m03/03/2026, 12:52:34 PM [32m    LOG[39m [38;5;3m[LoggingInterceptor] [39m[32mIncoming Request: GET /api/notifications/unread/count - User: anonymous - IP: ::1 - UA: Mozilla/5.0 (Macintosh; Intel Mac OS X 10_15_7) AppleWebKit/537.36 (KHTML, like Gecko) Chrome/145.0.0.0 Safari/537.36[39m
[32m[Nest] 42887  - [39m03/03/2026, 12:52:34 PM [32m    LOG[39m [38;5;3m[LoggingInterceptor] [39m[32mResponse: GET /api/notifications/unread/count - Status: 200 - Time: 0ms[39m
[32m[Nest] 42887  - [39m03/03/2026, 12:52:34 PM [32m    LOG[39m [38;5;3m[LoggingInterceptor] [39m[32mIncoming Request: GET /api/categories - User: anonymous - IP: ::1 - UA: Mozilla/5.0 (Macintosh; Intel Mac OS X 10_15_7) AppleWebKit/537.36 (KHTML, like Gecko) Chrome/145.0.0.0 Safari/537.36[39m
[32m[Nest] 42887  - [39m03/03/2026, 12:52:34 PM [32m    LOG[39m [38;5;3m[LoggingInterceptor] [39m[32mResponse: GET /api/sections - Status: 200 - Time: 60ms[39m
query: SELECT COUNT(1) AS "cnt" FROM "notifications" "notification" WHERE "notification"."status" = $1 AND "notification"."userId" IS NULL -- PARAMETERS: ["unread"]
query: SELECT "Category"."id" AS "Category_id", "Category"."name" AS "Category_name", "Category"."slug" AS "Category_slug", "Category"."icon" AS "Category_icon", "Category"."description" AS "Category_description", "Category"."isActive" AS "Category_isActive", "Category"."createdAt" AS "Category_createdAt", "Category"."updatedAt" AS "Category_updatedAt" FROM "categories" "Category" ORDER BY "Category"."createdAt" DESC
query: SELECT "Section"."id" AS "Section_id", "Section"."type" AS "Section_type", "Section"."title" AS "Section_title", "Section"."subtitle" AS "Section_subtitle", "Section"."content" AS "Section_content", "Section"."imageUrl" AS "Section_imageUrl", "Section"."order" AS "Section_order", "Section"."isActive" AS "Section_isActive", "Section"."settings" AS "Section_settings", "Section"."model3dUrl" AS "Section_model3dUrl", "Section"."show3d" AS "Section_show3d", "Section"."showImage" AS "Section_showImage", "Section"."createdAt" AS "Section_createdAt", "Section"."updatedAt" AS "Section_updatedAt" FROM "sections" "Section" WHERE (("Section"."isActive" = $1)) ORDER BY "Section"."order" ASC -- PARAMETERS: [true]
query: SELECT "notification"."id" AS "notification_id", "notification"."type" AS "notification_type", "notification"."title" AS "notification_title", "notification"."message" AS "notification_message", "notification"."data" AS "notification_data", "notification"."status" AS "notification_status", "notification"."userId" AS "notification_userId", "notification"."createdAt" AS "notification_createdAt", "notification"."updatedAt" AS "notification_updatedAt" FROM "notifications" "notification" WHERE "notification"."userId" IS NULL ORDER BY "notification"."createdAt" DESC
query: SELECT "notification"."id" AS "notification_id", "notification"."type" AS "notification_type", "notification"."title" AS "notification_title", "notification"."message" AS "notification_message", "notification"."data" AS "notification_data", "notification"."status" AS "notification_status", "notification"."userId" AS "notification_userId", "notification"."createdAt" AS "notification_createdAt", "notification"."updatedAt" AS "notification_updatedAt" FROM "notifications" "notification" WHERE "notification"."userId" IS NULL ORDER BY "notification"."createdAt" DESC
[32m[Nest] 42887  - [39m03/03/2026, 12:52:35 PM [32m    LOG[39m [38;5;3m[LoggingInterceptor] [39m[32mResponse: GET /api/categories - Status: 200 - Time: 388ms[39m
[32m[Nest] 42887  - [39m03/03/2026, 12:52:35 PM [32m    LOG[39m [38;5;3m[LoggingInterceptor] [39m[32mResponse: GET /api/sections - Status: 200 - Time: 413ms[39m
[32m[Nest] 42887  - [39m03/03/2026, 12:52:35 PM [32m    LOG[39m [38;5;3m[LoggingInterceptor] [39m[32mResponse: GET /api/notifications - Status: 200 - Time: 528ms[39m
[32m[Nest] 42887  - [39m03/03/2026, 12:52:35 PM [32m    LOG[39m [38;5;3m[LoggingInterceptor] [39m[32mResponse: GET /api/notifications - Status: 200 - Time: 540ms[39m
[32m[Nest] 42887  - [39m03/03/2026, 12:52:40 PM [32m    LOG[39m [38;5;3m[LoggingInterceptor] [39m[32mIncoming Request: GET /api/sections - User: anonymous - IP: ::1 - UA: Mozilla/5.0 (Macintosh; Intel Mac OS X 10_15_7) AppleWebKit/537.36 (KHTML, like Gecko) Chrome/145.0.0.0 Safari/537.36[39m
query: SELECT "Section"."id" AS "Section_id", "Section"."type" AS "Section_type", "Section"."title" AS "Section_title", "Section"."subtitle" AS "Section_subtitle", "Section"."content" AS "Section_content", "Section"."imageUrl" AS "Section_imageUrl", "Section"."order" AS "Section_order", "Section"."isActive" AS "Section_isActive", "Section"."settings" AS "Section_settings", "Section"."model3dUrl" AS "Section_model3dUrl", "Section"."show3d" AS "Section_show3d", "Section"."showImage" AS "Section_showImage", "Section"."createdAt" AS "Section_createdAt", "Section"."updatedAt" AS "Section_updatedAt" FROM "sections" "Section" WHERE (("Section"."isActive" = $1)) ORDER BY "Section"."order" ASC -- PARAMETERS: [true]
[32m[Nest] 42887  - [39m03/03/2026, 12:52:40 PM [32m    LOG[39m [38;5;3m[LoggingInterceptor] [39m[32mIncoming Request: GET /api/products?isSpecial=true - User: anonymous - IP: ::1 - UA: Mozilla/5.0 (Macintosh; Intel Mac OS X 10_15_7) AppleWebKit/537.36 (KHTML, like Gecko) Chrome/145.0.0.0 Safari/537.36[39m
query: SELECT "Product"."id" AS "Product_id", "Product"."name" AS "Product_name", "Product"."category" AS "Product_category", "Product"."price" AS "Product_price", "Product"."stock" AS "Product_stock", "Product"."description" AS "Product_description", "Product"."imageUrl" AS "Product_imageUrl", "Product"."specifications" AS "Product_specifications", "Product"."discount" AS "Product_discount", "Product"."isSpecial" AS "Product_isSpecial", "Product"."rating" AS "Product_rating", "Product"."features" AS "Product_features", "Product"."images" AS "Product_images", "Product"."imageData" AS "Product_imageData", "Product"."createdAt" AS "Product_createdAt", "Product"."model3dUrl" AS "Product_model3dUrl", "Product"."updatedAt" AS "Product_updatedAt" FROM "products" "Product" ORDER BY "Product"."createdAt" DESC
[32m[Nest] 42887  - [39m03/03/2026, 12:52:40 PM [32m    LOG[39m [38;5;3m[LoggingInterceptor] [39m[32mIncoming Request: GET /api/products?sort=rating&limit=4 - User: anonymous - IP: ::1 - UA: Mozilla/5.0 (Macintosh; Intel Mac OS X 10_15_7) AppleWebKit/537.36 (KHTML, like Gecko) Chrome/145.0.0.0 Safari/537.36[39m
query: SELECT "Product"."id" AS "Product_id", "Product"."name" AS "Product_name", "Product"."category" AS "Product_category", "Product"."price" AS "Product_price", "Product"."stock" AS "Product_stock", "Product"."description" AS "Product_description", "Product"."imageUrl" AS "Product_imageUrl", "Product"."specifications" AS "Product_specifications", "Product"."discount" AS "Product_discount", "Product"."isSpecial" AS "Product_isSpecial", "Product"."rating" AS "Product_rating", "Product"."features" AS "Product_features", "Product"."images" AS "Product_images", "Product"."imageData" AS "Product_imageData", "Product"."createdAt" AS "Product_createdAt", "Product"."model3dUrl" AS "Product_model3dUrl", "Product"."updatedAt" AS "Product_updatedAt" FROM "products" "Product" ORDER BY "Product"."createdAt" DESC
[32m[Nest] 42887  - [39m03/03/2026, 12:52:40 PM [32m    LOG[39m [38;5;3m[LoggingInterceptor] [39m[32mResponse: GET /api/sections - Status: 200 - Time: 59ms[39m
[32m[Nest] 42887  - [39m03/03/2026, 12:52:40 PM [32m    LOG[39m [38;5;3m[LoggingInterceptor] [39m[32mIncoming Request: GET /api/sections - User: anonymous - IP: ::1 - UA: Mozilla/5.0 (Macintosh; Intel Mac OS X 10_15_7) AppleWebKit/537.36 (KHTML, like Gecko) Chrome/145.0.0.0 Safari/537.36[39m
query: SELECT "Section"."id" AS "Section_id", "Section"."type" AS "Section_type", "Section"."title" AS "Section_title", "Section"."subtitle" AS "Section_subtitle", "Section"."content" AS "Section_content", "Section"."imageUrl" AS "Section_imageUrl", "Section"."order" AS "Section_order", "Section"."isActive" AS "Section_isActive", "Section"."settings" AS "Section_settings", "Section"."model3dUrl" AS "Section_model3dUrl", "Section"."show3d" AS "Section_show3d", "Section"."showImage" AS "Section_showImage", "Section"."createdAt" AS "Section_createdAt", "Section"."updatedAt" AS "Section_updatedAt" FROM "sections" "Section" WHERE (("Section"."isActive" = $1)) ORDER BY "Section"."order" ASC -- PARAMETERS: [true]
[32m[Nest] 42887  - [39m03/03/2026, 12:52:40 PM [32m    LOG[39m [38;5;3m[LoggingInterceptor] [39m[32mResponse: GET /api/products?isSpecial=true - Status: 200 - Time: 58ms[39m
[32m[Nest] 42887  - [39m03/03/2026, 12:52:40 PM [32m    LOG[39m [38;5;3m[LoggingInterceptor] [39m[32mResponse: GET /api/products?sort=rating&limit=4 - Status: 200 - Time: 62ms[39m
[32m[Nest] 42887  - [39m03/03/2026, 12:52:40 PM [32m    LOG[39m [38;5;3m[LoggingInterceptor] [39m[32mResponse: GET /api/sections - Status: 200 - Time: 60ms[39m
[32m[Nest] 42887  - [39m03/03/2026, 12:52:40 PM [32m    LOG[39m [38;5;3m[LoggingInterceptor] [39m[32mIncoming Request: GET /api/sections - User: anonymous - IP: ::1 - UA: Mozilla/5.0 (Macintosh; Intel Mac OS X 10_15_7) AppleWebKit/537.36 (KHTML, like Gecko) Chrome/145.0.0.0 Safari/537.36[39m
query: SELECT "Section"."id" AS "Section_id", "Section"."type" AS "Section_type", "Section"."title" AS "Section_title", "Section"."subtitle" AS "Section_subtitle", "Section"."content" AS "Section_content", "Section"."imageUrl" AS "Section_imageUrl", "Section"."order" AS "Section_order", "Section"."isActive" AS "Section_isActive", "Section"."settings" AS "Section_settings", "Section"."model3dUrl" AS "Section_model3dUrl", "Section"."show3d" AS "Section_show3d", "Section"."showImage" AS "Section_showImage", "Section"."createdAt" AS "Section_createdAt", "Section"."updatedAt" AS "Section_updatedAt" FROM "sections" "Section" WHERE (("Section"."isActive" = $1)) ORDER BY "Section"."order" ASC -- PARAMETERS: [true]
[32m[Nest] 42887  - [39m03/03/2026, 12:52:40 PM [32m    LOG[39m [38;5;3m[LoggingInterceptor] [39m[32mResponse: GET /api/sections - Status: 200 - Time: 60ms[39m
[32m[Nest] 42887  - [39m03/03/2026, 12:52:44 PM [32m    LOG[39m [38;5;3m[LoggingInterceptor] [39m[32mIncoming Request: GET /api/notifications - User: anonymous - IP: ::1 - UA: Mozilla/5.0 (Macintosh; Intel Mac OS X 10_15_7) AppleWebKit/537.36 (KHTML, like Gecko) Chrome/145.0.0.0 Safari/537.36[39m
query: SELECT "notification"."id" AS "notification_id", "notification"."type" AS "notification_type", "notification"."title" AS "notification_title", "notification"."message" AS "notification_message", "notification"."data" AS "notification_data", "notification"."status" AS "notification_status", "notification"."userId" AS "notification_userId", "notification"."createdAt" AS "notification_createdAt", "notification"."updatedAt" AS "notification_updatedAt" FROM "notifications" "notification" WHERE "notification"."userId" IS NULL ORDER BY "notification"."createdAt" DESC
[32m[Nest] 42887  - [39m03/03/2026, 12:52:44 PM [32m    LOG[39m [38;5;3m[LoggingInterceptor] [39m[32mResponse: GET /api/notifications - Status: 200 - Time: 177ms[39m
[32m[Nest] 42887  - [39m03/03/2026, 12:52:53 PM [32m    LOG[39m [38;5;3m[LoggingInterceptor] [39m[32mIncoming Request: GET /api/sections - User: anonymous - IP: ::1 - UA: Mozilla/5.0 (Macintosh; Intel Mac OS X 10_15_7) AppleWebKit/537.36 (KHTML, like Gecko) Chrome/145.0.0.0 Safari/537.36[39m
query: SELECT "Section"."id" AS "Section_id", "Section"."type" AS "Section_type", "Section"."title" AS "Section_title", "Section"."subtitle" AS "Section_subtitle", "Section"."content" AS "Section_content", "Section"."imageUrl" AS "Section_imageUrl", "Section"."order" AS "Section_order", "Section"."isActive" AS "Section_isActive", "Section"."settings" AS "Section_settings", "Section"."model3dUrl" AS "Section_model3dUrl", "Section"."show3d" AS "Section_show3d", "Section"."showImage" AS "Section_showImage", "Section"."createdAt" AS "Section_createdAt", "Section"."updatedAt" AS "Section_updatedAt" FROM "sections" "Section" WHERE (("Section"."isActive" = $1)) ORDER BY "Section"."order" ASC -- PARAMETERS: [true]
[32m[Nest] 42887  - [39m03/03/2026, 12:52:53 PM [32m    LOG[39m [38;5;3m[LoggingInterceptor] [39m[32mResponse: GET /api/sections - Status: 200 - Time: 60ms[39m
[32m[Nest] 42887  - [39m03/03/2026, 12:52:54 PM [32m    LOG[39m [38;5;3m[LoggingInterceptor] [39m[32mIncoming Request: GET /api/notifications - User: anonymous - IP: ::1 - UA: Mozilla/5.0 (Macintosh; Intel Mac OS X 10_15_7) AppleWebKit/537.36 (KHTML, like Gecko) Chrome/145.0.0.0 Safari/537.36[39m
query: SELECT "notification"."id" AS "notification_id", "notification"."type" AS "notification_type", "notification"."title" AS "notification_title", "notification"."message" AS "notification_message", "notification"."data" AS "notification_data", "notification"."status" AS "notification_status", "notification"."userId" AS "notification_userId", "notification"."createdAt" AS "notification_createdAt", "notification"."updatedAt" AS "notification_updatedAt" FROM "notifications" "notification" WHERE "notification"."userId" IS NULL ORDER BY "notification"."createdAt" DESC
[32m[Nest] 42887  - [39m03/03/2026, 12:52:55 PM [32m    LOG[39m [38;5;3m[LoggingInterceptor] [39m[32mResponse: GET /api/notifications - Status: 200 - Time: 334ms[39m
Memory usage: {
  rss: '138.53 MB',
  heapTotal: '58.22 MB',
  heapUsed: '49.83 MB',
  external: '3.83 MB'
}
[32m[Nest] 42887  - [39m03/03/2026, 12:53:00 PM [32m    LOG[39m [38;5;3m[LoggingInterceptor] [39m[32mIncoming Request: GET /api/sections - User: anonymous - IP: ::1 - UA: Mozilla/5.0 (Macintosh; Intel Mac OS X 10_15_7) AppleWebKit/537.36 (KHTML, like Gecko) Chrome/145.0.0.0 Safari/537.36[39m
query: SELECT "Section"."id" AS "Section_id", "Section"."type" AS "Section_type", "Section"."title" AS "Section_title", "Section"."subtitle" AS "Section_subtitle", "Section"."content" AS "Section_content", "Section"."imageUrl" AS "Section_imageUrl", "Section"."order" AS "Section_order", "Section"."isActive" AS "Section_isActive", "Section"."settings" AS "Section_settings", "Section"."model3dUrl" AS "Section_model3dUrl", "Section"."show3d" AS "Section_show3d", "Section"."showImage" AS "Section_showImage", "Section"."createdAt" AS "Section_createdAt", "Section"."updatedAt" AS "Section_updatedAt" FROM "sections" "Section" WHERE (("Section"."isActive" = $1)) ORDER BY "Section"."order" ASC -- PARAMETERS: [true]
[32m[Nest] 42887  - [39m03/03/2026, 12:53:00 PM [32m    LOG[39m [38;5;3m[LoggingInterceptor] [39m[32mIncoming Request: GET /api/products?sort=rating&limit=4 - User: anonymous - IP: ::1 - UA: Mozilla/5.0 (Macintosh; Intel Mac OS X 10_15_7) AppleWebKit/537.36 (KHTML, like Gecko) Chrome/145.0.0.0 Safari/537.36[39m
[32m[Nest] 42887  - [39m03/03/2026, 12:53:00 PM [32m    LOG[39m [38;5;3m[LoggingInterceptor] [39m[32mIncoming Request: GET /api/products?isSpecial=true - User: anonymous - IP: ::1 - UA: Mozilla/5.0 (Macintosh; Intel Mac OS X 10_15_7) AppleWebKit/537.36 (KHTML, like Gecko) Chrome/145.0.0.0 Safari/537.36[39m
[32m[Nest] 42887  - [39m03/03/2026, 12:53:00 PM [32m    LOG[39m [38;5;3m[LoggingInterceptor] [39m[32mResponse: GET /api/sections - Status: 200 - Time: 118ms[39m
query: SELECT "Product"."id" AS "Product_id", "Product"."name" AS "Product_name", "Product"."category" AS "Product_category", "Product"."price" AS "Product_price", "Product"."stock" AS "Product_stock", "Product"."description" AS "Product_description", "Product"."imageUrl" AS "Product_imageUrl", "Product"."specifications" AS "Product_specifications", "Product"."discount" AS "Product_discount", "Product"."isSpecial" AS "Product_isSpecial", "Product"."rating" AS "Product_rating", "Product"."features" AS "Product_features", "Product"."images" AS "Product_images", "Product"."imageData" AS "Product_imageData", "Product"."createdAt" AS "Product_createdAt", "Product"."model3dUrl" AS "Product_model3dUrl", "Product"."updatedAt" AS "Product_updatedAt" FROM "products" "Product" ORDER BY "Product"."createdAt" DESC
query: SELECT "Product"."id" AS "Product_id", "Product"."name" AS "Product_name", "Product"."category" AS "Product_category", "Product"."price" AS "Product_price", "Product"."stock" AS "Product_stock", "Product"."description" AS "Product_description", "Product"."imageUrl" AS "Product_imageUrl", "Product"."specifications" AS "Product_specifications", "Product"."discount" AS "Product_discount", "Product"."isSpecial" AS "Product_isSpecial", "Product"."rating" AS "Product_rating", "Product"."features" AS "Product_features", "Product"."images" AS "Product_images", "Product"."imageData" AS "Product_imageData", "Product"."createdAt" AS "Product_createdAt", "Product"."model3dUrl" AS "Product_model3dUrl", "Product"."updatedAt" AS "Product_updatedAt" FROM "products" "Product" ORDER BY "Product"."createdAt" DESC
[32m[Nest] 42887  - [39m03/03/2026, 12:53:00 PM [32m    LOG[39m [38;5;3m[LoggingInterceptor] [39m[32mResponse: GET /api/products?sort=rating&limit=4 - Status: 200 - Time: 330ms[39m
[32m[Nest] 42887  - [39m03/03/2026, 12:53:00 PM [32m    LOG[39m [38;5;3m[LoggingInterceptor] [39m[32mResponse: GET /api/products?isSpecial=true - Status: 200 - Time: 328ms[39m
[32m[Nest] 42887  - [39m03/03/2026, 12:53:04 PM [32m    LOG[39m [38;5;3m[LoggingInterceptor] [39m[32mIncoming Request: GET /api/notifications - User: anonymous - IP: ::1 - UA: Mozilla/5.0 (Macintosh; Intel Mac OS X 10_15_7) AppleWebKit/537.36 (KHTML, like Gecko) Chrome/145.0.0.0 Safari/537.36[39m
query: SELECT "notification"."id" AS "notification_id", "notification"."type" AS "notification_type", "notification"."title" AS "notification_title", "notification"."message" AS "notification_message", "notification"."data" AS "notification_data", "notification"."status" AS "notification_status", "notification"."userId" AS "notification_userId", "notification"."createdAt" AS "notification_createdAt", "notification"."updatedAt" AS "notification_updatedAt" FROM "notifications" "notification" WHERE "notification"."userId" IS NULL ORDER BY "notification"."createdAt" DESC
[32m[Nest] 42887  - [39m03/03/2026, 12:53:04 PM [32m    LOG[39m [38;5;3m[LoggingInterceptor] [39m[32mResponse: GET /api/notifications - Status: 200 - Time: 187ms[39m
[32m[Nest] 42887  - [39m03/03/2026, 12:53:14 PM [32m    LOG[39m [38;5;3m[LoggingInterceptor] [39m[32mIncoming Request: GET /api/notifications - User: anonymous - IP: ::1 - UA: Mozilla/5.0 (Macintosh; Intel Mac OS X 10_15_7) AppleWebKit/537.36 (KHTML, like Gecko) Chrome/145.0.0.0 Safari/537.36[39m
query: SELECT "notification"."id" AS "notification_id", "notification"."type" AS "notification_type", "notification"."title" AS "notification_title", "notification"."message" AS "notification_message", "notification"."data" AS "notification_data", "notification"."status" AS "notification_status", "notification"."userId" AS "notification_userId", "notification"."createdAt" AS "notification_createdAt", "notification"."updatedAt" AS "notification_updatedAt" FROM "notifications" "notification" WHERE "notification"."userId" IS NULL ORDER BY "notification"."createdAt" DESC
[32m[Nest] 42887  - [39m03/03/2026, 12:53:14 PM [32m    LOG[39m [38;5;3m[LoggingInterceptor] [39m[32mResponse: GET /api/notifications - Status: 200 - Time: 188ms[39m
[32m[Nest] 42887  - [39m03/03/2026, 12:53:24 PM [32m    LOG[39m [38;5;3m[LoggingInterceptor] [39m[32mIncoming Request: GET /api/notifications - User: anonymous - IP: ::1 - UA: Mozilla/5.0 (Macintosh; Intel Mac OS X 10_15_7) AppleWebKit/537.36 (KHTML, like Gecko) Chrome/145.0.0.0 Safari/537.36[39m
query: SELECT "notification"."id" AS "notification_id", "notification"."type" AS "notification_type", "notification"."title" AS "notification_title", "notification"."message" AS "notification_message", "notification"."data" AS "notification_data", "notification"."status" AS "notification_status", "notification"."userId" AS "notification_userId", "notification"."createdAt" AS "notification_createdAt", "notification"."updatedAt" AS "notification_updatedAt" FROM "notifications" "notification" WHERE "notification"."userId" IS NULL ORDER BY "notification"."createdAt" DESC
[32m[Nest] 42887  - [39m03/03/2026, 12:53:24 PM [32m    LOG[39m [38;5;3m[LoggingInterceptor] [39m[32mResponse: GET /api/notifications - Status: 200 - Time: 196ms[39m
[32m[Nest] 42887  - [39m03/03/2026, 12:53:34 PM [32m    LOG[39m [38;5;3m[LoggingInterceptor] [39m[32mIncoming Request: GET /api/notifications - User: anonymous - IP: ::1 - UA: Mozilla/5.0 (Macintosh; Intel Mac OS X 10_15_7) AppleWebKit/537.36 (KHTML, like Gecko) Chrome/145.0.0.0 Safari/537.36[39m
query: SELECT "notification"."id" AS "notification_id", "notification"."type" AS "notification_type", "notification"."title" AS "notification_title", "notification"."message" AS "notification_message", "notification"."data" AS "notification_data", "notification"."status" AS "notification_status", "notification"."userId" AS "notification_userId", "notification"."createdAt" AS "notification_createdAt", "notification"."updatedAt" AS "notification_updatedAt" FROM "notifications" "notification" WHERE "notification"."userId" IS NULL ORDER BY "notification"."createdAt" DESC
[32m[Nest] 42887  - [39m03/03/2026, 12:53:34 PM [32m    LOG[39m [38;5;3m[LoggingInterceptor] [39m[32mResponse: GET /api/notifications - Status: 200 - Time: 178ms[39m
[32m[Nest] 42887  - [39m03/03/2026, 12:53:44 PM [32m    LOG[39m [38;5;3m[LoggingInterceptor] [39m[32mIncoming Request: GET /api/notifications - User: anonymous - IP: ::1 - UA: Mozilla/5.0 (Macintosh; Intel Mac OS X 10_15_7) AppleWebKit/537.36 (KHTML, like Gecko) Chrome/145.0.0.0 Safari/537.36[39m
query: SELECT "notification"."id" AS "notification_id", "notification"."type" AS "notification_type", "notification"."title" AS "notification_title", "notification"."message" AS "notification_message", "notification"."data" AS "notification_data", "notification"."status" AS "notification_status", "notification"."userId" AS "notification_userId", "notification"."createdAt" AS "notification_createdAt", "notification"."updatedAt" AS "notification_updatedAt" FROM "notifications" "notification" WHERE "notification"."userId" IS NULL ORDER BY "notification"."createdAt" DESC
[32m[Nest] 42887  - [39m03/03/2026, 12:53:44 PM [32m    LOG[39m [38;5;3m[LoggingInterceptor] [39m[32mResponse: GET /api/notifications - Status: 200 - Time: 179ms[39m
[32m[Nest] 42887  - [39m03/03/2026, 12:53:46 PM [32m    LOG[39m [38;5;3m[LoggingInterceptor] [39m[32mIncoming Request: GET /api/products - User: anonymous - IP: ::1 - UA: Mozilla/5.0 (Macintosh; Intel Mac OS X 10_15_7) AppleWebKit/537.36 (KHTML, like Gecko) Chrome/145.0.0.0 Safari/537.36[39m
query: SELECT "Product"."id" AS "Product_id", "Product"."name" AS "Product_name", "Product"."category" AS "Product_category", "Product"."price" AS "Product_price", "Product"."stock" AS "Product_stock", "Product"."description" AS "Product_description", "Product"."imageUrl" AS "Product_imageUrl", "Product"."specifications" AS "Product_specifications", "Product"."discount" AS "Product_discount", "Product"."isSpecial" AS "Product_isSpecial", "Product"."rating" AS "Product_rating", "Product"."features" AS "Product_features", "Product"."images" AS "Product_images", "Product"."imageData" AS "Product_imageData", "Product"."createdAt" AS "Product_createdAt", "Product"."model3dUrl" AS "Product_model3dUrl", "Product"."updatedAt" AS "Product_updatedAt" FROM "products" "Product" ORDER BY "Product"."createdAt" DESC
[32m[Nest] 42887  - [39m03/03/2026, 12:53:46 PM [32m    LOG[39m [38;5;3m[LoggingInterceptor] [39m[32mIncoming Request: GET /api/categories - User: anonymous - IP: ::1 - UA: Mozilla/5.0 (Macintosh; Intel Mac OS X 10_15_7) AppleWebKit/537.36 (KHTML, like Gecko) Chrome/145.0.0.0 Safari/537.36[39m
[32m[Nest] 42887  - [39m03/03/2026, 12:53:46 PM [32m    LOG[39m [38;5;3m[LoggingInterceptor] [39m[32mResponse: GET /api/products - Status: 200 - Time: 57ms[39m
query: SELECT "Category"."id" AS "Category_id", "Category"."name" AS "Category_name", "Category"."slug" AS "Category_slug", "Category"."icon" AS "Category_icon", "Category"."description" AS "Category_description", "Category"."isActive" AS "Category_isActive", "Category"."createdAt" AS "Category_createdAt", "Category"."updatedAt" AS "Category_updatedAt" FROM "categories" "Category" ORDER BY "Category"."createdAt" DESC
[32m[Nest] 42887  - [39m03/03/2026, 12:53:46 PM [32m    LOG[39m [38;5;3m[LoggingInterceptor] [39m[32mResponse: GET /api/categories - Status: 200 - Time: 288ms[39m
[32m[Nest] 42887  - [39m03/03/2026, 12:53:48 PM [32m    LOG[39m [38;5;3m[LoggingInterceptor] [39m[32mIncoming Request: GET /api/sections - User: anonymous - IP: ::1 - UA: Mozilla/5.0 (Macintosh; Intel Mac OS X 10_15_7) AppleWebKit/537.36 (KHTML, like Gecko) Chrome/145.0.0.0 Safari/537.36[39m
query: SELECT "Section"."id" AS "Section_id", "Section"."type" AS "Section_type", "Section"."title" AS "Section_title", "Section"."subtitle" AS "Section_subtitle", "Section"."content" AS "Section_content", "Section"."imageUrl" AS "Section_imageUrl", "Section"."order" AS "Section_order", "Section"."isActive" AS "Section_isActive", "Section"."settings" AS "Section_settings", "Section"."model3dUrl" AS "Section_model3dUrl", "Section"."show3d" AS "Section_show3d", "Section"."showImage" AS "Section_showImage", "Section"."createdAt" AS "Section_createdAt", "Section"."updatedAt" AS "Section_updatedAt" FROM "sections" "Section" WHERE (("Section"."isActive" = $1)) ORDER BY "Section"."order" ASC -- PARAMETERS: [true]
[32m[Nest] 42887  - [39m03/03/2026, 12:53:48 PM [32m    LOG[39m [38;5;3m[LoggingInterceptor] [39m[32mIncoming Request: GET /api/products?sort=rating&limit=4 - User: anonymous - IP: ::1 - UA: Mozilla/5.0 (Macintosh; Intel Mac OS X 10_15_7) AppleWebKit/537.36 (KHTML, like Gecko) Chrome/145.0.0.0 Safari/537.36[39m
query: SELECT "Product"."id" AS "Product_id", "Product"."name" AS "Product_name", "Product"."category" AS "Product_category", "Product"."price" AS "Product_price", "Product"."stock" AS "Product_stock", "Product"."description" AS "Product_description", "Product"."imageUrl" AS "Product_imageUrl", "Product"."specifications" AS "Product_specifications", "Product"."discount" AS "Product_discount", "Product"."isSpecial" AS "Product_isSpecial", "Product"."rating" AS "Product_rating", "Product"."features" AS "Product_features", "Product"."images" AS "Product_images", "Product"."imageData" AS "Product_imageData", "Product"."createdAt" AS "Product_createdAt", "Product"."model3dUrl" AS "Product_model3dUrl", "Product"."updatedAt" AS "Product_updatedAt" FROM "products" "Product" ORDER BY "Product"."createdAt" DESC
[32m[Nest] 42887  - [39m03/03/2026, 12:53:48 PM [32m    LOG[39m [38;5;3m[LoggingInterceptor] [39m[32mIncoming Request: GET /api/products?isSpecial=true - User: anonymous - IP: ::1 - UA: Mozilla/5.0 (Macintosh; Intel Mac OS X 10_15_7) AppleWebKit/537.36 (KHTML, like Gecko) Chrome/145.0.0.0 Safari/537.36[39m
[32m[Nest] 42887  - [39m03/03/2026, 12:53:48 PM [32m    LOG[39m [38;5;3m[LoggingInterceptor] [39m[32mResponse: GET /api/sections - Status: 200 - Time: 58ms[39m
[32m[Nest] 42887  - [39m03/03/2026, 12:53:48 PM [32m    LOG[39m [38;5;3m[LoggingInterceptor] [39m[32mResponse: GET /api/products?sort=rating&limit=4 - Status: 200 - Time: 58ms[39m
query: SELECT "Product"."id" AS "Product_id", "Product"."name" AS "Product_name", "Product"."category" AS "Product_category", "Product"."price" AS "Product_price", "Product"."stock" AS "Product_stock", "Product"."description" AS "Product_description", "Product"."imageUrl" AS "Product_imageUrl", "Product"."specifications" AS "Product_specifications", "Product"."discount" AS "Product_discount", "Product"."isSpecial" AS "Product_isSpecial", "Product"."rating" AS "Product_rating", "Product"."features" AS "Product_features", "Product"."images" AS "Product_images", "Product"."imageData" AS "Product_imageData", "Product"."createdAt" AS "Product_createdAt", "Product"."model3dUrl" AS "Product_model3dUrl", "Product"."updatedAt" AS "Product_updatedAt" FROM "products" "Product" ORDER BY "Product"."createdAt" DESC
[32m[Nest] 42887  - [39m03/03/2026, 12:53:48 PM [32m    LOG[39m [38;5;3m[LoggingInterceptor] [39m[32mResponse: GET /api/products?isSpecial=true - Status: 200 - Time: 290ms[39m
[32m[Nest] 42887  - [39m03/03/2026, 12:53:49 PM [32m    LOG[39m [38;5;3m[LoggingInterceptor] [39m[32mIncoming Request: GET /api/products - User: anonymous - IP: ::1 - UA: Mozilla/5.0 (Macintosh; Intel Mac OS X 10_15_7) AppleWebKit/537.36 (KHTML, like Gecko) Chrome/145.0.0.0 Safari/537.36[39m
query: SELECT "Product"."id" AS "Product_id", "Product"."name" AS "Product_name", "Product"."category" AS "Product_category", "Product"."price" AS "Product_price", "Product"."stock" AS "Product_stock", "Product"."description" AS "Product_description", "Product"."imageUrl" AS "Product_imageUrl", "Product"."specifications" AS "Product_specifications", "Product"."discount" AS "Product_discount", "Product"."isSpecial" AS "Product_isSpecial", "Product"."rating" AS "Product_rating", "Product"."features" AS "Product_features", "Product"."images" AS "Product_images", "Product"."imageData" AS "Product_imageData", "Product"."createdAt" AS "Product_createdAt", "Product"."model3dUrl" AS "Product_model3dUrl", "Product"."updatedAt" AS "Product_updatedAt" FROM "products" "Product" ORDER BY "Product"."createdAt" DESC
[32m[Nest] 42887  - [39m03/03/2026, 12:53:49 PM [32m    LOG[39m [38;5;3m[LoggingInterceptor] [39m[32mIncoming Request: GET /api/categories - User: anonymous - IP: ::1 - UA: Mozilla/5.0 (Macintosh; Intel Mac OS X 10_15_7) AppleWebKit/537.36 (KHTML, like Gecko) Chrome/145.0.0.0 Safari/537.36[39m
query: SELECT "Category"."id" AS "Category_id", "Category"."name" AS "Category_name", "Category"."slug" AS "Category_slug", "Category"."icon" AS "Category_icon", "Category"."description" AS "Category_description", "Category"."isActive" AS "Category_isActive", "Category"."createdAt" AS "Category_createdAt", "Category"."updatedAt" AS "Category_updatedAt" FROM "categories" "Category" ORDER BY "Category"."createdAt" DESC
[32m[Nest] 42887  - [39m03/03/2026, 12:53:49 PM [32m    LOG[39m [38;5;3m[LoggingInterceptor] [39m[32mResponse: GET /api/products - Status: 200 - Time: 69ms[39m
[32m[Nest] 42887  - [39m03/03/2026, 12:53:49 PM [32m    LOG[39m [38;5;3m[LoggingInterceptor] [39m[32mResponse: GET /api/categories - Status: 200 - Time: 68ms[39m
[32m[Nest] 42887  - [39m03/03/2026, 12:53:50 PM [32m    LOG[39m [38;5;3m[LoggingInterceptor] [39m[32mIncoming Request: GET /api/sections - User: anonymous - IP: ::1 - UA: Mozilla/5.0 (Macintosh; Intel Mac OS X 10_15_7) AppleWebKit/537.36 (KHTML, like Gecko) Chrome/145.0.0.0 Safari/537.36[39m
query: SELECT "Section"."id" AS "Section_id", "Section"."type" AS "Section_type", "Section"."title" AS "Section_title", "Section"."subtitle" AS "Section_subtitle", "Section"."content" AS "Section_content", "Section"."imageUrl" AS "Section_imageUrl", "Section"."order" AS "Section_order", "Section"."isActive" AS "Section_isActive", "Section"."settings" AS "Section_settings", "Section"."model3dUrl" AS "Section_model3dUrl", "Section"."show3d" AS "Section_show3d", "Section"."showImage" AS "Section_showImage", "Section"."createdAt" AS "Section_createdAt", "Section"."updatedAt" AS "Section_updatedAt" FROM "sections" "Section" WHERE (("Section"."isActive" = $1)) ORDER BY "Section"."order" ASC -- PARAMETERS: [true]
[32m[Nest] 42887  - [39m03/03/2026, 12:53:50 PM [32m    LOG[39m [38;5;3m[LoggingInterceptor] [39m[32mResponse: GET /api/sections - Status: 200 - Time: 62ms[39m
[32m[Nest] 42887  - [39m03/03/2026, 12:53:53 PM [32m    LOG[39m [38;5;3m[LoggingInterceptor] [39m[32mIncoming Request: GET /api/sections - User: anonymous - IP: ::1 - UA: Mozilla/5.0 (Macintosh; Intel Mac OS X 10_15_7) AppleWebKit/537.36 (KHTML, like Gecko) Chrome/145.0.0.0 Safari/537.36[39m
query: SELECT "Section"."id" AS "Section_id", "Section"."type" AS "Section_type", "Section"."title" AS "Section_title", "Section"."subtitle" AS "Section_subtitle", "Section"."content" AS "Section_content", "Section"."imageUrl" AS "Section_imageUrl", "Section"."order" AS "Section_order", "Section"."isActive" AS "Section_isActive", "Section"."settings" AS "Section_settings", "Section"."model3dUrl" AS "Section_model3dUrl", "Section"."show3d" AS "Section_show3d", "Section"."showImage" AS "Section_showImage", "Section"."createdAt" AS "Section_createdAt", "Section"."updatedAt" AS "Section_updatedAt" FROM "sections" "Section" WHERE (("Section"."isActive" = $1)) ORDER BY "Section"."order" ASC -- PARAMETERS: [true]
[32m[Nest] 42887  - [39m03/03/2026, 12:53:53 PM [32m    LOG[39m [38;5;3m[LoggingInterceptor] [39m[32mResponse: GET /api/sections - Status: 200 - Time: 60ms[39m
[32m[Nest] 42887  - [39m03/03/2026, 12:53:54 PM [32m    LOG[39m [38;5;3m[LoggingInterceptor] [39m[32mIncoming Request: GET /api/notifications - User: anonymous - IP: ::1 - UA: Mozilla/5.0 (Macintosh; Intel Mac OS X 10_15_7) AppleWebKit/537.36 (KHTML, like Gecko) Chrome/145.0.0.0 Safari/537.36[39m
query: SELECT "notification"."id" AS "notification_id", "notification"."type" AS "notification_type", "notification"."title" AS "notification_title", "notification"."message" AS "notification_message", "notification"."data" AS "notification_data", "notification"."status" AS "notification_status", "notification"."userId" AS "notification_userId", "notification"."createdAt" AS "notification_createdAt", "notification"."updatedAt" AS "notification_updatedAt" FROM "notifications" "notification" WHERE "notification"."userId" IS NULL ORDER BY "notification"."createdAt" DESC
[32m[Nest] 42887  - [39m03/03/2026, 12:53:54 PM [32m    LOG[39m [38;5;3m[LoggingInterceptor] [39m[32mResponse: GET /api/notifications - Status: 200 - Time: 187ms[39m
Memory usage: {
  rss: '135.52 MB',
  heapTotal: '58.22 MB',
  heapUsed: '51.75 MB',
  external: '4.06 MB'
}
[32m[Nest] 42887  - [39m03/03/2026, 12:54:04 PM [32m    LOG[39m [38;5;3m[LoggingInterceptor] [39m[32mIncoming Request: GET /api/notifications - User: anonymous - IP: ::1 - UA: Mozilla/5.0 (Macintosh; Intel Mac OS X 10_15_7) AppleWebKit/537.36 (KHTML, like Gecko) Chrome/145.0.0.0 Safari/537.36[39m
query: SELECT "notification"."id" AS "notification_id", "notification"."type" AS "notification_type", "notification"."title" AS "notification_title", "notification"."message" AS "notification_message", "notification"."data" AS "notification_data", "notification"."status" AS "notification_status", "notification"."userId" AS "notification_userId", "notification"."createdAt" AS "notification_createdAt", "notification"."updatedAt" AS "notification_updatedAt" FROM "notifications" "notification" WHERE "notification"."userId" IS NULL ORDER BY "notification"."createdAt" DESC
[32m[Nest] 42887  - [39m03/03/2026, 12:54:04 PM [32m    LOG[39m [38;5;3m[LoggingInterceptor] [39m[32mResponse: GET /api/notifications - Status: 200 - Time: 207ms[39m
[32m[Nest] 42887  - [39m03/03/2026, 12:54:14 PM [32m    LOG[39m [38;5;3m[LoggingInterceptor] [39m[32mIncoming Request: GET /api/notifications - User: anonymous - IP: ::1 - UA: Mozilla/5.0 (Macintosh; Intel Mac OS X 10_15_7) AppleWebKit/537.36 (KHTML, like Gecko) Chrome/145.0.0.0 Safari/537.36[39m
query: SELECT "notification"."id" AS "notification_id", "notification"."type" AS "notification_type", "notification"."title" AS "notification_title", "notification"."message" AS "notification_message", "notification"."data" AS "notification_data", "notification"."status" AS "notification_status", "notification"."userId" AS "notification_userId", "notification"."createdAt" AS "notification_createdAt", "notification"."updatedAt" AS "notification_updatedAt" FROM "notifications" "notification" WHERE "notification"."userId" IS NULL ORDER BY "notification"."createdAt" DESC
[32m[Nest] 42887  - [39m03/03/2026, 12:54:14 PM [32m    LOG[39m [38;5;3m[LoggingInterceptor] [39m[32mResponse: GET /api/notifications - Status: 200 - Time: 185ms[39m
[32m[Nest] 42887  - [39m03/03/2026, 12:54:24 PM [32m    LOG[39m [38;5;3m[LoggingInterceptor] [39m[32mIncoming Request: GET /api/notifications - User: anonymous - IP: ::1 - UA: Mozilla/5.0 (Macintosh; Intel Mac OS X 10_15_7) AppleWebKit/537.36 (KHTML, like Gecko) Chrome/145.0.0.0 Safari/537.36[39m
query: SELECT "notification"."id" AS "notification_id", "notification"."type" AS "notification_type", "notification"."title" AS "notification_title", "notification"."message" AS "notification_message", "notification"."data" AS "notification_data", "notification"."status" AS "notification_status", "notification"."userId" AS "notification_userId", "notification"."createdAt" AS "notification_createdAt", "notification"."updatedAt" AS "notification_updatedAt" FROM "notifications" "notification" WHERE "notification"."userId" IS NULL ORDER BY "notification"."createdAt" DESC
[32m[Nest] 42887  - [39m03/03/2026, 12:54:24 PM [32m    LOG[39m [38;5;3m[LoggingInterceptor] [39m[32mResponse: GET /api/notifications - Status: 200 - Time: 174ms[39m
[32m[Nest] 42887  - [39m03/03/2026, 12:54:34 PM [32m    LOG[39m [38;5;3m[LoggingInterceptor] [39m[32mIncoming Request: GET /api/notifications - User: anonymous - IP: ::1 - UA: Mozilla/5.0 (Macintosh; Intel Mac OS X 10_15_7) AppleWebKit/537.36 (KHTML, like Gecko) Chrome/145.0.0.0 Safari/537.36[39m
query: SELECT "notification"."id" AS "notification_id", "notification"."type" AS "notification_type", "notification"."title" AS "notification_title", "notification"."message" AS "notification_message", "notification"."data" AS "notification_data", "notification"."status" AS "notification_status", "notification"."userId" AS "notification_userId", "notification"."createdAt" AS "notification_createdAt", "notification"."updatedAt" AS "notification_updatedAt" FROM "notifications" "notification" WHERE "notification"."userId" IS NULL ORDER BY "notification"."createdAt" DESC
[32m[Nest] 42887  - [39m03/03/2026, 12:54:34 PM [32m    LOG[39m [38;5;3m[LoggingInterceptor] [39m[32mResponse: GET /api/notifications - Status: 200 - Time: 174ms[39m
[32m[Nest] 42887  - [39m03/03/2026, 12:54:35 PM [32m    LOG[39m [38;5;3m[LoggingInterceptor] [39m[32mIncoming Request: GET /api/sections - User: anonymous - IP: ::1 - UA: Mozilla/5.0 (Macintosh; Intel Mac OS X 10_15_7) AppleWebKit/537.36 (KHTML, like Gecko) Chrome/145.0.0.0 Safari/537.36[39m
query: SELECT "Section"."id" AS "Section_id", "Section"."type" AS "Section_type", "Section"."title" AS "Section_title", "Section"."subtitle" AS "Section_subtitle", "Section"."content" AS "Section_content", "Section"."imageUrl" AS "Section_imageUrl", "Section"."order" AS "Section_order", "Section"."isActive" AS "Section_isActive", "Section"."settings" AS "Section_settings", "Section"."model3dUrl" AS "Section_model3dUrl", "Section"."show3d" AS "Section_show3d", "Section"."showImage" AS "Section_showImage", "Section"."createdAt" AS "Section_createdAt", "Section"."updatedAt" AS "Section_updatedAt" FROM "sections" "Section" WHERE (("Section"."isActive" = $1)) ORDER BY "Section"."order" ASC -- PARAMETERS: [true]
[32m[Nest] 42887  - [39m03/03/2026, 12:54:35 PM [32m    LOG[39m [38;5;3m[LoggingInterceptor] [39m[32mIncoming Request: GET /api/products?sort=rating&limit=4 - User: anonymous - IP: ::1 - UA: Mozilla/5.0 (Macintosh; Intel Mac OS X 10_15_7) AppleWebKit/537.36 (KHTML, like Gecko) Chrome/145.0.0.0 Safari/537.36[39m
[32m[Nest] 42887  - [39m03/03/2026, 12:54:35 PM [32m    LOG[39m [38;5;3m[LoggingInterceptor] [39m[32mIncoming Request: GET /api/products?isSpecial=true - User: anonymous - IP: ::1 - UA: Mozilla/5.0 (Macintosh; Intel Mac OS X 10_15_7) AppleWebKit/537.36 (KHTML, like Gecko) Chrome/145.0.0.0 Safari/537.36[39m
[32m[Nest] 42887  - [39m03/03/2026, 12:54:35 PM [32m    LOG[39m [38;5;3m[LoggingInterceptor] [39m[32mResponse: GET /api/sections - Status: 200 - Time: 59ms[39m
query: SELECT "Product"."id" AS "Product_id", "Product"."name" AS "Product_name", "Product"."category" AS "Product_category", "Product"."price" AS "Product_price", "Product"."stock" AS "Product_stock", "Product"."description" AS "Product_description", "Product"."imageUrl" AS "Product_imageUrl", "Product"."specifications" AS "Product_specifications", "Product"."discount" AS "Product_discount", "Product"."isSpecial" AS "Product_isSpecial", "Product"."rating" AS "Product_rating", "Product"."features" AS "Product_features", "Product"."images" AS "Product_images", "Product"."imageData" AS "Product_imageData", "Product"."createdAt" AS "Product_createdAt", "Product"."model3dUrl" AS "Product_model3dUrl", "Product"."updatedAt" AS "Product_updatedAt" FROM "products" "Product" ORDER BY "Product"."createdAt" DESC
query: SELECT "Product"."id" AS "Product_id", "Product"."name" AS "Product_name", "Product"."category" AS "Product_category", "Product"."price" AS "Product_price", "Product"."stock" AS "Product_stock", "Product"."description" AS "Product_description", "Product"."imageUrl" AS "Product_imageUrl", "Product"."specifications" AS "Product_specifications", "Product"."discount" AS "Product_discount", "Product"."isSpecial" AS "Product_isSpecial", "Product"."rating" AS "Product_rating", "Product"."features" AS "Product_features", "Product"."images" AS "Product_images", "Product"."imageData" AS "Product_imageData", "Product"."createdAt" AS "Product_createdAt", "Product"."model3dUrl" AS "Product_model3dUrl", "Product"."updatedAt" AS "Product_updatedAt" FROM "products" "Product" ORDER BY "Product"."createdAt" DESC
[32m[Nest] 42887  - [39m03/03/2026, 12:54:35 PM [32m    LOG[39m [38;5;3m[LoggingInterceptor] [39m[32mResponse: GET /api/products?sort=rating&limit=4 - Status: 200 - Time: 354ms[39m
[32m[Nest] 42887  - [39m03/03/2026, 12:54:35 PM [32m    LOG[39m [38;5;3m[LoggingInterceptor] [39m[32mResponse: GET /api/products?isSpecial=true - Status: 200 - Time: 354ms[39m
[32m[Nest] 42887  - [39m03/03/2026, 12:54:36 PM [32m    LOG[39m [38;5;3m[LoggingInterceptor] [39m[32mIncoming Request: GET /api/products - User: anonymous - IP: ::1 - UA: Mozilla/5.0 (Macintosh; Intel Mac OS X 10_15_7) AppleWebKit/537.36 (KHTML, like Gecko) Chrome/145.0.0.0 Safari/537.36[39m
query: SELECT "Product"."id" AS "Product_id", "Product"."name" AS "Product_name", "Product"."category" AS "Product_category", "Product"."price" AS "Product_price", "Product"."stock" AS "Product_stock", "Product"."description" AS "Product_description", "Product"."imageUrl" AS "Product_imageUrl", "Product"."specifications" AS "Product_specifications", "Product"."discount" AS "Product_discount", "Product"."isSpecial" AS "Product_isSpecial", "Product"."rating" AS "Product_rating", "Product"."features" AS "Product_features", "Product"."images" AS "Product_images", "Product"."imageData" AS "Product_imageData", "Product"."createdAt" AS "Product_createdAt", "Product"."model3dUrl" AS "Product_model3dUrl", "Product"."updatedAt" AS "Product_updatedAt" FROM "products" "Product" ORDER BY "Product"."createdAt" DESC
[32m[Nest] 42887  - [39m03/03/2026, 12:54:36 PM [32m    LOG[39m [38;5;3m[LoggingInterceptor] [39m[32mIncoming Request: GET /api/categories - User: anonymous - IP: ::1 - UA: Mozilla/5.0 (Macintosh; Intel Mac OS X 10_15_7) AppleWebKit/537.36 (KHTML, like Gecko) Chrome/145.0.0.0 Safari/537.36[39m
query: SELECT "Category"."id" AS "Category_id", "Category"."name" AS "Category_name", "Category"."slug" AS "Category_slug", "Category"."icon" AS "Category_icon", "Category"."description" AS "Category_description", "Category"."isActive" AS "Category_isActive", "Category"."createdAt" AS "Category_createdAt", "Category"."updatedAt" AS "Category_updatedAt" FROM "categories" "Category" ORDER BY "Category"."createdAt" DESC
[32m[Nest] 42887  - [39m03/03/2026, 12:54:36 PM [32m    LOG[39m [38;5;3m[LoggingInterceptor] [39m[32mResponse: GET /api/categories - Status: 200 - Time: 63ms[39m
[32m[Nest] 42887  - [39m03/03/2026, 12:54:36 PM [32m    LOG[39m [38;5;3m[LoggingInterceptor] [39m[32mResponse: GET /api/products - Status: 200 - Time: 66ms[39m
[32m[Nest] 42887  - [39m03/03/2026, 12:54:37 PM [32m    LOG[39m [38;5;3m[LoggingInterceptor] [39m[32mIncoming Request: GET /api/sections - User: anonymous - IP: ::1 - UA: Mozilla/5.0 (Macintosh; Intel Mac OS X 10_15_7) AppleWebKit/537.36 (KHTML, like Gecko) Chrome/145.0.0.0 Safari/537.36[39m
query: SELECT "Section"."id" AS "Section_id", "Section"."type" AS "Section_type", "Section"."title" AS "Section_title", "Section"."subtitle" AS "Section_subtitle", "Section"."content" AS "Section_content", "Section"."imageUrl" AS "Section_imageUrl", "Section"."order" AS "Section_order", "Section"."isActive" AS "Section_isActive", "Section"."settings" AS "Section_settings", "Section"."model3dUrl" AS "Section_model3dUrl", "Section"."show3d" AS "Section_show3d", "Section"."showImage" AS "Section_showImage", "Section"."createdAt" AS "Section_createdAt", "Section"."updatedAt" AS "Section_updatedAt" FROM "sections" "Section" WHERE (("Section"."isActive" = $1)) ORDER BY "Section"."order" ASC -- PARAMETERS: [true]
[32m[Nest] 42887  - [39m03/03/2026, 12:54:37 PM [32m    LOG[39m [38;5;3m[LoggingInterceptor] [39m[32mResponse: GET /api/sections - Status: 200 - Time: 62ms[39m
[32m[Nest] 42887  - [39m03/03/2026, 12:54:39 PM [32m    LOG[39m [38;5;3m[LoggingInterceptor] [39m[32mIncoming Request: GET /api/notifications - User: anonymous - IP: ::1 - UA: Mozilla/5.0 (Macintosh; Intel Mac OS X 10_15_7) AppleWebKit/537.36 (KHTML, like Gecko) Chrome/145.0.0.0 Safari/537.36[39m
query: SELECT "notification"."id" AS "notification_id", "notification"."type" AS "notification_type", "notification"."title" AS "notification_title", "notification"."message" AS "notification_message", "notification"."data" AS "notification_data", "notification"."status" AS "notification_status", "notification"."userId" AS "notification_userId", "notification"."createdAt" AS "notification_createdAt", "notification"."updatedAt" AS "notification_updatedAt" FROM "notifications" "notification" WHERE "notification"."userId" IS NULL ORDER BY "notification"."createdAt" DESC
[32m[Nest] 42887  - [39m03/03/2026, 12:54:39 PM [32m    LOG[39m [38;5;3m[LoggingInterceptor] [39m[32mIncoming Request: GET /api/products - User: anonymous - IP: ::1 - UA: Mozilla/5.0 (Macintosh; Intel Mac OS X 10_15_7) AppleWebKit/537.36 (KHTML, like Gecko) Chrome/145.0.0.0 Safari/537.36[39m
query: SELECT "Product"."id" AS "Product_id", "Product"."name" AS "Product_name", "Product"."category" AS "Product_category", "Product"."price" AS "Product_price", "Product"."stock" AS "Product_stock", "Product"."description" AS "Product_description", "Product"."imageUrl" AS "Product_imageUrl", "Product"."specifications" AS "Product_specifications", "Product"."discount" AS "Product_discount", "Product"."isSpecial" AS "Product_isSpecial", "Product"."rating" AS "Product_rating", "Product"."features" AS "Product_features", "Product"."images" AS "Product_images", "Product"."imageData" AS "Product_imageData", "Product"."createdAt" AS "Product_createdAt", "Product"."model3dUrl" AS "Product_model3dUrl", "Product"."updatedAt" AS "Product_updatedAt" FROM "products" "Product" ORDER BY "Product"."createdAt" DESC
[32m[Nest] 42887  - [39m03/03/2026, 12:54:39 PM [32m    LOG[39m [38;5;3m[LoggingInterceptor] [39m[32mIncoming Request: GET /api/notifications/unread/count - User: anonymous - IP: ::1 - UA: Mozilla/5.0 (Macintosh; Intel Mac OS X 10_15_7) AppleWebKit/537.36 (KHTML, like Gecko) Chrome/145.0.0.0 Safari/537.36[39m
[32m[Nest] 42887  - [39m03/03/2026, 12:54:39 PM [32m    LOG[39m [38;5;3m[LoggingInterceptor] [39m[32mResponse: GET /api/notifications/unread/count - Status: 200 - Time: 1ms[39m
query: SELECT COUNT(1) AS "cnt" FROM "notifications" "notification" WHERE "notification"."status" = $1 AND "notification"."userId" IS NULL -- PARAMETERS: ["unread"]
[32m[Nest] 42887  - [39m03/03/2026, 12:54:39 PM [32m    LOG[39m [38;5;3m[LoggingInterceptor] [39m[32mIncoming Request: GET /api/orders - User: anonymous - IP: ::1 - UA: Mozilla/5.0 (Macintosh; Intel Mac OS X 10_15_7) AppleWebKit/537.36 (KHTML, like Gecko) Chrome/145.0.0.0 Safari/537.36[39m
[32m[Nest] 42887  - [39m03/03/2026, 12:54:39 PM [32m    LOG[39m [38;5;3m[LoggingInterceptor] [39m[32mIncoming Request: GET /api/users - User: anonymous - IP: ::1 - UA: Mozilla/5.0 (Macintosh; Intel Mac OS X 10_15_7) AppleWebKit/537.36 (KHTML, like Gecko) Chrome/145.0.0.0 Safari/537.36[39m
[32m[Nest] 42887  - [39m03/03/2026, 12:54:39 PM [32m    LOG[39m [38;5;3m[LoggingInterceptor] [39m[32mResponse: GET /api/products - Status: 200 - Time: 63ms[39m
[32m[Nest] 42887  - [39m03/03/2026, 12:54:39 PM [32m    LOG[39m [38;5;3m[LoggingInterceptor] [39m[32mResponse: GET /api/notifications - Status: 200 - Time: 180ms[39m
query: SELECT "User"."id" AS "User_id", "User"."email" AS "User_email", "User"."name" AS "User_name", "User"."password" AS "User_password", "User"."role" AS "User_role", "User"."status" AS "User_status", "User"."phone" AS "User_phone", "User"."avatar" AS "User_avatar", "User"."createdAt" AS "User_createdAt", "User"."updatedAt" AS "User_updatedAt" FROM "users" "User" WHERE (("User"."id" = $1)) LIMIT 1 -- PARAMETERS: [4]
query: SELECT "Order"."id" AS "Order_id", "Order"."customerName" AS "Order_customerName", "Order"."customerEmail" AS "Order_customerEmail", "Order"."customerPhone" AS "Order_customerPhone", "Order"."items" AS "Order_items", "Order"."totalAmount" AS "Order_totalAmount", "Order"."status" AS "Order_status", "Order"."shippingAddress" AS "Order_shippingAddress", "Order"."city" AS "Order_city", "Order"."postalCode" AS "Order_postalCode", "Order"."country" AS "Order_country", "Order"."notes" AS "Order_notes", "Order"."paymentMethod" AS "Order_paymentMethod", "Order"."createdAt" AS "Order_createdAt", "Order"."updatedAt" AS "Order_updatedAt" FROM "orders" "Order" ORDER BY "Order"."createdAt" DESC
query: SELECT "User"."id" AS "User_id", "User"."email" AS "User_email", "User"."name" AS "User_name", "User"."password" AS "User_password", "User"."role" AS "User_role", "User"."status" AS "User_status", "User"."phone" AS "User_phone", "User"."avatar" AS "User_avatar", "User"."createdAt" AS "User_createdAt", "User"."updatedAt" AS "User_updatedAt" FROM "users" "User" ORDER BY "User"."id" ASC LIMIT 10 OFFSET 0
[32m[Nest] 42887  - [39m03/03/2026, 12:54:39 PM [32m    LOG[39m [38;5;3m[LoggingInterceptor] [39m[32mIncoming Request: GET /api/payments - User: 4 - IP: ::1 - UA: Mozilla/5.0 (Macintosh; Intel Mac OS X 10_15_7) AppleWebKit/537.36 (KHTML, like Gecko) Chrome/145.0.0.0 Safari/537.36[39m
query: SELECT "Payment"."id" AS "Payment_id", "Payment"."orderId" AS "Payment_orderId", "Payment"."amount" AS "Payment_amount", "Payment"."currency" AS "Payment_currency", "Payment"."paymentMethod" AS "Payment_paymentMethod", "Payment"."status" AS "Payment_status", "Payment"."description" AS "Payment_description", "Payment"."transactionId" AS "Payment_transactionId", "Payment"."liqpayPaymentId" AS "Payment_liqpayPaymentId", "Payment"."customerEmail" AS "Payment_customerEmail", "Payment"."customerPhone" AS "Payment_customerPhone", "Payment"."metadata" AS "Payment_metadata", "Payment"."errorMessage" AS "Payment_errorMessage", "Payment"."createdAt" AS "Payment_createdAt", "Payment"."updatedAt" AS "Payment_updatedAt" FROM "payments" "Payment" ORDER BY "Payment"."createdAt" DESC
query: SELECT COUNT(1) AS "cnt" FROM "users" "User"
[32m[Nest] 42887  - [39m03/03/2026, 12:54:39 PM [32m    LOG[39m [38;5;3m[LoggingInterceptor] [39m[32mResponse: GET /api/users - Status: 200 - Time: 366ms[39m
[32m[Nest] 42887  - [39m03/03/2026, 12:54:39 PM [32m    LOG[39m [38;5;3m[LoggingInterceptor] [39m[32mResponse: GET /api/orders - Status: 200 - Time: 435ms[39m
[32m[Nest] 42887  - [39m03/03/2026, 12:54:39 PM [32m    LOG[39m [38;5;3m[LoggingInterceptor] [39m[32mResponse: GET /api/payments - Status: 200 - Time: 128ms[39m
[32m[Nest] 42887  - [39m03/03/2026, 12:54:39 PM [32m    LOG[39m [38;5;3m[LoggingInterceptor] [39m[32mIncoming Request: GET /api/orders - User: anonymous - IP: ::1 - UA: Mozilla/5.0 (Macintosh; Intel Mac OS X 10_15_7) AppleWebKit/537.36 (KHTML, like Gecko) Chrome/145.0.0.0 Safari/537.36[39m
query: SELECT "Order"."id" AS "Order_id", "Order"."customerName" AS "Order_customerName", "Order"."customerEmail" AS "Order_customerEmail", "Order"."customerPhone" AS "Order_customerPhone", "Order"."items" AS "Order_items", "Order"."totalAmount" AS "Order_totalAmount", "Order"."status" AS "Order_status", "Order"."shippingAddress" AS "Order_shippingAddress", "Order"."city" AS "Order_city", "Order"."postalCode" AS "Order_postalCode", "Order"."country" AS "Order_country", "Order"."notes" AS "Order_notes", "Order"."paymentMethod" AS "Order_paymentMethod", "Order"."createdAt" AS "Order_createdAt", "Order"."updatedAt" AS "Order_updatedAt" FROM "orders" "Order" ORDER BY "Order"."createdAt" DESC
query: SELECT "User"."id" AS "User_id", "User"."email" AS "User_email", "User"."name" AS "User_name", "User"."password" AS "User_password", "User"."role" AS "User_role", "User"."status" AS "User_status", "User"."phone" AS "User_phone", "User"."avatar" AS "User_avatar", "User"."createdAt" AS "User_createdAt", "User"."updatedAt" AS "User_updatedAt" FROM "users" "User" WHERE (("User"."id" = $1)) LIMIT 1 -- PARAMETERS: [4]
[32m[Nest] 42887  - [39m03/03/2026, 12:54:39 PM [32m    LOG[39m [38;5;3m[LoggingInterceptor] [39m[32mIncoming Request: GET /api/payments - User: 4 - IP: ::1 - UA: Mozilla/5.0 (Macintosh; Intel Mac OS X 10_15_7) AppleWebKit/537.36 (KHTML, like Gecko) Chrome/145.0.0.0 Safari/537.36[39m
query: SELECT "Payment"."id" AS "Payment_id", "Payment"."orderId" AS "Payment_orderId", "Payment"."amount" AS "Payment_amount", "Payment"."currency" AS "Payment_currency", "Payment"."paymentMethod" AS "Payment_paymentMethod", "Payment"."status" AS "Payment_status", "Payment"."description" AS "Payment_description", "Payment"."transactionId" AS "Payment_transactionId", "Payment"."liqpayPaymentId" AS "Payment_liqpayPaymentId", "Payment"."customerEmail" AS "Payment_customerEmail", "Payment"."customerPhone" AS "Payment_customerPhone", "Payment"."metadata" AS "Payment_metadata", "Payment"."errorMessage" AS "Payment_errorMessage", "Payment"."createdAt" AS "Payment_createdAt", "Payment"."updatedAt" AS "Payment_updatedAt" FROM "payments" "Payment" ORDER BY "Payment"."createdAt" DESC
[32m[Nest] 42887  - [39m03/03/2026, 12:54:39 PM [32m    LOG[39m [38;5;3m[LoggingInterceptor] [39m[32mResponse: GET /api/orders - Status: 200 - Time: 118ms[39m
[32m[Nest] 42887  - [39m03/03/2026, 12:54:39 PM [32m    LOG[39m [38;5;3m[LoggingInterceptor] [39m[32mIncoming Request: GET /api/orders - User: anonymous - IP: ::1 - UA: Mozilla/5.0 (Macintosh; Intel Mac OS X 10_15_7) AppleWebKit/537.36 (KHTML, like Gecko) Chrome/145.0.0.0 Safari/537.36[39m
query: SELECT "Order"."id" AS "Order_id", "Order"."customerName" AS "Order_customerName", "Order"."customerEmail" AS "Order_customerEmail", "Order"."customerPhone" AS "Order_customerPhone", "Order"."items" AS "Order_items", "Order"."totalAmount" AS "Order_totalAmount", "Order"."status" AS "Order_status", "Order"."shippingAddress" AS "Order_shippingAddress", "Order"."city" AS "Order_city", "Order"."postalCode" AS "Order_postalCode", "Order"."country" AS "Order_country", "Order"."notes" AS "Order_notes", "Order"."paymentMethod" AS "Order_paymentMethod", "Order"."createdAt" AS "Order_createdAt", "Order"."updatedAt" AS "Order_updatedAt" FROM "orders" "Order" ORDER BY "Order"."createdAt" DESC
[32m[Nest] 42887  - [39m03/03/2026, 12:54:39 PM [32m    LOG[39m [38;5;3m[LoggingInterceptor] [39m[32mResponse: GET /api/payments - Status: 200 - Time: 66ms[39m
[32m[Nest] 42887  - [39m03/03/2026, 12:54:40 PM [32m    LOG[39m [38;5;3m[LoggingInterceptor] [39m[32mResponse: GET /api/orders - Status: 200 - Time: 60ms[39m
[32m[Nest] 42887  - [39m03/03/2026, 12:54:41 PM [32m    LOG[39m [38;5;3m[LoggingInterceptor] [39m[32mIncoming Request: GET /api/sections - User: anonymous - IP: ::1 - UA: Mozilla/5.0 (Macintosh; Intel Mac OS X 10_15_7) AppleWebKit/537.36 (KHTML, like Gecko) Chrome/145.0.0.0 Safari/537.36[39m
query: SELECT "Section"."id" AS "Section_id", "Section"."type" AS "Section_type", "Section"."title" AS "Section_title", "Section"."subtitle" AS "Section_subtitle", "Section"."content" AS "Section_content", "Section"."imageUrl" AS "Section_imageUrl", "Section"."order" AS "Section_order", "Section"."isActive" AS "Section_isActive", "Section"."settings" AS "Section_settings", "Section"."model3dUrl" AS "Section_model3dUrl", "Section"."show3d" AS "Section_show3d", "Section"."showImage" AS "Section_showImage", "Section"."createdAt" AS "Section_createdAt", "Section"."updatedAt" AS "Section_updatedAt" FROM "sections" "Section" WHERE (("Section"."isActive" = $1)) ORDER BY "Section"."order" ASC -- PARAMETERS: [true]
[32m[Nest] 42887  - [39m03/03/2026, 12:54:41 PM [32m    LOG[39m [38;5;3m[LoggingInterceptor] [39m[32mIncoming Request: GET /api/products?sort=rating&limit=4 - User: anonymous - IP: ::1 - UA: Mozilla/5.0 (Macintosh; Intel Mac OS X 10_15_7) AppleWebKit/537.36 (KHTML, like Gecko) Chrome/145.0.0.0 Safari/537.36[39m
query: SELECT "Product"."id" AS "Product_id", "Product"."name" AS "Product_name", "Product"."category" AS "Product_category", "Product"."price" AS "Product_price", "Product"."stock" AS "Product_stock", "Product"."description" AS "Product_description", "Product"."imageUrl" AS "Product_imageUrl", "Product"."specifications" AS "Product_specifications", "Product"."discount" AS "Product_discount", "Product"."isSpecial" AS "Product_isSpecial", "Product"."rating" AS "Product_rating", "Product"."features" AS "Product_features", "Product"."images" AS "Product_images", "Product"."imageData" AS "Product_imageData", "Product"."createdAt" AS "Product_createdAt", "Product"."model3dUrl" AS "Product_model3dUrl", "Product"."updatedAt" AS "Product_updatedAt" FROM "products" "Product" ORDER BY "Product"."createdAt" DESC
[32m[Nest] 42887  - [39m03/03/2026, 12:54:41 PM [32m    LOG[39m [38;5;3m[LoggingInterceptor] [39m[32mIncoming Request: GET /api/products?isSpecial=true - User: anonymous - IP: ::1 - UA: Mozilla/5.0 (Macintosh; Intel Mac OS X 10_15_7) AppleWebKit/537.36 (KHTML, like Gecko) Chrome/145.0.0.0 Safari/537.36[39m
query: SELECT "Product"."id" AS "Product_id", "Product"."name" AS "Product_name", "Product"."category" AS "Product_category", "Product"."price" AS "Product_price", "Product"."stock" AS "Product_stock", "Product"."description" AS "Product_description", "Product"."imageUrl" AS "Product_imageUrl", "Product"."specifications" AS "Product_specifications", "Product"."discount" AS "Product_discount", "Product"."isSpecial" AS "Product_isSpecial", "Product"."rating" AS "Product_rating", "Product"."features" AS "Product_features", "Product"."images" AS "Product_images", "Product"."imageData" AS "Product_imageData", "Product"."createdAt" AS "Product_createdAt", "Product"."model3dUrl" AS "Product_model3dUrl", "Product"."updatedAt" AS "Product_updatedAt" FROM "products" "Product" ORDER BY "Product"."createdAt" DESC
[32m[Nest] 42887  - [39m03/03/2026, 12:54:41 PM [32m    LOG[39m [38;5;3m[LoggingInterceptor] [39m[32mResponse: GET /api/sections - Status: 200 - Time: 59ms[39m
[32m[Nest] 42887  - [39m03/03/2026, 12:54:41 PM [32m    LOG[39m [38;5;3m[LoggingInterceptor] [39m[32mIncoming Request: GET /api/sections - User: anonymous - IP: ::1 - UA: Mozilla/5.0 (Macintosh; Intel Mac OS X 10_15_7) AppleWebKit/537.36 (KHTML, like Gecko) Chrome/145.0.0.0 Safari/537.36[39m
query: SELECT "Section"."id" AS "Section_id", "Section"."type" AS "Section_type", "Section"."title" AS "Section_title", "Section"."subtitle" AS "Section_subtitle", "Section"."content" AS "Section_content", "Section"."imageUrl" AS "Section_imageUrl", "Section"."order" AS "Section_order", "Section"."isActive" AS "Section_isActive", "Section"."settings" AS "Section_settings", "Section"."model3dUrl" AS "Section_model3dUrl", "Section"."show3d" AS "Section_show3d", "Section"."showImage" AS "Section_showImage", "Section"."createdAt" AS "Section_createdAt", "Section"."updatedAt" AS "Section_updatedAt" FROM "sections" "Section" WHERE (("Section"."isActive" = $1)) ORDER BY "Section"."order" ASC -- PARAMETERS: [true]
[32m[Nest] 42887  - [39m03/03/2026, 12:54:41 PM [32m    LOG[39m [38;5;3m[LoggingInterceptor] [39m[32mResponse: GET /api/products?sort=rating&limit=4 - Status: 200 - Time: 59ms[39m
[32m[Nest] 42887  - [39m03/03/2026, 12:54:41 PM [32m    LOG[39m [38;5;3m[LoggingInterceptor] [39m[32mResponse: GET /api/products?isSpecial=true - Status: 200 - Time: 59ms[39m
[32m[Nest] 42887  - [39m03/03/2026, 12:54:41 PM [32m    LOG[39m [38;5;3m[LoggingInterceptor] [39m[32mResponse: GET /api/sections - Status: 200 - Time: 55ms[39m
[32m[Nest] 42887  - [39m03/03/2026, 12:54:41 PM [32m    LOG[39m [38;5;3m[LoggingInterceptor] [39m[32mIncoming Request: GET /api/sections - User: anonymous - IP: ::1 - UA: Mozilla/5.0 (Macintosh; Intel Mac OS X 10_15_7) AppleWebKit/537.36 (KHTML, like Gecko) Chrome/145.0.0.0 Safari/537.36[39m
query: SELECT "Section"."id" AS "Section_id", "Section"."type" AS "Section_type", "Section"."title" AS "Section_title", "Section"."subtitle" AS "Section_subtitle", "Section"."content" AS "Section_content", "Section"."imageUrl" AS "Section_imageUrl", "Section"."order" AS "Section_order", "Section"."isActive" AS "Section_isActive", "Section"."settings" AS "Section_settings", "Section"."model3dUrl" AS "Section_model3dUrl", "Section"."show3d" AS "Section_show3d", "Section"."showImage" AS "Section_showImage", "Section"."createdAt" AS "Section_createdAt", "Section"."updatedAt" AS "Section_updatedAt" FROM "sections" "Section" WHERE (("Section"."isActive" = $1)) ORDER BY "Section"."order" ASC -- PARAMETERS: [true]
[32m[Nest] 42887  - [39m03/03/2026, 12:54:41 PM [32m    LOG[39m [38;5;3m[LoggingInterceptor] [39m[32mResponse: GET /api/sections - Status: 200 - Time: 54ms[39m
[32m[Nest] 42887  - [39m03/03/2026, 12:54:42 PM [32m    LOG[39m [38;5;3m[LoggingInterceptor] [39m[32mIncoming Request: GET /api/sections - User: anonymous - IP: ::1 - UA: Mozilla/5.0 (Macintosh; Intel Mac OS X 10_15_7) AppleWebKit/537.36 (KHTML, like Gecko) Chrome/145.0.0.0 Safari/537.36[39m
query: SELECT "Section"."id" AS "Section_id", "Section"."type" AS "Section_type", "Section"."title" AS "Section_title", "Section"."subtitle" AS "Section_subtitle", "Section"."content" AS "Section_content", "Section"."imageUrl" AS "Section_imageUrl", "Section"."order" AS "Section_order", "Section"."isActive" AS "Section_isActive", "Section"."settings" AS "Section_settings", "Section"."model3dUrl" AS "Section_model3dUrl", "Section"."show3d" AS "Section_show3d", "Section"."showImage" AS "Section_showImage", "Section"."createdAt" AS "Section_createdAt", "Section"."updatedAt" AS "Section_updatedAt" FROM "sections" "Section" WHERE (("Section"."isActive" = $1)) ORDER BY "Section"."order" ASC -- PARAMETERS: [true]
[32m[Nest] 42887  - [39m03/03/2026, 12:54:42 PM [32m    LOG[39m [38;5;3m[LoggingInterceptor] [39m[32mResponse: GET /api/sections - Status: 200 - Time: 58ms[39m
[32m[Nest] 42887  - [39m03/03/2026, 12:54:44 PM [32m    LOG[39m [38;5;3m[LoggingInterceptor] [39m[32mIncoming Request: GET /api/sections - User: anonymous - IP: ::1 - UA: Mozilla/5.0 (Macintosh; Intel Mac OS X 10_15_7) AppleWebKit/537.36 (KHTML, like Gecko) Chrome/145.0.0.0 Safari/537.36[39m
query: SELECT "Section"."id" AS "Section_id", "Section"."type" AS "Section_type", "Section"."title" AS "Section_title", "Section"."subtitle" AS "Section_subtitle", "Section"."content" AS "Section_content", "Section"."imageUrl" AS "Section_imageUrl", "Section"."order" AS "Section_order", "Section"."isActive" AS "Section_isActive", "Section"."settings" AS "Section_settings", "Section"."model3dUrl" AS "Section_model3dUrl", "Section"."show3d" AS "Section_show3d", "Section"."showImage" AS "Section_showImage", "Section"."createdAt" AS "Section_createdAt", "Section"."updatedAt" AS "Section_updatedAt" FROM "sections" "Section" WHERE (("Section"."isActive" = $1)) ORDER BY "Section"."order" ASC -- PARAMETERS: [true]
[32m[Nest] 42887  - [39m03/03/2026, 12:54:44 PM [32m    LOG[39m [38;5;3m[LoggingInterceptor] [39m[32mIncoming Request: GET /api/products?sort=rating&limit=4 - User: anonymous - IP: ::1 - UA: Mozilla/5.0 (Macintosh; Intel Mac OS X 10_15_7) AppleWebKit/537.36 (KHTML, like Gecko) Chrome/145.0.0.0 Safari/537.36[39m
query: SELECT "Product"."id" AS "Product_id", "Product"."name" AS "Product_name", "Product"."category" AS "Product_category", "Product"."price" AS "Product_price", "Product"."stock" AS "Product_stock", "Product"."description" AS "Product_description", "Product"."imageUrl" AS "Product_imageUrl", "Product"."specifications" AS "Product_specifications", "Product"."discount" AS "Product_discount", "Product"."isSpecial" AS "Product_isSpecial", "Product"."rating" AS "Product_rating", "Product"."features" AS "Product_features", "Product"."images" AS "Product_images", "Product"."imageData" AS "Product_imageData", "Product"."createdAt" AS "Product_createdAt", "Product"."model3dUrl" AS "Product_model3dUrl", "Product"."updatedAt" AS "Product_updatedAt" FROM "products" "Product" ORDER BY "Product"."createdAt" DESC
[32m[Nest] 42887  - [39m03/03/2026, 12:54:44 PM [32m    LOG[39m [38;5;3m[LoggingInterceptor] [39m[32mIncoming Request: GET /api/products?isSpecial=true - User: anonymous - IP: ::1 - UA: Mozilla/5.0 (Macintosh; Intel Mac OS X 10_15_7) AppleWebKit/537.36 (KHTML, like Gecko) Chrome/145.0.0.0 Safari/537.36[39m
query: SELECT "Product"."id" AS "Product_id", "Product"."name" AS "Product_name", "Product"."category" AS "Product_category", "Product"."price" AS "Product_price", "Product"."stock" AS "Product_stock", "Product"."description" AS "Product_description", "Product"."imageUrl" AS "Product_imageUrl", "Product"."specifications" AS "Product_specifications", "Product"."discount" AS "Product_discount", "Product"."isSpecial" AS "Product_isSpecial", "Product"."rating" AS "Product_rating", "Product"."features" AS "Product_features", "Product"."images" AS "Product_images", "Product"."imageData" AS "Product_imageData", "Product"."createdAt" AS "Product_createdAt", "Product"."model3dUrl" AS "Product_model3dUrl", "Product"."updatedAt" AS "Product_updatedAt" FROM "products" "Product" ORDER BY "Product"."createdAt" DESC
[32m[Nest] 42887  - [39m03/03/2026, 12:54:44 PM [32m    LOG[39m [38;5;3m[LoggingInterceptor] [39m[32mResponse: GET /api/sections - Status: 200 - Time: 58ms[39m
[32m[Nest] 42887  - [39m03/03/2026, 12:54:44 PM [32m    LOG[39m [38;5;3m[LoggingInterceptor] [39m[32mResponse: GET /api/products?sort=rating&limit=4 - Status: 200 - Time: 58ms[39m
[32m[Nest] 42887  - [39m03/03/2026, 12:54:44 PM [32m    LOG[39m [38;5;3m[LoggingInterceptor] [39m[32mResponse: GET /api/products?isSpecial=true - Status: 200 - Time: 68ms[39m
[32m[Nest] 42887  - [39m03/03/2026, 12:54:44 PM [32m    LOG[39m [38;5;3m[LoggingInterceptor] [39m[32mIncoming Request: GET /api/notifications - User: anonymous - IP: ::1 - UA: Mozilla/5.0 (Macintosh; Intel Mac OS X 10_15_7) AppleWebKit/537.36 (KHTML, like Gecko) Chrome/145.0.0.0 Safari/537.36[39m
query: SELECT "notification"."id" AS "notification_id", "notification"."type" AS "notification_type", "notification"."title" AS "notification_title", "notification"."message" AS "notification_message", "notification"."data" AS "notification_data", "notification"."status" AS "notification_status", "notification"."userId" AS "notification_userId", "notification"."createdAt" AS "notification_createdAt", "notification"."updatedAt" AS "notification_updatedAt" FROM "notifications" "notification" WHERE "notification"."userId" IS NULL ORDER BY "notification"."createdAt" DESC
[32m[Nest] 42887  - [39m03/03/2026, 12:54:45 PM [32m    LOG[39m [38;5;3m[LoggingInterceptor] [39m[32mResponse: GET /api/notifications - Status: 200 - Time: 193ms[39m
[32m[Nest] 42887  - [39m03/03/2026, 12:54:54 PM [32m    LOG[39m [38;5;3m[LoggingInterceptor] [39m[32mIncoming Request: GET /api/notifications - User: anonymous - IP: ::1 - UA: Mozilla/5.0 (Macintosh; Intel Mac OS X 10_15_7) AppleWebKit/537.36 (KHTML, like Gecko) Chrome/145.0.0.0 Safari/537.36[39m
query: SELECT "notification"."id" AS "notification_id", "notification"."type" AS "notification_type", "notification"."title" AS "notification_title", "notification"."message" AS "notification_message", "notification"."data" AS "notification_data", "notification"."status" AS "notification_status", "notification"."userId" AS "notification_userId", "notification"."createdAt" AS "notification_createdAt", "notification"."updatedAt" AS "notification_updatedAt" FROM "notifications" "notification" WHERE "notification"."userId" IS NULL ORDER BY "notification"."createdAt" DESC
[32m[Nest] 42887  - [39m03/03/2026, 12:54:54 PM [32m    LOG[39m [38;5;3m[LoggingInterceptor] [39m[32mResponse: GET /api/notifications - Status: 200 - Time: 177ms[39m
Memory usage: {
  rss: '134.59 MB',
  heapTotal: '60.02 MB',
  heapUsed: '54.35 MB',
  external: '4.39 MB'
}
[32m[Nest] 42887  - [39m03/03/2026, 12:55:02 PM [32m    LOG[39m [38;5;3m[LoggingInterceptor] [39m[32mIncoming Request: GET /api/categories - User: anonymous - IP: ::1 - UA: Mozilla/5.0 (Macintosh; Intel Mac OS X 10_15_7) AppleWebKit/537.36 (KHTML, like Gecko) Chrome/145.0.0.0 Safari/537.36[39m
query: SELECT "Category"."id" AS "Category_id", "Category"."name" AS "Category_name", "Category"."slug" AS "Category_slug", "Category"."icon" AS "Category_icon", "Category"."description" AS "Category_description", "Category"."isActive" AS "Category_isActive", "Category"."createdAt" AS "Category_createdAt", "Category"."updatedAt" AS "Category_updatedAt" FROM "categories" "Category" ORDER BY "Category"."createdAt" DESC
[32m[Nest] 42887  - [39m03/03/2026, 12:55:02 PM [32m    LOG[39m [38;5;3m[LoggingInterceptor] [39m[32mIncoming Request: GET /api/products - User: anonymous - IP: ::1 - UA: Mozilla/5.0 (Macintosh; Intel Mac OS X 10_15_7) AppleWebKit/537.36 (KHTML, like Gecko) Chrome/145.0.0.0 Safari/537.36[39m
[32m[Nest] 42887  - [39m03/03/2026, 12:55:02 PM [32m    LOG[39m [38;5;3m[LoggingInterceptor] [39m[32mResponse: GET /api/categories - Status: 200 - Time: 64ms[39m
query: SELECT "Product"."id" AS "Product_id", "Product"."name" AS "Product_name", "Product"."category" AS "Product_category", "Product"."price" AS "Product_price", "Product"."stock" AS "Product_stock", "Product"."description" AS "Product_description", "Product"."imageUrl" AS "Product_imageUrl", "Product"."specifications" AS "Product_specifications", "Product"."discount" AS "Product_discount", "Product"."isSpecial" AS "Product_isSpecial", "Product"."rating" AS "Product_rating", "Product"."features" AS "Product_features", "Product"."images" AS "Product_images", "Product"."imageData" AS "Product_imageData", "Product"."createdAt" AS "Product_createdAt", "Product"."model3dUrl" AS "Product_model3dUrl", "Product"."updatedAt" AS "Product_updatedAt" FROM "products" "Product" ORDER BY "Product"."createdAt" DESC
[32m[Nest] 42887  - [39m03/03/2026, 12:55:02 PM [32m    LOG[39m [38;5;3m[LoggingInterceptor] [39m[32mResponse: GET /api/products - Status: 200 - Time: 303ms[39m
[32m[Nest] 42887  - [39m03/03/2026, 12:55:03 PM [32m    LOG[39m [38;5;3m[LoggingInterceptor] [39m[32mIncoming Request: GET /api/sections - User: anonymous - IP: ::1 - UA: Mozilla/5.0 (Macintosh; Intel Mac OS X 10_15_7) AppleWebKit/537.36 (KHTML, like Gecko) Chrome/145.0.0.0 Safari/537.36[39m
query: SELECT "Section"."id" AS "Section_id", "Section"."type" AS "Section_type", "Section"."title" AS "Section_title", "Section"."subtitle" AS "Section_subtitle", "Section"."content" AS "Section_content", "Section"."imageUrl" AS "Section_imageUrl", "Section"."order" AS "Section_order", "Section"."isActive" AS "Section_isActive", "Section"."settings" AS "Section_settings", "Section"."model3dUrl" AS "Section_model3dUrl", "Section"."show3d" AS "Section_show3d", "Section"."showImage" AS "Section_showImage", "Section"."createdAt" AS "Section_createdAt", "Section"."updatedAt" AS "Section_updatedAt" FROM "sections" "Section" WHERE (("Section"."isActive" = $1)) ORDER BY "Section"."order" ASC -- PARAMETERS: [true]
[32m[Nest] 42887  - [39m03/03/2026, 12:55:03 PM [32m    LOG[39m [38;5;3m[LoggingInterceptor] [39m[32mIncoming Request: GET /api/products?sort=rating&limit=4 - User: anonymous - IP: ::1 - UA: Mozilla/5.0 (Macintosh; Intel Mac OS X 10_15_7) AppleWebKit/537.36 (KHTML, like Gecko) Chrome/145.0.0.0 Safari/537.36[39m
query: SELECT "Product"."id" AS "Product_id", "Product"."name" AS "Product_name", "Product"."category" AS "Product_category", "Product"."price" AS "Product_price", "Product"."stock" AS "Product_stock", "Product"."description" AS "Product_description", "Product"."imageUrl" AS "Product_imageUrl", "Product"."specifications" AS "Product_specifications", "Product"."discount" AS "Product_discount", "Product"."isSpecial" AS "Product_isSpecial", "Product"."rating" AS "Product_rating", "Product"."features" AS "Product_features", "Product"."images" AS "Product_images", "Product"."imageData" AS "Product_imageData", "Product"."createdAt" AS "Product_createdAt", "Product"."model3dUrl" AS "Product_model3dUrl", "Product"."updatedAt" AS "Product_updatedAt" FROM "products" "Product" ORDER BY "Product"."createdAt" DESC
[32m[Nest] 42887  - [39m03/03/2026, 12:55:03 PM [32m    LOG[39m [38;5;3m[LoggingInterceptor] [39m[32mIncoming Request: GET /api/products?isSpecial=true - User: anonymous - IP: ::1 - UA: Mozilla/5.0 (Macintosh; Intel Mac OS X 10_15_7) AppleWebKit/537.36 (KHTML, like Gecko) Chrome/145.0.0.0 Safari/537.36[39m
[32m[Nest] 42887  - [39m03/03/2026, 12:55:03 PM [32m    LOG[39m [38;5;3m[LoggingInterceptor] [39m[32mResponse: GET /api/sections - Status: 200 - Time: 59ms[39m
[32m[Nest] 42887  - [39m03/03/2026, 12:55:03 PM [32m    LOG[39m [38;5;3m[LoggingInterceptor] [39m[32mResponse: GET /api/products?sort=rating&limit=4 - Status: 200 - Time: 65ms[39m
query: SELECT "Product"."id" AS "Product_id", "Product"."name" AS "Product_name", "Product"."category" AS "Product_category", "Product"."price" AS "Product_price", "Product"."stock" AS "Product_stock", "Product"."description" AS "Product_description", "Product"."imageUrl" AS "Product_imageUrl", "Product"."specifications" AS "Product_specifications", "Product"."discount" AS "Product_discount", "Product"."isSpecial" AS "Product_isSpecial", "Product"."rating" AS "Product_rating", "Product"."features" AS "Product_features", "Product"."images" AS "Product_images", "Product"."imageData" AS "Product_imageData", "Product"."createdAt" AS "Product_createdAt", "Product"."model3dUrl" AS "Product_model3dUrl", "Product"."updatedAt" AS "Product_updatedAt" FROM "products" "Product" ORDER BY "Product"."createdAt" DESC
[32m[Nest] 42887  - [39m03/03/2026, 12:55:03 PM [32m    LOG[39m [38;5;3m[LoggingInterceptor] [39m[32mResponse: GET /api/products?isSpecial=true - Status: 200 - Time: 308ms[39m
[32m[Nest] 42887  - [39m03/03/2026, 12:55:04 PM [32m    LOG[39m [38;5;3m[LoggingInterceptor] [39m[32mIncoming Request: GET /api/notifications - User: anonymous - IP: ::1 - UA: Mozilla/5.0 (Macintosh; Intel Mac OS X 10_15_7) AppleWebKit/537.36 (KHTML, like Gecko) Chrome/145.0.0.0 Safari/537.36[39m
query: SELECT "notification"."id" AS "notification_id", "notification"."type" AS "notification_type", "notification"."title" AS "notification_title", "notification"."message" AS "notification_message", "notification"."data" AS "notification_data", "notification"."status" AS "notification_status", "notification"."userId" AS "notification_userId", "notification"."createdAt" AS "notification_createdAt", "notification"."updatedAt" AS "notification_updatedAt" FROM "notifications" "notification" WHERE "notification"."userId" IS NULL ORDER BY "notification"."createdAt" DESC
[32m[Nest] 42887  - [39m03/03/2026, 12:55:04 PM [32m    LOG[39m [38;5;3m[LoggingInterceptor] [39m[32mResponse: GET /api/notifications - Status: 200 - Time: 176ms[39m
[32m[Nest] 42887  - [39m03/03/2026, 12:55:15 PM [32m    LOG[39m [38;5;3m[LoggingInterceptor] [39m[32mIncoming Request: GET /api/notifications - User: anonymous - IP: ::1 - UA: Mozilla/5.0 (Macintosh; Intel Mac OS X 10_15_7) AppleWebKit/537.36 (KHTML, like Gecko) Chrome/145.0.0.0 Safari/537.36[39m
query: SELECT "notification"."id" AS "notification_id", "notification"."type" AS "notification_type", "notification"."title" AS "notification_title", "notification"."message" AS "notification_message", "notification"."data" AS "notification_data", "notification"."status" AS "notification_status", "notification"."userId" AS "notification_userId", "notification"."createdAt" AS "notification_createdAt", "notification"."updatedAt" AS "notification_updatedAt" FROM "notifications" "notification" WHERE "notification"."userId" IS NULL ORDER BY "notification"."createdAt" DESC
[32m[Nest] 42887  - [39m03/03/2026, 12:55:15 PM [32m    LOG[39m [38;5;3m[LoggingInterceptor] [39m[32mResponse: GET /api/notifications - Status: 200 - Time: 419ms[39m
[32m[Nest] 42887  - [39m03/03/2026, 12:55:25 PM [32m    LOG[39m [38;5;3m[LoggingInterceptor] [39m[32mIncoming Request: GET /api/notifications - User: anonymous - IP: ::1 - UA: Mozilla/5.0 (Macintosh; Intel Mac OS X 10_15_7) AppleWebKit/537.36 (KHTML, like Gecko) Chrome/145.0.0.0 Safari/537.36[39m
query: SELECT "notification"."id" AS "notification_id", "notification"."type" AS "notification_type", "notification"."title" AS "notification_title", "notification"."message" AS "notification_message", "notification"."data" AS "notification_data", "notification"."status" AS "notification_status", "notification"."userId" AS "notification_userId", "notification"."createdAt" AS "notification_createdAt", "notification"."updatedAt" AS "notification_updatedAt" FROM "notifications" "notification" WHERE "notification"."userId" IS NULL ORDER BY "notification"."createdAt" DESC
[32m[Nest] 42887  - [39m03/03/2026, 12:55:25 PM [32m    LOG[39m [38;5;3m[LoggingInterceptor] [39m[32mResponse: GET /api/notifications - Status: 200 - Time: 208ms[39m
[32m[Nest] 42887  - [39m03/03/2026, 12:55:35 PM [32m    LOG[39m [38;5;3m[LoggingInterceptor] [39m[32mIncoming Request: GET /api/notifications - User: anonymous - IP: ::1 - UA: Mozilla/5.0 (Macintosh; Intel Mac OS X 10_15_7) AppleWebKit/537.36 (KHTML, like Gecko) Chrome/145.0.0.0 Safari/537.36[39m
query: SELECT "notification"."id" AS "notification_id", "notification"."type" AS "notification_type", "notification"."title" AS "notification_title", "notification"."message" AS "notification_message", "notification"."data" AS "notification_data", "notification"."status" AS "notification_status", "notification"."userId" AS "notification_userId", "notification"."createdAt" AS "notification_createdAt", "notification"."updatedAt" AS "notification_updatedAt" FROM "notifications" "notification" WHERE "notification"."userId" IS NULL ORDER BY "notification"."createdAt" DESC
[32m[Nest] 42887  - [39m03/03/2026, 12:55:35 PM [32m    LOG[39m [38;5;3m[LoggingInterceptor] [39m[32mResponse: GET /api/notifications - Status: 200 - Time: 186ms[39m
[32m[Nest] 42887  - [39m03/03/2026, 12:55:45 PM [32m    LOG[39m [38;5;3m[LoggingInterceptor] [39m[32mIncoming Request: GET /api/notifications - User: anonymous - IP: ::1 - UA: Mozilla/5.0 (Macintosh; Intel Mac OS X 10_15_7) AppleWebKit/537.36 (KHTML, like Gecko) Chrome/145.0.0.0 Safari/537.36[39m
query: SELECT "notification"."id" AS "notification_id", "notification"."type" AS "notification_type", "notification"."title" AS "notification_title", "notification"."message" AS "notification_message", "notification"."data" AS "notification_data", "notification"."status" AS "notification_status", "notification"."userId" AS "notification_userId", "notification"."createdAt" AS "notification_createdAt", "notification"."updatedAt" AS "notification_updatedAt" FROM "notifications" "notification" WHERE "notification"."userId" IS NULL ORDER BY "notification"."createdAt" DESC
[32m[Nest] 42887  - [39m03/03/2026, 12:55:45 PM [32m    LOG[39m [38;5;3m[LoggingInterceptor] [39m[32mResponse: GET /api/notifications - Status: 200 - Time: 188ms[39m
Memory usage: {
  rss: '135.16 MB',
  heapTotal: '57.27 MB',
  heapUsed: '48.53 MB',
  external: '4.02 MB'
}
[32m[Nest] 42887  - [39m03/03/2026, 12:55:55 PM [32m    LOG[39m [38;5;3m[LoggingInterceptor] [39m[32mIncoming Request: GET /api/notifications - User: anonymous - IP: ::1 - UA: Mozilla/5.0 (Macintosh; Intel Mac OS X 10_15_7) AppleWebKit/537.36 (KHTML, like Gecko) Chrome/145.0.0.0 Safari/537.36[39m
query: SELECT "notification"."id" AS "notification_id", "notification"."type" AS "notification_type", "notification"."title" AS "notification_title", "notification"."message" AS "notification_message", "notification"."data" AS "notification_data", "notification"."status" AS "notification_status", "notification"."userId" AS "notification_userId", "notification"."createdAt" AS "notification_createdAt", "notification"."updatedAt" AS "notification_updatedAt" FROM "notifications" "notification" WHERE "notification"."userId" IS NULL ORDER BY "notification"."createdAt" DESC
[32m[Nest] 42887  - [39m03/03/2026, 12:55:55 PM [32m    LOG[39m [38;5;3m[LoggingInterceptor] [39m[32mResponse: GET /api/notifications - Status: 200 - Time: 170ms[39m
[32m[Nest] 42887  - [39m03/03/2026, 12:56:09 PM [32m    LOG[39m [38;5;3m[LoggingInterceptor] [39m[32mIncoming Request: GET /api/notifications - User: anonymous - IP: ::1 - UA: Mozilla/5.0 (Macintosh; Intel Mac OS X 10_15_7) AppleWebKit/537.36 (KHTML, like Gecko) Chrome/145.0.0.0 Safari/537.36[39m
[31m[Nest] 42887  - [39m03/03/2026, 12:56:09 PM [31m  ERROR[39m [38;5;3m[AllExceptionsFilter] [39m[31mException caught by AllExceptionsFilter:[39m
[31m[Nest] 42887  - [39m03/03/2026, 12:56:09 PM [31m  ERROR[39m [38;5;3m[AllExceptionsFilter] [39m[31mObject:[39m
{
  "errorType": "HttpException",
  "status": 404,
  "message": {
    "message": "Cannot GET /api/health",
    "error": "Not Found",
    "statusCode": 404
  },
  "path": "/api/health",
  "method": "GET",
  "timestamp": "2026-03-03T10:56:09.301Z",
  "userAgent": "Mozilla/5.0 (Macintosh; Intel Mac OS X 10_15_7) AppleWebKit/537.36 (KHTML, like Gecko) Chrome/145.0.0.0 Safari/537.36",
  "ip": "::1"
}

[31m[Nest] 42887  - [39m03/03/2026, 12:56:09 PM [31m  ERROR[39m [38;5;3m[AllExceptionsFilter] [39m[31mException caught by AllExceptionsFilter:[39m
[31m[Nest] 42887  - [39m03/03/2026, 12:56:09 PM [31m  ERROR[39m [38;5;3m[AllExceptionsFilter] [39m[31mObject:[39m
{
  "errorType": "HttpException",
  "status": 404,
  "message": {
    "message": "Cannot GET /api/health",
    "error": "Not Found",
    "statusCode": 404
  },
  "path": "/api/health",
  "method": "GET",
  "timestamp": "2026-03-03T10:56:09.327Z",
  "userAgent": "Mozilla/5.0 (Macintosh; Intel Mac OS X 10_15_7) AppleWebKit/537.36 (KHTML, like Gecko) Chrome/145.0.0.0 Safari/537.36",
  "ip": "::1"
}

[32m[Nest] 42887  - [39m03/03/2026, 12:56:09 PM [32m    LOG[39m [38;5;3m[LoggingInterceptor] [39m[32mIncoming Request: GET /api/products - User: anonymous - IP: ::1 - UA: Mozilla/5.0 (Macintosh; Intel Mac OS X 10_15_7) AppleWebKit/537.36 (KHTML, like Gecko) Chrome/145.0.0.0 Safari/537.36[39m
[31m[Nest] 42887  - [39m03/03/2026, 12:56:09 PM [31m  ERROR[39m [38;5;3m[AllExceptionsFilter] [39m[31mException caught by AllExceptionsFilter:[39m
[31m[Nest] 42887  - [39m03/03/2026, 12:56:09 PM [31m  ERROR[39m [38;5;3m[AllExceptionsFilter] [39m[31mObject:[39m
{
  "errorType": "HttpException",
  "status": 404,
  "message": {
    "message": "Cannot GET /api/health",
    "error": "Not Found",
    "statusCode": 404
  },
  "path": "/api/health",
  "method": "GET",
  "timestamp": "2026-03-03T10:56:09.395Z",
  "userAgent": "Mozilla/5.0 (Macintosh; Intel Mac OS X 10_15_7) AppleWebKit/537.36 (KHTML, like Gecko) Chrome/145.0.0.0 Safari/537.36",
  "ip": "::1"
}

query: SELECT "notification"."id" AS "notification_id", "notification"."type" AS "notification_type", "notification"."title" AS "notification_title", "notification"."message" AS "notification_message", "notification"."data" AS "notification_data", "notification"."status" AS "notification_status", "notification"."userId" AS "notification_userId", "notification"."createdAt" AS "notification_createdAt", "notification"."updatedAt" AS "notification_updatedAt" FROM "notifications" "notification" WHERE "notification"."userId" IS NULL ORDER BY "notification"."createdAt" DESC
[31m[Nest] 42887  - [39m03/03/2026, 12:56:09 PM [31m  ERROR[39m [38;5;3m[AllExceptionsFilter] [39m[31mException caught by AllExceptionsFilter:[39m
[31m[Nest] 42887  - [39m03/03/2026, 12:56:09 PM [31m  ERROR[39m [38;5;3m[AllExceptionsFilter] [39m[31mObject:[39m
{
  "errorType": "HttpException",
  "status": 404,
  "message": {
    "message": "Cannot GET /api/health",
    "error": "Not Found",
    "statusCode": 404
  },
  "path": "/api/health",
  "method": "GET",
  "timestamp": "2026-03-03T10:56:09.493Z",
  "userAgent": "Mozilla/5.0 (Macintosh; Intel Mac OS X 10_15_7) AppleWebKit/537.36 (KHTML, like Gecko) Chrome/145.0.0.0 Safari/537.36",
  "ip": "::1"
}

query: SELECT "Product"."id" AS "Product_id", "Product"."name" AS "Product_name", "Product"."category" AS "Product_category", "Product"."price" AS "Product_price", "Product"."stock" AS "Product_stock", "Product"."description" AS "Product_description", "Product"."imageUrl" AS "Product_imageUrl", "Product"."specifications" AS "Product_specifications", "Product"."discount" AS "Product_discount", "Product"."isSpecial" AS "Product_isSpecial", "Product"."rating" AS "Product_rating", "Product"."features" AS "Product_features", "Product"."images" AS "Product_images", "Product"."imageData" AS "Product_imageData", "Product"."createdAt" AS "Product_createdAt", "Product"."model3dUrl" AS "Product_model3dUrl", "Product"."updatedAt" AS "Product_updatedAt" FROM "products" "Product" ORDER BY "Product"."createdAt" DESC
[32m[Nest] 42887  - [39m03/03/2026, 12:56:09 PM [32m    LOG[39m [38;5;3m[LoggingInterceptor] [39m[32mResponse: GET /api/notifications - Status: 200 - Time: 588ms[39m
[32m[Nest] 42887  - [39m03/03/2026, 12:56:09 PM [32m    LOG[39m [38;5;3m[LoggingInterceptor] [39m[32mResponse: GET /api/products - Status: 200 - Time: 306ms[39m
[32m[Nest] 42887  - [39m03/03/2026, 12:56:09 PM [32m    LOG[39m [38;5;3m[LoggingInterceptor] [39m[32mIncoming Request: GET /api/products - User: anonymous - IP: ::1 - UA: Mozilla/5.0 (Macintosh; Intel Mac OS X 10_15_7) AppleWebKit/537.36 (KHTML, like Gecko) Chrome/145.0.0.0 Safari/537.36[39m
query: SELECT "Product"."id" AS "Product_id", "Product"."name" AS "Product_name", "Product"."category" AS "Product_category", "Product"."price" AS "Product_price", "Product"."stock" AS "Product_stock", "Product"."description" AS "Product_description", "Product"."imageUrl" AS "Product_imageUrl", "Product"."specifications" AS "Product_specifications", "Product"."discount" AS "Product_discount", "Product"."isSpecial" AS "Product_isSpecial", "Product"."rating" AS "Product_rating", "Product"."features" AS "Product_features", "Product"."images" AS "Product_images", "Product"."imageData" AS "Product_imageData", "Product"."createdAt" AS "Product_createdAt", "Product"."model3dUrl" AS "Product_model3dUrl", "Product"."updatedAt" AS "Product_updatedAt" FROM "products" "Product" ORDER BY "Product"."createdAt" DESC
[32m[Nest] 42887  - [39m03/03/2026, 12:56:09 PM [32m    LOG[39m [38;5;3m[LoggingInterceptor] [39m[32mIncoming Request: GET /api/seo/settings - User: anonymous - IP: ::1 - UA: Mozilla/5.0 (Macintosh; Intel Mac OS X 10_15_7) AppleWebKit/537.36 (KHTML, like Gecko) Chrome/145.0.0.0 Safari/537.36[39m
[32m[Nest] 42887  - [39m03/03/2026, 12:56:09 PM [32m    LOG[39m [38;5;3m[LoggingInterceptor] [39m[32mResponse: GET /api/seo/settings - Status: 200 - Time: 0ms[39m
[32m[Nest] 42887  - [39m03/03/2026, 12:56:09 PM [32m    LOG[39m [38;5;3m[LoggingInterceptor] [39m[32mIncoming Request: GET /api/sections - User: anonymous - IP: ::1 - UA: Mozilla/5.0 (Macintosh; Intel Mac OS X 10_15_7) AppleWebKit/537.36 (KHTML, like Gecko) Chrome/145.0.0.0 Safari/537.36[39m
query: SELECT "Section"."id" AS "Section_id", "Section"."type" AS "Section_type", "Section"."title" AS "Section_title", "Section"."subtitle" AS "Section_subtitle", "Section"."content" AS "Section_content", "Section"."imageUrl" AS "Section_imageUrl", "Section"."order" AS "Section_order", "Section"."isActive" AS "Section_isActive", "Section"."settings" AS "Section_settings", "Section"."model3dUrl" AS "Section_model3dUrl", "Section"."show3d" AS "Section_show3d", "Section"."showImage" AS "Section_showImage", "Section"."createdAt" AS "Section_createdAt", "Section"."updatedAt" AS "Section_updatedAt" FROM "sections" "Section" WHERE (("Section"."isActive" = $1)) ORDER BY "Section"."order" ASC -- PARAMETERS: [true]
[32m[Nest] 42887  - [39m03/03/2026, 12:56:09 PM [32m    LOG[39m [38;5;3m[LoggingInterceptor] [39m[32mResponse: GET /api/products - Status: 200 - Time: 84ms[39m
[32m[Nest] 42887  - [39m03/03/2026, 12:56:09 PM [32m    LOG[39m [38;5;3m[LoggingInterceptor] [39m[32mResponse: GET /api/sections - Status: 200 - Time: 77ms[39m
[32m[Nest] 42887  - [39m03/03/2026, 12:56:09 PM [32m    LOG[39m [38;5;3m[LoggingInterceptor] [39m[32mIncoming Request: GET /api/products - User: anonymous - IP: ::1 - UA: Mozilla/5.0 (Macintosh; Intel Mac OS X 10_15_7) AppleWebKit/537.36 (KHTML, like Gecko) Chrome/145.0.0.0 Safari/537.36[39m
query: SELECT "Product"."id" AS "Product_id", "Product"."name" AS "Product_name", "Product"."category" AS "Product_category", "Product"."price" AS "Product_price", "Product"."stock" AS "Product_stock", "Product"."description" AS "Product_description", "Product"."imageUrl" AS "Product_imageUrl", "Product"."specifications" AS "Product_specifications", "Product"."discount" AS "Product_discount", "Product"."isSpecial" AS "Product_isSpecial", "Product"."rating" AS "Product_rating", "Product"."features" AS "Product_features", "Product"."images" AS "Product_images", "Product"."imageData" AS "Product_imageData", "Product"."createdAt" AS "Product_createdAt", "Product"."model3dUrl" AS "Product_model3dUrl", "Product"."updatedAt" AS "Product_updatedAt" FROM "products" "Product" ORDER BY "Product"."createdAt" DESC
[32m[Nest] 42887  - [39m03/03/2026, 12:56:09 PM [32m    LOG[39m [38;5;3m[LoggingInterceptor] [39m[32mIncoming Request: GET /api/sections - User: anonymous - IP: ::1 - UA: Mozilla/5.0 (Macintosh; Intel Mac OS X 10_15_7) AppleWebKit/537.36 (KHTML, like Gecko) Chrome/145.0.0.0 Safari/537.36[39m
query: SELECT "Section"."id" AS "Section_id", "Section"."type" AS "Section_type", "Section"."title" AS "Section_title", "Section"."subtitle" AS "Section_subtitle", "Section"."content" AS "Section_content", "Section"."imageUrl" AS "Section_imageUrl", "Section"."order" AS "Section_order", "Section"."isActive" AS "Section_isActive", "Section"."settings" AS "Section_settings", "Section"."model3dUrl" AS "Section_model3dUrl", "Section"."show3d" AS "Section_show3d", "Section"."showImage" AS "Section_showImage", "Section"."createdAt" AS "Section_createdAt", "Section"."updatedAt" AS "Section_updatedAt" FROM "sections" "Section" WHERE (("Section"."isActive" = $1)) ORDER BY "Section"."order" ASC -- PARAMETERS: [true]
[32m[Nest] 42887  - [39m03/03/2026, 12:56:09 PM [32m    LOG[39m [38;5;3m[LoggingInterceptor] [39m[32mIncoming Request: GET /api/seo/settings - User: anonymous - IP: ::1 - UA: Mozilla/5.0 (Macintosh; Intel Mac OS X 10_15_7) AppleWebKit/537.36 (KHTML, like Gecko) Chrome/145.0.0.0 Safari/537.36[39m
[32m[Nest] 42887  - [39m03/03/2026, 12:56:09 PM [32m    LOG[39m [38;5;3m[LoggingInterceptor] [39m[32mResponse: GET /api/seo/settings - Status: 200 - Time: 0ms[39m
[32m[Nest] 42887  - [39m03/03/2026, 12:56:09 PM [32m    LOG[39m [38;5;3m[LoggingInterceptor] [39m[32mResponse: GET /api/products - Status: 200 - Time: 74ms[39m
[32m[Nest] 42887  - [39m03/03/2026, 12:56:09 PM [32m    LOG[39m [38;5;3m[LoggingInterceptor] [39m[32mResponse: GET /api/sections - Status: 200 - Time: 73ms[39m
[32m[Nest] 42887  - [39m03/03/2026, 12:56:09 PM [32m    LOG[39m [38;5;3m[LoggingInterceptor] [39m[32mIncoming Request: GET /api/products - User: anonymous - IP: ::1 - UA: Mozilla/5.0 (Macintosh; Intel Mac OS X 10_15_7) AppleWebKit/537.36 (KHTML, like Gecko) Chrome/145.0.0.0 Safari/537.36[39m
query: SELECT "Product"."id" AS "Product_id", "Product"."name" AS "Product_name", "Product"."category" AS "Product_category", "Product"."price" AS "Product_price", "Product"."stock" AS "Product_stock", "Product"."description" AS "Product_description", "Product"."imageUrl" AS "Product_imageUrl", "Product"."specifications" AS "Product_specifications", "Product"."discount" AS "Product_discount", "Product"."isSpecial" AS "Product_isSpecial", "Product"."rating" AS "Product_rating", "Product"."features" AS "Product_features", "Product"."images" AS "Product_images", "Product"."imageData" AS "Product_imageData", "Product"."createdAt" AS "Product_createdAt", "Product"."model3dUrl" AS "Product_model3dUrl", "Product"."updatedAt" AS "Product_updatedAt" FROM "products" "Product" ORDER BY "Product"."createdAt" DESC
[32m[Nest] 42887  - [39m03/03/2026, 12:56:09 PM [32m    LOG[39m [38;5;3m[LoggingInterceptor] [39m[32mIncoming Request: GET /api/sections - User: anonymous - IP: ::1 - UA: Mozilla/5.0 (Macintosh; Intel Mac OS X 10_15_7) AppleWebKit/537.36 (KHTML, like Gecko) Chrome/145.0.0.0 Safari/537.36[39m
query: SELECT "Section"."id" AS "Section_id", "Section"."type" AS "Section_type", "Section"."title" AS "Section_title", "Section"."subtitle" AS "Section_subtitle", "Section"."content" AS "Section_content", "Section"."imageUrl" AS "Section_imageUrl", "Section"."order" AS "Section_order", "Section"."isActive" AS "Section_isActive", "Section"."settings" AS "Section_settings", "Section"."model3dUrl" AS "Section_model3dUrl", "Section"."show3d" AS "Section_show3d", "Section"."showImage" AS "Section_showImage", "Section"."createdAt" AS "Section_createdAt", "Section"."updatedAt" AS "Section_updatedAt" FROM "sections" "Section" WHERE (("Section"."isActive" = $1)) ORDER BY "Section"."order" ASC -- PARAMETERS: [true]
[32m[Nest] 42887  - [39m03/03/2026, 12:56:09 PM [32m    LOG[39m [38;5;3m[LoggingInterceptor] [39m[32mIncoming Request: GET /api/seo/settings - User: anonymous - IP: ::1 - UA: Mozilla/5.0 (Macintosh; Intel Mac OS X 10_15_7) AppleWebKit/537.36 (KHTML, like Gecko) Chrome/145.0.0.0 Safari/537.36[39m
[32m[Nest] 42887  - [39m03/03/2026, 12:56:09 PM [32m    LOG[39m [38;5;3m[LoggingInterceptor] [39m[32mResponse: GET /api/seo/settings - Status: 200 - Time: 2ms[39m
[32m[Nest] 42887  - [39m03/03/2026, 12:56:09 PM [32m    LOG[39m [38;5;3m[LoggingInterceptor] [39m[32mResponse: GET /api/products - Status: 200 - Time: 63ms[39m
[32m[Nest] 42887  - [39m03/03/2026, 12:56:09 PM [32m    LOG[39m [38;5;3m[LoggingInterceptor] [39m[32mResponse: GET /api/sections - Status: 200 - Time: 58ms[39m
[32m[Nest] 42887  - [39m03/03/2026, 12:56:09 PM [32m    LOG[39m [38;5;3m[LoggingInterceptor] [39m[32mIncoming Request: GET /api/sections - User: anonymous - IP: ::1 - UA: Mozilla/5.0 (Macintosh; Intel Mac OS X 10_15_7) AppleWebKit/537.36 (KHTML, like Gecko) Chrome/145.0.0.0 Safari/537.36[39m
query: SELECT "Section"."id" AS "Section_id", "Section"."type" AS "Section_type", "Section"."title" AS "Section_title", "Section"."subtitle" AS "Section_subtitle", "Section"."content" AS "Section_content", "Section"."imageUrl" AS "Section_imageUrl", "Section"."order" AS "Section_order", "Section"."isActive" AS "Section_isActive", "Section"."settings" AS "Section_settings", "Section"."model3dUrl" AS "Section_model3dUrl", "Section"."show3d" AS "Section_show3d", "Section"."showImage" AS "Section_showImage", "Section"."createdAt" AS "Section_createdAt", "Section"."updatedAt" AS "Section_updatedAt" FROM "sections" "Section" WHERE (("Section"."isActive" = $1)) ORDER BY "Section"."order" ASC -- PARAMETERS: [true]
[31m[Nest] 42887  - [39m03/03/2026, 12:56:09 PM [31m  ERROR[39m [38;5;3m[AllExceptionsFilter] [39m[31mException caught by AllExceptionsFilter:[39m
[31m[Nest] 42887  - [39m03/03/2026, 12:56:09 PM [31m  ERROR[39m [38;5;3m[AllExceptionsFilter] [39m[31mObject:[39m
{
  "errorType": "HttpException",
  "status": 404,
  "message": {
    "message": "Cannot GET /api/health",
    "error": "Not Found",
    "statusCode": 404
  },
  "path": "/api/health",
  "method": "GET",
  "timestamp": "2026-03-03T10:56:09.899Z",
  "userAgent": "Mozilla/5.0 (Macintosh; Intel Mac OS X 10_15_7) AppleWebKit/537.36 (KHTML, like Gecko) Chrome/145.0.0.0 Safari/537.36",
  "ip": "::1"
}

[32m[Nest] 42887  - [39m03/03/2026, 12:56:09 PM [32m    LOG[39m [38;5;3m[LoggingInterceptor] [39m[32mIncoming Request: GET /api/products - User: anonymous - IP: ::1 - UA: Mozilla/5.0 (Macintosh; Intel Mac OS X 10_15_7) AppleWebKit/537.36 (KHTML, like Gecko) Chrome/145.0.0.0 Safari/537.36[39m
query: SELECT "Product"."id" AS "Product_id", "Product"."name" AS "Product_name", "Product"."category" AS "Product_category", "Product"."price" AS "Product_price", "Product"."stock" AS "Product_stock", "Product"."description" AS "Product_description", "Product"."imageUrl" AS "Product_imageUrl", "Product"."specifications" AS "Product_specifications", "Product"."discount" AS "Product_discount", "Product"."isSpecial" AS "Product_isSpecial", "Product"."rating" AS "Product_rating", "Product"."features" AS "Product_features", "Product"."images" AS "Product_images", "Product"."imageData" AS "Product_imageData", "Product"."createdAt" AS "Product_createdAt", "Product"."model3dUrl" AS "Product_model3dUrl", "Product"."updatedAt" AS "Product_updatedAt" FROM "products" "Product" ORDER BY "Product"."createdAt" DESC
[32m[Nest] 42887  - [39m03/03/2026, 12:56:09 PM [32m    LOG[39m [38;5;3m[LoggingInterceptor] [39m[32mResponse: GET /api/sections - Status: 200 - Time: 59ms[39m
[32m[Nest] 42887  - [39m03/03/2026, 12:56:09 PM [32m    LOG[39m [38;5;3m[LoggingInterceptor] [39m[32mIncoming Request: GET /api/sections - User: anonymous - IP: ::1 - UA: Mozilla/5.0 (Macintosh; Intel Mac OS X 10_15_7) AppleWebKit/537.36 (KHTML, like Gecko) Chrome/145.0.0.0 Safari/537.36[39m
query: SELECT "Section"."id" AS "Section_id", "Section"."type" AS "Section_type", "Section"."title" AS "Section_title", "Section"."subtitle" AS "Section_subtitle", "Section"."content" AS "Section_content", "Section"."imageUrl" AS "Section_imageUrl", "Section"."order" AS "Section_order", "Section"."isActive" AS "Section_isActive", "Section"."settings" AS "Section_settings", "Section"."model3dUrl" AS "Section_model3dUrl", "Section"."show3d" AS "Section_show3d", "Section"."showImage" AS "Section_showImage", "Section"."createdAt" AS "Section_createdAt", "Section"."updatedAt" AS "Section_updatedAt" FROM "sections" "Section" WHERE (("Section"."isActive" = $1)) ORDER BY "Section"."order" ASC -- PARAMETERS: [true]
[32m[Nest] 42887  - [39m03/03/2026, 12:56:09 PM [32m    LOG[39m [38;5;3m[LoggingInterceptor] [39m[32mIncoming Request: GET /api/seo/settings - User: anonymous - IP: ::1 - UA: Mozilla/5.0 (Macintosh; Intel Mac OS X 10_15_7) AppleWebKit/537.36 (KHTML, like Gecko) Chrome/145.0.0.0 Safari/537.36[39m
[32m[Nest] 42887  - [39m03/03/2026, 12:56:09 PM [32m    LOG[39m [38;5;3m[LoggingInterceptor] [39m[32mResponse: GET /api/seo/settings - Status: 200 - Time: 0ms[39m
[32m[Nest] 42887  - [39m03/03/2026, 12:56:09 PM [32m    LOG[39m [38;5;3m[LoggingInterceptor] [39m[32mResponse: GET /api/products - Status: 200 - Time: 60ms[39m
[32m[Nest] 42887  - [39m03/03/2026, 12:56:10 PM [32m    LOG[39m [38;5;3m[LoggingInterceptor] [39m[32mResponse: GET /api/sections - Status: 200 - Time: 68ms[39m
[32m[Nest] 42887  - [39m03/03/2026, 12:56:10 PM [32m    LOG[39m [38;5;3m[LoggingInterceptor] [39m[32mIncoming Request: GET /api/sections - User: anonymous - IP: ::1 - UA: Mozilla/5.0 (Macintosh; Intel Mac OS X 10_15_7) AppleWebKit/537.36 (KHTML, like Gecko) Chrome/145.0.0.0 Safari/537.36[39m
query: SELECT "Section"."id" AS "Section_id", "Section"."type" AS "Section_type", "Section"."title" AS "Section_title", "Section"."subtitle" AS "Section_subtitle", "Section"."content" AS "Section_content", "Section"."imageUrl" AS "Section_imageUrl", "Section"."order" AS "Section_order", "Section"."isActive" AS "Section_isActive", "Section"."settings" AS "Section_settings", "Section"."model3dUrl" AS "Section_model3dUrl", "Section"."show3d" AS "Section_show3d", "Section"."showImage" AS "Section_showImage", "Section"."createdAt" AS "Section_createdAt", "Section"."updatedAt" AS "Section_updatedAt" FROM "sections" "Section" WHERE (("Section"."isActive" = $1)) ORDER BY "Section"."order" ASC -- PARAMETERS: [true]
[32m[Nest] 42887  - [39m03/03/2026, 12:56:10 PM [32m    LOG[39m [38;5;3m[LoggingInterceptor] [39m[32mIncoming Request: GET /api/seo/settings - User: anonymous - IP: ::1 - UA: Mozilla/5.0 (Macintosh; Intel Mac OS X 10_15_7) AppleWebKit/537.36 (KHTML, like Gecko) Chrome/145.0.0.0 Safari/537.36[39m
[32m[Nest] 42887  - [39m03/03/2026, 12:56:10 PM [32m    LOG[39m [38;5;3m[LoggingInterceptor] [39m[32mResponse: GET /api/seo/settings - Status: 200 - Time: 1ms[39m
[32m[Nest] 42887  - [39m03/03/2026, 12:56:10 PM [32m    LOG[39m [38;5;3m[LoggingInterceptor] [39m[32mIncoming Request: GET /api/sections - User: anonymous - IP: ::1 - UA: Mozilla/5.0 (Macintosh; Intel Mac OS X 10_15_7) AppleWebKit/537.36 (KHTML, like Gecko) Chrome/145.0.0.0 Safari/537.36[39m
query: SELECT "Section"."id" AS "Section_id", "Section"."type" AS "Section_type", "Section"."title" AS "Section_title", "Section"."subtitle" AS "Section_subtitle", "Section"."content" AS "Section_content", "Section"."imageUrl" AS "Section_imageUrl", "Section"."order" AS "Section_order", "Section"."isActive" AS "Section_isActive", "Section"."settings" AS "Section_settings", "Section"."model3dUrl" AS "Section_model3dUrl", "Section"."show3d" AS "Section_show3d", "Section"."showImage" AS "Section_showImage", "Section"."createdAt" AS "Section_createdAt", "Section"."updatedAt" AS "Section_updatedAt" FROM "sections" "Section" WHERE (("Section"."isActive" = $1)) ORDER BY "Section"."order" ASC -- PARAMETERS: [true]
[32m[Nest] 42887  - [39m03/03/2026, 12:56:10 PM [32m    LOG[39m [38;5;3m[LoggingInterceptor] [39m[32mIncoming Request: GET /api/products?sort=rating&limit=4 - User: anonymous - IP: ::1 - UA: Mozilla/5.0 (Macintosh; Intel Mac OS X 10_15_7) AppleWebKit/537.36 (KHTML, like Gecko) Chrome/145.0.0.0 Safari/537.36[39m
[32m[Nest] 42887  - [39m03/03/2026, 12:56:10 PM [32m    LOG[39m [38;5;3m[LoggingInterceptor] [39m[32mIncoming Request: GET /api/products?isSpecial=true - User: anonymous - IP: ::1 - UA: Mozilla/5.0 (Macintosh; Intel Mac OS X 10_15_7) AppleWebKit/537.36 (KHTML, like Gecko) Chrome/145.0.0.0 Safari/537.36[39m
[32m[Nest] 42887  - [39m03/03/2026, 12:56:10 PM [32m    LOG[39m [38;5;3m[LoggingInterceptor] [39m[32mResponse: GET /api/sections - Status: 200 - Time: 57ms[39m
[32m[Nest] 42887  - [39m03/03/2026, 12:56:10 PM [32m    LOG[39m [38;5;3m[LoggingInterceptor] [39m[32mIncoming Request: GET /api/sections - User: anonymous - IP: ::1 - UA: Mozilla/5.0 (Macintosh; Intel Mac OS X 10_15_7) AppleWebKit/537.36 (KHTML, like Gecko) Chrome/145.0.0.0 Safari/537.36[39m
query: SELECT "Section"."id" AS "Section_id", "Section"."type" AS "Section_type", "Section"."title" AS "Section_title", "Section"."subtitle" AS "Section_subtitle", "Section"."content" AS "Section_content", "Section"."imageUrl" AS "Section_imageUrl", "Section"."order" AS "Section_order", "Section"."isActive" AS "Section_isActive", "Section"."settings" AS "Section_settings", "Section"."model3dUrl" AS "Section_model3dUrl", "Section"."show3d" AS "Section_show3d", "Section"."showImage" AS "Section_showImage", "Section"."createdAt" AS "Section_createdAt", "Section"."updatedAt" AS "Section_updatedAt" FROM "sections" "Section" WHERE (("Section"."isActive" = $1)) ORDER BY "Section"."order" ASC -- PARAMETERS: [true]
[32m[Nest] 42887  - [39m03/03/2026, 12:56:10 PM [32m    LOG[39m [38;5;3m[LoggingInterceptor] [39m[32mResponse: GET /api/sections - Status: 200 - Time: 57ms[39m
[32m[Nest] 42887  - [39m03/03/2026, 12:56:10 PM [32m    LOG[39m [38;5;3m[LoggingInterceptor] [39m[32mIncoming Request: GET /api/sections - User: anonymous - IP: ::1 - UA: Mozilla/5.0 (Macintosh; Intel Mac OS X 10_15_7) AppleWebKit/537.36 (KHTML, like Gecko) Chrome/145.0.0.0 Safari/537.36[39m
query: SELECT "Section"."id" AS "Section_id", "Section"."type" AS "Section_type", "Section"."title" AS "Section_title", "Section"."subtitle" AS "Section_subtitle", "Section"."content" AS "Section_content", "Section"."imageUrl" AS "Section_imageUrl", "Section"."order" AS "Section_order", "Section"."isActive" AS "Section_isActive", "Section"."settings" AS "Section_settings", "Section"."model3dUrl" AS "Section_model3dUrl", "Section"."show3d" AS "Section_show3d", "Section"."showImage" AS "Section_showImage", "Section"."createdAt" AS "Section_createdAt", "Section"."updatedAt" AS "Section_updatedAt" FROM "sections" "Section" WHERE (("Section"."isActive" = $1)) ORDER BY "Section"."order" ASC -- PARAMETERS: [true]
[32m[Nest] 42887  - [39m03/03/2026, 12:56:10 PM [32m    LOG[39m [38;5;3m[LoggingInterceptor] [39m[32mResponse: GET /api/sections - Status: 200 - Time: 56ms[39m
[32m[Nest] 42887  - [39m03/03/2026, 12:56:10 PM [32m    LOG[39m [38;5;3m[LoggingInterceptor] [39m[32mIncoming Request: GET /api/sections - User: anonymous - IP: ::1 - UA: Mozilla/5.0 (Macintosh; Intel Mac OS X 10_15_7) AppleWebKit/537.36 (KHTML, like Gecko) Chrome/145.0.0.0 Safari/537.36[39m
query: SELECT "Section"."id" AS "Section_id", "Section"."type" AS "Section_type", "Section"."title" AS "Section_title", "Section"."subtitle" AS "Section_subtitle", "Section"."content" AS "Section_content", "Section"."imageUrl" AS "Section_imageUrl", "Section"."order" AS "Section_order", "Section"."isActive" AS "Section_isActive", "Section"."settings" AS "Section_settings", "Section"."model3dUrl" AS "Section_model3dUrl", "Section"."show3d" AS "Section_show3d", "Section"."showImage" AS "Section_showImage", "Section"."createdAt" AS "Section_createdAt", "Section"."updatedAt" AS "Section_updatedAt" FROM "sections" "Section" WHERE (("Section"."isActive" = $1)) ORDER BY "Section"."order" ASC -- PARAMETERS: [true]
[31m[Nest] 42887  - [39m03/03/2026, 12:56:10 PM [31m  ERROR[39m [38;5;3m[AllExceptionsFilter] [39m[31mException caught by AllExceptionsFilter:[39m
[31m[Nest] 42887  - [39m03/03/2026, 12:56:10 PM [31m  ERROR[39m [38;5;3m[AllExceptionsFilter] [39m[31mObject:[39m
{
  "errorType": "HttpException",
  "status": 404,
  "message": {
    "message": "Cannot GET /api/health",
    "error": "Not Found",
    "statusCode": 404
  },
  "path": "/api/health",
  "method": "GET",
  "timestamp": "2026-03-03T10:56:10.179Z",
  "userAgent": "Mozilla/5.0 (Macintosh; Intel Mac OS X 10_15_7) AppleWebKit/537.36 (KHTML, like Gecko) Chrome/145.0.0.0 Safari/537.36",
  "ip": "::1"
}

[32m[Nest] 42887  - [39m03/03/2026, 12:56:10 PM [32m    LOG[39m [38;5;3m[LoggingInterceptor] [39m[32mResponse: GET /api/sections - Status: 200 - Time: 56ms[39m
[32m[Nest] 42887  - [39m03/03/2026, 12:56:10 PM [32m    LOG[39m [38;5;3m[LoggingInterceptor] [39m[32mIncoming Request: GET /api/sections - User: anonymous - IP: ::1 - UA: Mozilla/5.0 (Macintosh; Intel Mac OS X 10_15_7) AppleWebKit/537.36 (KHTML, like Gecko) Chrome/145.0.0.0 Safari/537.36[39m
query: SELECT "Section"."id" AS "Section_id", "Section"."type" AS "Section_type", "Section"."title" AS "Section_title", "Section"."subtitle" AS "Section_subtitle", "Section"."content" AS "Section_content", "Section"."imageUrl" AS "Section_imageUrl", "Section"."order" AS "Section_order", "Section"."isActive" AS "Section_isActive", "Section"."settings" AS "Section_settings", "Section"."model3dUrl" AS "Section_model3dUrl", "Section"."show3d" AS "Section_show3d", "Section"."showImage" AS "Section_showImage", "Section"."createdAt" AS "Section_createdAt", "Section"."updatedAt" AS "Section_updatedAt" FROM "sections" "Section" WHERE (("Section"."isActive" = $1)) ORDER BY "Section"."order" ASC -- PARAMETERS: [true]
[32m[Nest] 42887  - [39m03/03/2026, 12:56:10 PM [32m    LOG[39m [38;5;3m[LoggingInterceptor] [39m[32mResponse: GET /api/sections - Status: 200 - Time: 57ms[39m
[32m[Nest] 42887  - [39m03/03/2026, 12:56:10 PM [32m    LOG[39m [38;5;3m[LoggingInterceptor] [39m[32mIncoming Request: GET /api/sections - User: anonymous - IP: ::1 - UA: Mozilla/5.0 (Macintosh; Intel Mac OS X 10_15_7) AppleWebKit/537.36 (KHTML, like Gecko) Chrome/145.0.0.0 Safari/537.36[39m
query: SELECT "Section"."id" AS "Section_id", "Section"."type" AS "Section_type", "Section"."title" AS "Section_title", "Section"."subtitle" AS "Section_subtitle", "Section"."content" AS "Section_content", "Section"."imageUrl" AS "Section_imageUrl", "Section"."order" AS "Section_order", "Section"."isActive" AS "Section_isActive", "Section"."settings" AS "Section_settings", "Section"."model3dUrl" AS "Section_model3dUrl", "Section"."show3d" AS "Section_show3d", "Section"."showImage" AS "Section_showImage", "Section"."createdAt" AS "Section_createdAt", "Section"."updatedAt" AS "Section_updatedAt" FROM "sections" "Section" WHERE (("Section"."isActive" = $1)) ORDER BY "Section"."order" ASC -- PARAMETERS: [true]
[32m[Nest] 42887  - [39m03/03/2026, 12:56:10 PM [32m    LOG[39m [38;5;3m[LoggingInterceptor] [39m[32mIncoming Request: GET /api/products - User: anonymous - IP: ::1 - UA: Mozilla/5.0 (Macintosh; Intel Mac OS X 10_15_7) AppleWebKit/537.36 (KHTML, like Gecko) Chrome/145.0.0.0 Safari/537.36[39m
[32m[Nest] 42887  - [39m03/03/2026, 12:56:10 PM [32m    LOG[39m [38;5;3m[LoggingInterceptor] [39m[32mResponse: GET /api/sections - Status: 200 - Time: 55ms[39m
[32m[Nest] 42887  - [39m03/03/2026, 12:56:10 PM [32m    LOG[39m [38;5;3m[LoggingInterceptor] [39m[32mResponse: GET /api/sections - Status: 200 - Time: 60ms[39m
[32m[Nest] 42887  - [39m03/03/2026, 12:56:10 PM [32m    LOG[39m [38;5;3m[LoggingInterceptor] [39m[32mIncoming Request: GET /api/sections - User: anonymous - IP: ::1 - UA: Mozilla/5.0 (Macintosh; Intel Mac OS X 10_15_7) AppleWebKit/537.36 (KHTML, like Gecko) Chrome/145.0.0.0 Safari/537.36[39m
query: SELECT "Section"."id" AS "Section_id", "Section"."type" AS "Section_type", "Section"."title" AS "Section_title", "Section"."subtitle" AS "Section_subtitle", "Section"."content" AS "Section_content", "Section"."imageUrl" AS "Section_imageUrl", "Section"."order" AS "Section_order", "Section"."isActive" AS "Section_isActive", "Section"."settings" AS "Section_settings", "Section"."model3dUrl" AS "Section_model3dUrl", "Section"."show3d" AS "Section_show3d", "Section"."showImage" AS "Section_showImage", "Section"."createdAt" AS "Section_createdAt", "Section"."updatedAt" AS "Section_updatedAt" FROM "sections" "Section" WHERE (("Section"."isActive" = $1)) ORDER BY "Section"."order" ASC -- PARAMETERS: [true]
query: SELECT "Product"."id" AS "Product_id", "Product"."name" AS "Product_name", "Product"."category" AS "Product_category", "Product"."price" AS "Product_price", "Product"."stock" AS "Product_stock", "Product"."description" AS "Product_description", "Product"."imageUrl" AS "Product_imageUrl", "Product"."specifications" AS "Product_specifications", "Product"."discount" AS "Product_discount", "Product"."isSpecial" AS "Product_isSpecial", "Product"."rating" AS "Product_rating", "Product"."features" AS "Product_features", "Product"."images" AS "Product_images", "Product"."imageData" AS "Product_imageData", "Product"."createdAt" AS "Product_createdAt", "Product"."model3dUrl" AS "Product_model3dUrl", "Product"."updatedAt" AS "Product_updatedAt" FROM "products" "Product" ORDER BY "Product"."createdAt" DESC
query: SELECT "Product"."id" AS "Product_id", "Product"."name" AS "Product_name", "Product"."category" AS "Product_category", "Product"."price" AS "Product_price", "Product"."stock" AS "Product_stock", "Product"."description" AS "Product_description", "Product"."imageUrl" AS "Product_imageUrl", "Product"."specifications" AS "Product_specifications", "Product"."discount" AS "Product_discount", "Product"."isSpecial" AS "Product_isSpecial", "Product"."rating" AS "Product_rating", "Product"."features" AS "Product_features", "Product"."images" AS "Product_images", "Product"."imageData" AS "Product_imageData", "Product"."createdAt" AS "Product_createdAt", "Product"."model3dUrl" AS "Product_model3dUrl", "Product"."updatedAt" AS "Product_updatedAt" FROM "products" "Product" ORDER BY "Product"."createdAt" DESC
[32m[Nest] 42887  - [39m03/03/2026, 12:56:10 PM [32m    LOG[39m [38;5;3m[LoggingInterceptor] [39m[32mResponse: GET /api/sections - Status: 200 - Time: 61ms[39m
[32m[Nest] 42887  - [39m03/03/2026, 12:56:10 PM [32m    LOG[39m [38;5;3m[LoggingInterceptor] [39m[32mIncoming Request: GET /api/sections - User: anonymous - IP: ::1 - UA: Mozilla/5.0 (Macintosh; Intel Mac OS X 10_15_7) AppleWebKit/537.36 (KHTML, like Gecko) Chrome/145.0.0.0 Safari/537.36[39m
query: SELECT "Section"."id" AS "Section_id", "Section"."type" AS "Section_type", "Section"."title" AS "Section_title", "Section"."subtitle" AS "Section_subtitle", "Section"."content" AS "Section_content", "Section"."imageUrl" AS "Section_imageUrl", "Section"."order" AS "Section_order", "Section"."isActive" AS "Section_isActive", "Section"."settings" AS "Section_settings", "Section"."model3dUrl" AS "Section_model3dUrl", "Section"."show3d" AS "Section_show3d", "Section"."showImage" AS "Section_showImage", "Section"."createdAt" AS "Section_createdAt", "Section"."updatedAt" AS "Section_updatedAt" FROM "sections" "Section" WHERE (("Section"."isActive" = $1)) ORDER BY "Section"."order" ASC -- PARAMETERS: [true]
[32m[Nest] 42887  - [39m03/03/2026, 12:56:10 PM [32m    LOG[39m [38;5;3m[LoggingInterceptor] [39m[32mResponse: GET /api/products?sort=rating&limit=4 - Status: 200 - Time: 279ms[39m
[32m[Nest] 42887  - [39m03/03/2026, 12:56:10 PM [32m    LOG[39m [38;5;3m[LoggingInterceptor] [39m[32mResponse: GET /api/products?isSpecial=true - Status: 200 - Time: 280ms[39m
[32m[Nest] 42887  - [39m03/03/2026, 12:56:10 PM [32m    LOG[39m [38;5;3m[LoggingInterceptor] [39m[32mResponse: GET /api/sections - Status: 200 - Time: 56ms[39m
[32m[Nest] 42887  - [39m03/03/2026, 12:56:10 PM [32m    LOG[39m [38;5;3m[LoggingInterceptor] [39m[32mIncoming Request: GET /api/sections - User: anonymous - IP: ::1 - UA: Mozilla/5.0 (Macintosh; Intel Mac OS X 10_15_7) AppleWebKit/537.36 (KHTML, like Gecko) Chrome/145.0.0.0 Safari/537.36[39m
query: SELECT "Section"."id" AS "Section_id", "Section"."type" AS "Section_type", "Section"."title" AS "Section_title", "Section"."subtitle" AS "Section_subtitle", "Section"."content" AS "Section_content", "Section"."imageUrl" AS "Section_imageUrl", "Section"."order" AS "Section_order", "Section"."isActive" AS "Section_isActive", "Section"."settings" AS "Section_settings", "Section"."model3dUrl" AS "Section_model3dUrl", "Section"."show3d" AS "Section_show3d", "Section"."showImage" AS "Section_showImage", "Section"."createdAt" AS "Section_createdAt", "Section"."updatedAt" AS "Section_updatedAt" FROM "sections" "Section" WHERE (("Section"."isActive" = $1)) ORDER BY "Section"."order" ASC -- PARAMETERS: [true]
[32m[Nest] 42887  - [39m03/03/2026, 12:56:10 PM [32m    LOG[39m [38;5;3m[LoggingInterceptor] [39m[32mResponse: GET /api/sections - Status: 200 - Time: 56ms[39m
query: SELECT "Product"."id" AS "Product_id", "Product"."name" AS "Product_name", "Product"."category" AS "Product_category", "Product"."price" AS "Product_price", "Product"."stock" AS "Product_stock", "Product"."description" AS "Product_description", "Product"."imageUrl" AS "Product_imageUrl", "Product"."specifications" AS "Product_specifications", "Product"."discount" AS "Product_discount", "Product"."isSpecial" AS "Product_isSpecial", "Product"."rating" AS "Product_rating", "Product"."features" AS "Product_features", "Product"."images" AS "Product_images", "Product"."imageData" AS "Product_imageData", "Product"."createdAt" AS "Product_createdAt", "Product"."model3dUrl" AS "Product_model3dUrl", "Product"."updatedAt" AS "Product_updatedAt" FROM "products" "Product" ORDER BY "Product"."createdAt" DESC
[32m[Nest] 42887  - [39m03/03/2026, 12:56:10 PM [32m    LOG[39m [38;5;3m[LoggingInterceptor] [39m[32mResponse: GET /api/products - Status: 200 - Time: 292ms[39m
[31m[Nest] 42887  - [39m03/03/2026, 12:56:10 PM [31m  ERROR[39m [38;5;3m[AllExceptionsFilter] [39m[31mException caught by AllExceptionsFilter:[39m
[31m[Nest] 42887  - [39m03/03/2026, 12:56:10 PM [31m  ERROR[39m [38;5;3m[AllExceptionsFilter] [39m[31mObject:[39m
{
  "errorType": "HttpException",
  "status": 404,
  "message": {
    "message": "Cannot GET /api/health",
    "error": "Not Found",
    "statusCode": 404
  },
  "path": "/api/health",
  "method": "GET",
  "timestamp": "2026-03-03T10:56:10.494Z",
  "userAgent": "Mozilla/5.0 (Macintosh; Intel Mac OS X 10_15_7) AppleWebKit/537.36 (KHTML, like Gecko) Chrome/145.0.0.0 Safari/537.36",
  "ip": "::1"
}

[31m[Nest] 42887  - [39m03/03/2026, 12:56:10 PM [31m  ERROR[39m [38;5;3m[AllExceptionsFilter] [39m[31mException caught by AllExceptionsFilter:[39m
[31m[Nest] 42887  - [39m03/03/2026, 12:56:10 PM [31m  ERROR[39m [38;5;3m[AllExceptionsFilter] [39m[31mObject:[39m
{
  "errorType": "HttpException",
  "status": 404,
  "message": {
    "message": "Cannot GET /api/health",
    "error": "Not Found",
    "statusCode": 404
  },
  "path": "/api/health",
  "method": "GET",
  "timestamp": "2026-03-03T10:56:10.499Z",
  "userAgent": "Mozilla/5.0 (Macintosh; Intel Mac OS X 10_15_7) AppleWebKit/537.36 (KHTML, like Gecko) Chrome/145.0.0.0 Safari/537.36",
  "ip": "::1"
}

[32m[Nest] 42887  - [39m03/03/2026, 12:56:10 PM [32m    LOG[39m [38;5;3m[LoggingInterceptor] [39m[32mIncoming Request: GET /api/products - User: anonymous - IP: ::1 - UA: Mozilla/5.0 (Macintosh; Intel Mac OS X 10_15_7) AppleWebKit/537.36 (KHTML, like Gecko) Chrome/145.0.0.0 Safari/537.36[39m
query: SELECT "Product"."id" AS "Product_id", "Product"."name" AS "Product_name", "Product"."category" AS "Product_category", "Product"."price" AS "Product_price", "Product"."stock" AS "Product_stock", "Product"."description" AS "Product_description", "Product"."imageUrl" AS "Product_imageUrl", "Product"."specifications" AS "Product_specifications", "Product"."discount" AS "Product_discount", "Product"."isSpecial" AS "Product_isSpecial", "Product"."rating" AS "Product_rating", "Product"."features" AS "Product_features", "Product"."images" AS "Product_images", "Product"."imageData" AS "Product_imageData", "Product"."createdAt" AS "Product_createdAt", "Product"."model3dUrl" AS "Product_model3dUrl", "Product"."updatedAt" AS "Product_updatedAt" FROM "products" "Product" ORDER BY "Product"."createdAt" DESC
[32m[Nest] 42887  - [39m03/03/2026, 12:56:10 PM [32m    LOG[39m [38;5;3m[LoggingInterceptor] [39m[32mIncoming Request: GET /api/seo/settings - User: anonymous - IP: ::1 - UA: Mozilla/5.0 (Macintosh; Intel Mac OS X 10_15_7) AppleWebKit/537.36 (KHTML, like Gecko) Chrome/145.0.0.0 Safari/537.36[39m
[32m[Nest] 42887  - [39m03/03/2026, 12:56:10 PM [32m    LOG[39m [38;5;3m[LoggingInterceptor] [39m[32mResponse: GET /api/seo/settings - Status: 200 - Time: 0ms[39m
[32m[Nest] 42887  - [39m03/03/2026, 12:56:10 PM [32m    LOG[39m [38;5;3m[LoggingInterceptor] [39m[32mIncoming Request: GET /api/sections - User: anonymous - IP: ::1 - UA: Mozilla/5.0 (Macintosh; Intel Mac OS X 10_15_7) AppleWebKit/537.36 (KHTML, like Gecko) Chrome/145.0.0.0 Safari/537.36[39m
query: SELECT "Section"."id" AS "Section_id", "Section"."type" AS "Section_type", "Section"."title" AS "Section_title", "Section"."subtitle" AS "Section_subtitle", "Section"."content" AS "Section_content", "Section"."imageUrl" AS "Section_imageUrl", "Section"."order" AS "Section_order", "Section"."isActive" AS "Section_isActive", "Section"."settings" AS "Section_settings", "Section"."model3dUrl" AS "Section_model3dUrl", "Section"."show3d" AS "Section_show3d", "Section"."showImage" AS "Section_showImage", "Section"."createdAt" AS "Section_createdAt", "Section"."updatedAt" AS "Section_updatedAt" FROM "sections" "Section" WHERE (("Section"."isActive" = $1)) ORDER BY "Section"."order" ASC -- PARAMETERS: [true]
[32m[Nest] 42887  - [39m03/03/2026, 12:56:10 PM [32m    LOG[39m [38;5;3m[LoggingInterceptor] [39m[32mIncoming Request: GET /api/products?sort=rating&limit=4 - User: anonymous - IP: ::1 - UA: Mozilla/5.0 (Macintosh; Intel Mac OS X 10_15_7) AppleWebKit/537.36 (KHTML, like Gecko) Chrome/145.0.0.0 Safari/537.36[39m
query: SELECT "Product"."id" AS "Product_id", "Product"."name" AS "Product_name", "Product"."category" AS "Product_category", "Product"."price" AS "Product_price", "Product"."stock" AS "Product_stock", "Product"."description" AS "Product_description", "Product"."imageUrl" AS "Product_imageUrl", "Product"."specifications" AS "Product_specifications", "Product"."discount" AS "Product_discount", "Product"."isSpecial" AS "Product_isSpecial", "Product"."rating" AS "Product_rating", "Product"."features" AS "Product_features", "Product"."images" AS "Product_images", "Product"."imageData" AS "Product_imageData", "Product"."createdAt" AS "Product_createdAt", "Product"."model3dUrl" AS "Product_model3dUrl", "Product"."updatedAt" AS "Product_updatedAt" FROM "products" "Product" ORDER BY "Product"."createdAt" DESC
[32m[Nest] 42887  - [39m03/03/2026, 12:56:10 PM [32m    LOG[39m [38;5;3m[LoggingInterceptor] [39m[32mIncoming Request: GET /api/products?isSpecial=true - User: anonymous - IP: ::1 - UA: Mozilla/5.0 (Macintosh; Intel Mac OS X 10_15_7) AppleWebKit/537.36 (KHTML, like Gecko) Chrome/145.0.0.0 Safari/537.36[39m
query: SELECT "Product"."id" AS "Product_id", "Product"."name" AS "Product_name", "Product"."category" AS "Product_category", "Product"."price" AS "Product_price", "Product"."stock" AS "Product_stock", "Product"."description" AS "Product_description", "Product"."imageUrl" AS "Product_imageUrl", "Product"."specifications" AS "Product_specifications", "Product"."discount" AS "Product_discount", "Product"."isSpecial" AS "Product_isSpecial", "Product"."rating" AS "Product_rating", "Product"."features" AS "Product_features", "Product"."images" AS "Product_images", "Product"."imageData" AS "Product_imageData", "Product"."createdAt" AS "Product_createdAt", "Product"."model3dUrl" AS "Product_model3dUrl", "Product"."updatedAt" AS "Product_updatedAt" FROM "products" "Product" ORDER BY "Product"."createdAt" DESC
[32m[Nest] 42887  - [39m03/03/2026, 12:56:10 PM [32m    LOG[39m [38;5;3m[LoggingInterceptor] [39m[32mResponse: GET /api/products - Status: 200 - Time: 54ms[39m
[32m[Nest] 42887  - [39m03/03/2026, 12:56:10 PM [32m    LOG[39m [38;5;3m[LoggingInterceptor] [39m[32mIncoming Request: GET /api/products - User: anonymous - IP: ::1 - UA: Mozilla/5.0 (Macintosh; Intel Mac OS X 10_15_7) AppleWebKit/537.36 (KHTML, like Gecko) Chrome/145.0.0.0 Safari/537.36[39m
query: SELECT "Product"."id" AS "Product_id", "Product"."name" AS "Product_name", "Product"."category" AS "Product_category", "Product"."price" AS "Product_price", "Product"."stock" AS "Product_stock", "Product"."description" AS "Product_description", "Product"."imageUrl" AS "Product_imageUrl", "Product"."specifications" AS "Product_specifications", "Product"."discount" AS "Product_discount", "Product"."isSpecial" AS "Product_isSpecial", "Product"."rating" AS "Product_rating", "Product"."features" AS "Product_features", "Product"."images" AS "Product_images", "Product"."imageData" AS "Product_imageData", "Product"."createdAt" AS "Product_createdAt", "Product"."model3dUrl" AS "Product_model3dUrl", "Product"."updatedAt" AS "Product_updatedAt" FROM "products" "Product" ORDER BY "Product"."createdAt" DESC
[32m[Nest] 42887  - [39m03/03/2026, 12:56:10 PM [32m    LOG[39m [38;5;3m[LoggingInterceptor] [39m[32mIncoming Request: GET /api/seo/settings - User: anonymous - IP: ::1 - UA: Mozilla/5.0 (Macintosh; Intel Mac OS X 10_15_7) AppleWebKit/537.36 (KHTML, like Gecko) Chrome/145.0.0.0 Safari/537.36[39m
[32m[Nest] 42887  - [39m03/03/2026, 12:56:10 PM [32m    LOG[39m [38;5;3m[LoggingInterceptor] [39m[32mResponse: GET /api/seo/settings - Status: 200 - Time: 1ms[39m
[32m[Nest] 42887  - [39m03/03/2026, 12:56:10 PM [32m    LOG[39m [38;5;3m[LoggingInterceptor] [39m[32mIncoming Request: GET /api/sections - User: anonymous - IP: ::1 - UA: Mozilla/5.0 (Macintosh; Intel Mac OS X 10_15_7) AppleWebKit/537.36 (KHTML, like Gecko) Chrome/145.0.0.0 Safari/537.36[39m
query: SELECT "Section"."id" AS "Section_id", "Section"."type" AS "Section_type", "Section"."title" AS "Section_title", "Section"."subtitle" AS "Section_subtitle", "Section"."content" AS "Section_content", "Section"."imageUrl" AS "Section_imageUrl", "Section"."order" AS "Section_order", "Section"."isActive" AS "Section_isActive", "Section"."settings" AS "Section_settings", "Section"."model3dUrl" AS "Section_model3dUrl", "Section"."show3d" AS "Section_show3d", "Section"."showImage" AS "Section_showImage", "Section"."createdAt" AS "Section_createdAt", "Section"."updatedAt" AS "Section_updatedAt" FROM "sections" "Section" WHERE (("Section"."isActive" = $1)) ORDER BY "Section"."order" ASC -- PARAMETERS: [true]
[32m[Nest] 42887  - [39m03/03/2026, 12:56:10 PM [32m    LOG[39m [38;5;3m[LoggingInterceptor] [39m[32mResponse: GET /api/sections - Status: 200 - Time: 58ms[39m
[32m[Nest] 42887  - [39m03/03/2026, 12:56:10 PM [32m    LOG[39m [38;5;3m[LoggingInterceptor] [39m[32mIncoming Request: GET /api/sections - User: anonymous - IP: ::1 - UA: Mozilla/5.0 (Macintosh; Intel Mac OS X 10_15_7) AppleWebKit/537.36 (KHTML, like Gecko) Chrome/145.0.0.0 Safari/537.36[39m
query: SELECT "Section"."id" AS "Section_id", "Section"."type" AS "Section_type", "Section"."title" AS "Section_title", "Section"."subtitle" AS "Section_subtitle", "Section"."content" AS "Section_content", "Section"."imageUrl" AS "Section_imageUrl", "Section"."order" AS "Section_order", "Section"."isActive" AS "Section_isActive", "Section"."settings" AS "Section_settings", "Section"."model3dUrl" AS "Section_model3dUrl", "Section"."show3d" AS "Section_show3d", "Section"."showImage" AS "Section_showImage", "Section"."createdAt" AS "Section_createdAt", "Section"."updatedAt" AS "Section_updatedAt" FROM "sections" "Section" WHERE (("Section"."isActive" = $1)) ORDER BY "Section"."order" ASC -- PARAMETERS: [true]
[32m[Nest] 42887  - [39m03/03/2026, 12:56:10 PM [32m    LOG[39m [38;5;3m[LoggingInterceptor] [39m[32mIncoming Request: GET /api/products?isSpecial=true - User: anonymous - IP: ::1 - UA: Mozilla/5.0 (Macintosh; Intel Mac OS X 10_15_7) AppleWebKit/537.36 (KHTML, like Gecko) Chrome/145.0.0.0 Safari/537.36[39m
[32m[Nest] 42887  - [39m03/03/2026, 12:56:10 PM [32m    LOG[39m [38;5;3m[LoggingInterceptor] [39m[32mIncoming Request: GET /api/products?sort=rating&limit=4 - User: anonymous - IP: ::1 - UA: Mozilla/5.0 (Macintosh; Intel Mac OS X 10_15_7) AppleWebKit/537.36 (KHTML, like Gecko) Chrome/145.0.0.0 Safari/537.36[39m
[32m[Nest] 42887  - [39m03/03/2026, 12:56:10 PM [32m    LOG[39m [38;5;3m[LoggingInterceptor] [39m[32mResponse: GET /api/products?sort=rating&limit=4 - Status: 200 - Time: 56ms[39m
[32m[Nest] 42887  - [39m03/03/2026, 12:56:10 PM [32m    LOG[39m [38;5;3m[LoggingInterceptor] [39m[32mResponse: GET /api/products?isSpecial=true - Status: 200 - Time: 56ms[39m
[32m[Nest] 42887  - [39m03/03/2026, 12:56:10 PM [32m    LOG[39m [38;5;3m[LoggingInterceptor] [39m[32mResponse: GET /api/products - Status: 200 - Time: 55ms[39m
[32m[Nest] 42887  - [39m03/03/2026, 12:56:10 PM [32m    LOG[39m [38;5;3m[LoggingInterceptor] [39m[32mIncoming Request: GET /api/seo/settings - User: anonymous - IP: ::1 - UA: Mozilla/5.0 (Macintosh; Intel Mac OS X 10_15_7) AppleWebKit/537.36 (KHTML, like Gecko) Chrome/145.0.0.0 Safari/537.36[39m
[32m[Nest] 42887  - [39m03/03/2026, 12:56:10 PM [32m    LOG[39m [38;5;3m[LoggingInterceptor] [39m[32mResponse: GET /api/seo/settings - Status: 200 - Time: 0ms[39m
[32m[Nest] 42887  - [39m03/03/2026, 12:56:10 PM [32m    LOG[39m [38;5;3m[LoggingInterceptor] [39m[32mResponse: GET /api/sections - Status: 200 - Time: 61ms[39m
[32m[Nest] 42887  - [39m03/03/2026, 12:56:10 PM [32m    LOG[39m [38;5;3m[LoggingInterceptor] [39m[32mResponse: GET /api/sections - Status: 200 - Time: 59ms[39m
[32m[Nest] 42887  - [39m03/03/2026, 12:56:10 PM [32m    LOG[39m [38;5;3m[LoggingInterceptor] [39m[32mIncoming Request: GET /api/sections - User: anonymous - IP: ::1 - UA: Mozilla/5.0 (Macintosh; Intel Mac OS X 10_15_7) AppleWebKit/537.36 (KHTML, like Gecko) Chrome/145.0.0.0 Safari/537.36[39m
query: SELECT "Section"."id" AS "Section_id", "Section"."type" AS "Section_type", "Section"."title" AS "Section_title", "Section"."subtitle" AS "Section_subtitle", "Section"."content" AS "Section_content", "Section"."imageUrl" AS "Section_imageUrl", "Section"."order" AS "Section_order", "Section"."isActive" AS "Section_isActive", "Section"."settings" AS "Section_settings", "Section"."model3dUrl" AS "Section_model3dUrl", "Section"."show3d" AS "Section_show3d", "Section"."showImage" AS "Section_showImage", "Section"."createdAt" AS "Section_createdAt", "Section"."updatedAt" AS "Section_updatedAt" FROM "sections" "Section" WHERE (("Section"."isActive" = $1)) ORDER BY "Section"."order" ASC -- PARAMETERS: [true]
[32m[Nest] 42887  - [39m03/03/2026, 12:56:10 PM [32m    LOG[39m [38;5;3m[LoggingInterceptor] [39m[32mIncoming Request: GET /api/sections - User: anonymous - IP: ::1 - UA: Mozilla/5.0 (Macintosh; Intel Mac OS X 10_15_7) AppleWebKit/537.36 (KHTML, like Gecko) Chrome/145.0.0.0 Safari/537.36[39m
query: SELECT "Section"."id" AS "Section_id", "Section"."type" AS "Section_type", "Section"."title" AS "Section_title", "Section"."subtitle" AS "Section_subtitle", "Section"."content" AS "Section_content", "Section"."imageUrl" AS "Section_imageUrl", "Section"."order" AS "Section_order", "Section"."isActive" AS "Section_isActive", "Section"."settings" AS "Section_settings", "Section"."model3dUrl" AS "Section_model3dUrl", "Section"."show3d" AS "Section_show3d", "Section"."showImage" AS "Section_showImage", "Section"."createdAt" AS "Section_createdAt", "Section"."updatedAt" AS "Section_updatedAt" FROM "sections" "Section" WHERE (("Section"."isActive" = $1)) ORDER BY "Section"."order" ASC -- PARAMETERS: [true]
[32m[Nest] 42887  - [39m03/03/2026, 12:56:10 PM [32m    LOG[39m [38;5;3m[LoggingInterceptor] [39m[32mResponse: GET /api/sections - Status: 200 - Time: 55ms[39m
[32m[Nest] 42887  - [39m03/03/2026, 12:56:10 PM [32m    LOG[39m [38;5;3m[LoggingInterceptor] [39m[32mResponse: GET /api/sections - Status: 200 - Time: 56ms[39m
[32m[Nest] 42887  - [39m03/03/2026, 12:56:10 PM [32m    LOG[39m [38;5;3m[LoggingInterceptor] [39m[32mIncoming Request: GET /api/sections - User: anonymous - IP: ::1 - UA: Mozilla/5.0 (Macintosh; Intel Mac OS X 10_15_7) AppleWebKit/537.36 (KHTML, like Gecko) Chrome/145.0.0.0 Safari/537.36[39m
query: SELECT "Section"."id" AS "Section_id", "Section"."type" AS "Section_type", "Section"."title" AS "Section_title", "Section"."subtitle" AS "Section_subtitle", "Section"."content" AS "Section_content", "Section"."imageUrl" AS "Section_imageUrl", "Section"."order" AS "Section_order", "Section"."isActive" AS "Section_isActive", "Section"."settings" AS "Section_settings", "Section"."model3dUrl" AS "Section_model3dUrl", "Section"."show3d" AS "Section_show3d", "Section"."showImage" AS "Section_showImage", "Section"."createdAt" AS "Section_createdAt", "Section"."updatedAt" AS "Section_updatedAt" FROM "sections" "Section" WHERE (("Section"."isActive" = $1)) ORDER BY "Section"."order" ASC -- PARAMETERS: [true]
[32m[Nest] 42887  - [39m03/03/2026, 12:56:10 PM [32m    LOG[39m [38;5;3m[LoggingInterceptor] [39m[32mResponse: GET /api/sections - Status: 200 - Time: 56ms[39m
[32m[Nest] 42887  - [39m03/03/2026, 12:56:10 PM [32m    LOG[39m [38;5;3m[LoggingInterceptor] [39m[32mIncoming Request: GET /api/sections - User: anonymous - IP: ::1 - UA: Mozilla/5.0 (Macintosh; Intel Mac OS X 10_15_7) AppleWebKit/537.36 (KHTML, like Gecko) Chrome/145.0.0.0 Safari/537.36[39m
query: SELECT "Section"."id" AS "Section_id", "Section"."type" AS "Section_type", "Section"."title" AS "Section_title", "Section"."subtitle" AS "Section_subtitle", "Section"."content" AS "Section_content", "Section"."imageUrl" AS "Section_imageUrl", "Section"."order" AS "Section_order", "Section"."isActive" AS "Section_isActive", "Section"."settings" AS "Section_settings", "Section"."model3dUrl" AS "Section_model3dUrl", "Section"."show3d" AS "Section_show3d", "Section"."showImage" AS "Section_showImage", "Section"."createdAt" AS "Section_createdAt", "Section"."updatedAt" AS "Section_updatedAt" FROM "sections" "Section" WHERE (("Section"."isActive" = $1)) ORDER BY "Section"."order" ASC -- PARAMETERS: [true]
[32m[Nest] 42887  - [39m03/03/2026, 12:56:10 PM [32m    LOG[39m [38;5;3m[LoggingInterceptor] [39m[32mResponse: GET /api/sections - Status: 200 - Time: 56ms[39m
[32m[Nest] 42887  - [39m03/03/2026, 12:56:10 PM [32m    LOG[39m [38;5;3m[LoggingInterceptor] [39m[32mIncoming Request: GET /api/sections - User: anonymous - IP: ::1 - UA: Mozilla/5.0 (Macintosh; Intel Mac OS X 10_15_7) AppleWebKit/537.36 (KHTML, like Gecko) Chrome/145.0.0.0 Safari/537.36[39m
query: SELECT "Section"."id" AS "Section_id", "Section"."type" AS "Section_type", "Section"."title" AS "Section_title", "Section"."subtitle" AS "Section_subtitle", "Section"."content" AS "Section_content", "Section"."imageUrl" AS "Section_imageUrl", "Section"."order" AS "Section_order", "Section"."isActive" AS "Section_isActive", "Section"."settings" AS "Section_settings", "Section"."model3dUrl" AS "Section_model3dUrl", "Section"."show3d" AS "Section_show3d", "Section"."showImage" AS "Section_showImage", "Section"."createdAt" AS "Section_createdAt", "Section"."updatedAt" AS "Section_updatedAt" FROM "sections" "Section" WHERE (("Section"."isActive" = $1)) ORDER BY "Section"."order" ASC -- PARAMETERS: [true]
query: SELECT "Product"."id" AS "Product_id", "Product"."name" AS "Product_name", "Product"."category" AS "Product_category", "Product"."price" AS "Product_price", "Product"."stock" AS "Product_stock", "Product"."description" AS "Product_description", "Product"."imageUrl" AS "Product_imageUrl", "Product"."specifications" AS "Product_specifications", "Product"."discount" AS "Product_discount", "Product"."isSpecial" AS "Product_isSpecial", "Product"."rating" AS "Product_rating", "Product"."features" AS "Product_features", "Product"."images" AS "Product_images", "Product"."imageData" AS "Product_imageData", "Product"."createdAt" AS "Product_createdAt", "Product"."model3dUrl" AS "Product_model3dUrl", "Product"."updatedAt" AS "Product_updatedAt" FROM "products" "Product" ORDER BY "Product"."createdAt" DESC
query: SELECT "Product"."id" AS "Product_id", "Product"."name" AS "Product_name", "Product"."category" AS "Product_category", "Product"."price" AS "Product_price", "Product"."stock" AS "Product_stock", "Product"."description" AS "Product_description", "Product"."imageUrl" AS "Product_imageUrl", "Product"."specifications" AS "Product_specifications", "Product"."discount" AS "Product_discount", "Product"."isSpecial" AS "Product_isSpecial", "Product"."rating" AS "Product_rating", "Product"."features" AS "Product_features", "Product"."images" AS "Product_images", "Product"."imageData" AS "Product_imageData", "Product"."createdAt" AS "Product_createdAt", "Product"."model3dUrl" AS "Product_model3dUrl", "Product"."updatedAt" AS "Product_updatedAt" FROM "products" "Product" ORDER BY "Product"."createdAt" DESC
[32m[Nest] 42887  - [39m03/03/2026, 12:56:10 PM [32m    LOG[39m [38;5;3m[LoggingInterceptor] [39m[32mResponse: GET /api/sections - Status: 200 - Time: 60ms[39m
[32m[Nest] 42887  - [39m03/03/2026, 12:56:10 PM [32m    LOG[39m [38;5;3m[LoggingInterceptor] [39m[32mIncoming Request: GET /api/sections - User: anonymous - IP: ::1 - UA: Mozilla/5.0 (Macintosh; Intel Mac OS X 10_15_7) AppleWebKit/537.36 (KHTML, like Gecko) Chrome/145.0.0.0 Safari/537.36[39m
query: SELECT "Section"."id" AS "Section_id", "Section"."type" AS "Section_type", "Section"."title" AS "Section_title", "Section"."subtitle" AS "Section_subtitle", "Section"."content" AS "Section_content", "Section"."imageUrl" AS "Section_imageUrl", "Section"."order" AS "Section_order", "Section"."isActive" AS "Section_isActive", "Section"."settings" AS "Section_settings", "Section"."model3dUrl" AS "Section_model3dUrl", "Section"."show3d" AS "Section_show3d", "Section"."showImage" AS "Section_showImage", "Section"."createdAt" AS "Section_createdAt", "Section"."updatedAt" AS "Section_updatedAt" FROM "sections" "Section" WHERE (("Section"."isActive" = $1)) ORDER BY "Section"."order" ASC -- PARAMETERS: [true]
[32m[Nest] 42887  - [39m03/03/2026, 12:56:10 PM [32m    LOG[39m [38;5;3m[LoggingInterceptor] [39m[32mResponse: GET /api/products?sort=rating&limit=4 - Status: 200 - Time: 286ms[39m
[32m[Nest] 42887  - [39m03/03/2026, 12:56:10 PM [32m    LOG[39m [38;5;3m[LoggingInterceptor] [39m[32mIncoming Request: GET /api/products?sort=rating&limit=4 - User: anonymous - IP: ::1 - UA: Mozilla/5.0 (Macintosh; Intel Mac OS X 10_15_7) AppleWebKit/537.36 (KHTML, like Gecko) Chrome/145.0.0.0 Safari/537.36[39m
query: SELECT "Product"."id" AS "Product_id", "Product"."name" AS "Product_name", "Product"."category" AS "Product_category", "Product"."price" AS "Product_price", "Product"."stock" AS "Product_stock", "Product"."description" AS "Product_description", "Product"."imageUrl" AS "Product_imageUrl", "Product"."specifications" AS "Product_specifications", "Product"."discount" AS "Product_discount", "Product"."isSpecial" AS "Product_isSpecial", "Product"."rating" AS "Product_rating", "Product"."features" AS "Product_features", "Product"."images" AS "Product_images", "Product"."imageData" AS "Product_imageData", "Product"."createdAt" AS "Product_createdAt", "Product"."model3dUrl" AS "Product_model3dUrl", "Product"."updatedAt" AS "Product_updatedAt" FROM "products" "Product" ORDER BY "Product"."createdAt" DESC
[32m[Nest] 42887  - [39m03/03/2026, 12:56:10 PM [32m    LOG[39m [38;5;3m[LoggingInterceptor] [39m[32mResponse: GET /api/products?isSpecial=true - Status: 200 - Time: 287ms[39m
[32m[Nest] 42887  - [39m03/03/2026, 12:56:10 PM [32m    LOG[39m [38;5;3m[LoggingInterceptor] [39m[32mIncoming Request: GET /api/products?isSpecial=true - User: anonymous - IP: ::1 - UA: Mozilla/5.0 (Macintosh; Intel Mac OS X 10_15_7) AppleWebKit/537.36 (KHTML, like Gecko) Chrome/145.0.0.0 Safari/537.36[39m
query: SELECT "Product"."id" AS "Product_id", "Product"."name" AS "Product_name", "Product"."category" AS "Product_category", "Product"."price" AS "Product_price", "Product"."stock" AS "Product_stock", "Product"."description" AS "Product_description", "Product"."imageUrl" AS "Product_imageUrl", "Product"."specifications" AS "Product_specifications", "Product"."discount" AS "Product_discount", "Product"."isSpecial" AS "Product_isSpecial", "Product"."rating" AS "Product_rating", "Product"."features" AS "Product_features", "Product"."images" AS "Product_images", "Product"."imageData" AS "Product_imageData", "Product"."createdAt" AS "Product_createdAt", "Product"."model3dUrl" AS "Product_model3dUrl", "Product"."updatedAt" AS "Product_updatedAt" FROM "products" "Product" ORDER BY "Product"."createdAt" DESC
[32m[Nest] 42887  - [39m03/03/2026, 12:56:10 PM [32m    LOG[39m [38;5;3m[LoggingInterceptor] [39m[32mResponse: GET /api/sections - Status: 200 - Time: 58ms[39m
[32m[Nest] 42887  - [39m03/03/2026, 12:56:10 PM [32m    LOG[39m [38;5;3m[LoggingInterceptor] [39m[32mResponse: GET /api/products?sort=rating&limit=4 - Status: 200 - Time: 55ms[39m
[32m[Nest] 42887  - [39m03/03/2026, 12:56:10 PM [32m    LOG[39m [38;5;3m[LoggingInterceptor] [39m[32mResponse: GET /api/products?isSpecial=true - Status: 200 - Time: 55ms[39m
[31m[Nest] 42887  - [39m03/03/2026, 12:56:12 PM [31m  ERROR[39m [38;5;3m[AllExceptionsFilter] [39m[31mException caught by AllExceptionsFilter:[39m
[31m[Nest] 42887  - [39m03/03/2026, 12:56:12 PM [31m  ERROR[39m [38;5;3m[AllExceptionsFilter] [39m[31mObject:[39m
{
  "errorType": "HttpException",
  "status": 404,
  "message": {
    "message": "Cannot GET /api/health",
    "error": "Not Found",
    "statusCode": 404
  },
  "path": "/api/health",
  "method": "GET",
  "timestamp": "2026-03-03T10:56:12.589Z",
  "userAgent": "Mozilla/5.0 (Macintosh; Intel Mac OS X 10_15_7) AppleWebKit/537.36 (KHTML, like Gecko) Chrome/145.0.0.0 Safari/537.36",
  "ip": "::1"
}

[32m[Nest] 42887  - [39m03/03/2026, 12:56:12 PM [32m    LOG[39m [38;5;3m[LoggingInterceptor] [39m[32mIncoming Request: GET /api/products - User: anonymous - IP: ::1 - UA: Mozilla/5.0 (Macintosh; Intel Mac OS X 10_15_7) AppleWebKit/537.36 (KHTML, like Gecko) Chrome/145.0.0.0 Safari/537.36[39m
query: SELECT "Product"."id" AS "Product_id", "Product"."name" AS "Product_name", "Product"."category" AS "Product_category", "Product"."price" AS "Product_price", "Product"."stock" AS "Product_stock", "Product"."description" AS "Product_description", "Product"."imageUrl" AS "Product_imageUrl", "Product"."specifications" AS "Product_specifications", "Product"."discount" AS "Product_discount", "Product"."isSpecial" AS "Product_isSpecial", "Product"."rating" AS "Product_rating", "Product"."features" AS "Product_features", "Product"."images" AS "Product_images", "Product"."imageData" AS "Product_imageData", "Product"."createdAt" AS "Product_createdAt", "Product"."model3dUrl" AS "Product_model3dUrl", "Product"."updatedAt" AS "Product_updatedAt" FROM "products" "Product" ORDER BY "Product"."createdAt" DESC
[32m[Nest] 42887  - [39m03/03/2026, 12:56:12 PM [32m    LOG[39m [38;5;3m[LoggingInterceptor] [39m[32mResponse: GET /api/products - Status: 200 - Time: 67ms[39m
[32m[Nest] 42887  - [39m03/03/2026, 12:56:12 PM [32m    LOG[39m [38;5;3m[LoggingInterceptor] [39m[32mIncoming Request: GET /api/seo/settings - User: anonymous - IP: ::1 - UA: Mozilla/5.0 (Macintosh; Intel Mac OS X 10_15_7) AppleWebKit/537.36 (KHTML, like Gecko) Chrome/145.0.0.0 Safari/537.36[39m
[32m[Nest] 42887  - [39m03/03/2026, 12:56:12 PM [32m    LOG[39m [38;5;3m[LoggingInterceptor] [39m[32mResponse: GET /api/seo/settings - Status: 200 - Time: 0ms[39m
[32m[Nest] 42887  - [39m03/03/2026, 12:56:12 PM [32m    LOG[39m [38;5;3m[LoggingInterceptor] [39m[32mIncoming Request: GET /api/sections - User: anonymous - IP: ::1 - UA: Mozilla/5.0 (Macintosh; Intel Mac OS X 10_15_7) AppleWebKit/537.36 (KHTML, like Gecko) Chrome/145.0.0.0 Safari/537.36[39m
query: SELECT "Section"."id" AS "Section_id", "Section"."type" AS "Section_type", "Section"."title" AS "Section_title", "Section"."subtitle" AS "Section_subtitle", "Section"."content" AS "Section_content", "Section"."imageUrl" AS "Section_imageUrl", "Section"."order" AS "Section_order", "Section"."isActive" AS "Section_isActive", "Section"."settings" AS "Section_settings", "Section"."model3dUrl" AS "Section_model3dUrl", "Section"."show3d" AS "Section_show3d", "Section"."showImage" AS "Section_showImage", "Section"."createdAt" AS "Section_createdAt", "Section"."updatedAt" AS "Section_updatedAt" FROM "sections" "Section" WHERE (("Section"."isActive" = $1)) ORDER BY "Section"."order" ASC -- PARAMETERS: [true]
[32m[Nest] 42887  - [39m03/03/2026, 12:56:12 PM [32m    LOG[39m [38;5;3m[LoggingInterceptor] [39m[32mIncoming Request: GET /api/products?sort=rating&limit=4 - User: anonymous - IP: ::1 - UA: Mozilla/5.0 (Macintosh; Intel Mac OS X 10_15_7) AppleWebKit/537.36 (KHTML, like Gecko) Chrome/145.0.0.0 Safari/537.36[39m
query: SELECT "Product"."id" AS "Product_id", "Product"."name" AS "Product_name", "Product"."category" AS "Product_category", "Product"."price" AS "Product_price", "Product"."stock" AS "Product_stock", "Product"."description" AS "Product_description", "Product"."imageUrl" AS "Product_imageUrl", "Product"."specifications" AS "Product_specifications", "Product"."discount" AS "Product_discount", "Product"."isSpecial" AS "Product_isSpecial", "Product"."rating" AS "Product_rating", "Product"."features" AS "Product_features", "Product"."images" AS "Product_images", "Product"."imageData" AS "Product_imageData", "Product"."createdAt" AS "Product_createdAt", "Product"."model3dUrl" AS "Product_model3dUrl", "Product"."updatedAt" AS "Product_updatedAt" FROM "products" "Product" ORDER BY "Product"."createdAt" DESC
[32m[Nest] 42887  - [39m03/03/2026, 12:56:12 PM [32m    LOG[39m [38;5;3m[LoggingInterceptor] [39m[32mIncoming Request: GET /api/products?isSpecial=true - User: anonymous - IP: ::1 - UA: Mozilla/5.0 (Macintosh; Intel Mac OS X 10_15_7) AppleWebKit/537.36 (KHTML, like Gecko) Chrome/145.0.0.0 Safari/537.36[39m
query: SELECT "Product"."id" AS "Product_id", "Product"."name" AS "Product_name", "Product"."category" AS "Product_category", "Product"."price" AS "Product_price", "Product"."stock" AS "Product_stock", "Product"."description" AS "Product_description", "Product"."imageUrl" AS "Product_imageUrl", "Product"."specifications" AS "Product_specifications", "Product"."discount" AS "Product_discount", "Product"."isSpecial" AS "Product_isSpecial", "Product"."rating" AS "Product_rating", "Product"."features" AS "Product_features", "Product"."images" AS "Product_images", "Product"."imageData" AS "Product_imageData", "Product"."createdAt" AS "Product_createdAt", "Product"."model3dUrl" AS "Product_model3dUrl", "Product"."updatedAt" AS "Product_updatedAt" FROM "products" "Product" ORDER BY "Product"."createdAt" DESC
[32m[Nest] 42887  - [39m03/03/2026, 12:56:12 PM [32m    LOG[39m [38;5;3m[LoggingInterceptor] [39m[32mResponse: GET /api/sections - Status: 200 - Time: 54ms[39m
[32m[Nest] 42887  - [39m03/03/2026, 12:56:12 PM [32m    LOG[39m [38;5;3m[LoggingInterceptor] [39m[32mIncoming Request: GET /api/sections - User: anonymous - IP: ::1 - UA: Mozilla/5.0 (Macintosh; Intel Mac OS X 10_15_7) AppleWebKit/537.36 (KHTML, like Gecko) Chrome/145.0.0.0 Safari/537.36[39m
query: SELECT "Section"."id" AS "Section_id", "Section"."type" AS "Section_type", "Section"."title" AS "Section_title", "Section"."subtitle" AS "Section_subtitle", "Section"."content" AS "Section_content", "Section"."imageUrl" AS "Section_imageUrl", "Section"."order" AS "Section_order", "Section"."isActive" AS "Section_isActive", "Section"."settings" AS "Section_settings", "Section"."model3dUrl" AS "Section_model3dUrl", "Section"."show3d" AS "Section_show3d", "Section"."showImage" AS "Section_showImage", "Section"."createdAt" AS "Section_createdAt", "Section"."updatedAt" AS "Section_updatedAt" FROM "sections" "Section" WHERE (("Section"."isActive" = $1)) ORDER BY "Section"."order" ASC -- PARAMETERS: [true]
[32m[Nest] 42887  - [39m03/03/2026, 12:56:12 PM [32m    LOG[39m [38;5;3m[LoggingInterceptor] [39m[32mResponse: GET /api/products?sort=rating&limit=4 - Status: 200 - Time: 53ms[39m
[32m[Nest] 42887  - [39m03/03/2026, 12:56:12 PM [32m    LOG[39m [38;5;3m[LoggingInterceptor] [39m[32mResponse: GET /api/products?isSpecial=true - Status: 200 - Time: 57ms[39m
[32m[Nest] 42887  - [39m03/03/2026, 12:56:12 PM [32m    LOG[39m [38;5;3m[LoggingInterceptor] [39m[32mResponse: GET /api/sections - Status: 200 - Time: 53ms[39m
[32m[Nest] 42887  - [39m03/03/2026, 12:56:12 PM [32m    LOG[39m [38;5;3m[LoggingInterceptor] [39m[32mIncoming Request: GET /api/sections - User: anonymous - IP: ::1 - UA: Mozilla/5.0 (Macintosh; Intel Mac OS X 10_15_7) AppleWebKit/537.36 (KHTML, like Gecko) Chrome/145.0.0.0 Safari/537.36[39m
query: SELECT "Section"."id" AS "Section_id", "Section"."type" AS "Section_type", "Section"."title" AS "Section_title", "Section"."subtitle" AS "Section_subtitle", "Section"."content" AS "Section_content", "Section"."imageUrl" AS "Section_imageUrl", "Section"."order" AS "Section_order", "Section"."isActive" AS "Section_isActive", "Section"."settings" AS "Section_settings", "Section"."model3dUrl" AS "Section_model3dUrl", "Section"."show3d" AS "Section_show3d", "Section"."showImage" AS "Section_showImage", "Section"."createdAt" AS "Section_createdAt", "Section"."updatedAt" AS "Section_updatedAt" FROM "sections" "Section" WHERE (("Section"."isActive" = $1)) ORDER BY "Section"."order" ASC -- PARAMETERS: [true]
[32m[Nest] 42887  - [39m03/03/2026, 12:56:12 PM [32m    LOG[39m [38;5;3m[LoggingInterceptor] [39m[32mResponse: GET /api/sections - Status: 200 - Time: 55ms[39m
Memory usage: {
  rss: '136.00 MB',
  heapTotal: '64.52 MB',
  heapUsed: '51.36 MB',
  external: '3.89 MB'
}
Memory usage: {
  rss: '136.00 MB',
  heapTotal: '64.52 MB',
  heapUsed: '51.37 MB',
  external: '3.89 MB'
}
[31m[Nest] 42887  - [39m03/03/2026, 12:58:10 PM [31m  ERROR[39m [38;5;3m[AllExceptionsFilter] [39m[31mException caught by AllExceptionsFilter:[39m
[31m[Nest] 42887  - [39m03/03/2026, 12:58:10 PM [31m  ERROR[39m [38;5;3m[AllExceptionsFilter] [39m[31mObject:[39m
{
  "errorType": "HttpException",
  "status": 404,
  "message": {
    "message": "Cannot GET /api/health",
    "error": "Not Found",
    "statusCode": 404
  },
  "path": "/api/health",
  "method": "GET",
  "timestamp": "2026-03-03T10:58:10.909Z",
  "userAgent": "Mozilla/5.0 (Macintosh; Intel Mac OS X 10_15_7) AppleWebKit/537.36 (KHTML, like Gecko) Chrome/145.0.0.0 Safari/537.36",
  "ip": "::1"
}

[32m[Nest] 42887  - [39m03/03/2026, 12:58:10 PM [32m    LOG[39m [38;5;3m[LoggingInterceptor] [39m[32mIncoming Request: GET /api/products - User: anonymous - IP: ::1 - UA: Mozilla/5.0 (Macintosh; Intel Mac OS X 10_15_7) AppleWebKit/537.36 (KHTML, like Gecko) Chrome/145.0.0.0 Safari/537.36[39m
query: SELECT "Product"."id" AS "Product_id", "Product"."name" AS "Product_name", "Product"."category" AS "Product_category", "Product"."price" AS "Product_price", "Product"."stock" AS "Product_stock", "Product"."description" AS "Product_description", "Product"."imageUrl" AS "Product_imageUrl", "Product"."specifications" AS "Product_specifications", "Product"."discount" AS "Product_discount", "Product"."isSpecial" AS "Product_isSpecial", "Product"."rating" AS "Product_rating", "Product"."features" AS "Product_features", "Product"."images" AS "Product_images", "Product"."imageData" AS "Product_imageData", "Product"."createdAt" AS "Product_createdAt", "Product"."model3dUrl" AS "Product_model3dUrl", "Product"."updatedAt" AS "Product_updatedAt" FROM "products" "Product" ORDER BY "Product"."createdAt" DESC
[32m[Nest] 42887  - [39m03/03/2026, 12:58:11 PM [32m    LOG[39m [38;5;3m[LoggingInterceptor] [39m[32mResponse: GET /api/products - Status: 200 - Time: 394ms[39m
[32m[Nest] 42887  - [39m03/03/2026, 12:58:11 PM [32m    LOG[39m [38;5;3m[LoggingInterceptor] [39m[32mIncoming Request: GET /api/seo/settings - User: anonymous - IP: ::1 - UA: Mozilla/5.0 (Macintosh; Intel Mac OS X 10_15_7) AppleWebKit/537.36 (KHTML, like Gecko) Chrome/145.0.0.0 Safari/537.36[39m
[32m[Nest] 42887  - [39m03/03/2026, 12:58:11 PM [32m    LOG[39m [38;5;3m[LoggingInterceptor] [39m[32mResponse: GET /api/seo/settings - Status: 200 - Time: 0ms[39m
[32m[Nest] 42887  - [39m03/03/2026, 12:58:11 PM [32m    LOG[39m [38;5;3m[LoggingInterceptor] [39m[32mIncoming Request: GET /api/sections - User: anonymous - IP: ::1 - UA: Mozilla/5.0 (Macintosh; Intel Mac OS X 10_15_7) AppleWebKit/537.36 (KHTML, like Gecko) Chrome/145.0.0.0 Safari/537.36[39m
query: SELECT "Section"."id" AS "Section_id", "Section"."type" AS "Section_type", "Section"."title" AS "Section_title", "Section"."subtitle" AS "Section_subtitle", "Section"."content" AS "Section_content", "Section"."imageUrl" AS "Section_imageUrl", "Section"."order" AS "Section_order", "Section"."isActive" AS "Section_isActive", "Section"."settings" AS "Section_settings", "Section"."model3dUrl" AS "Section_model3dUrl", "Section"."show3d" AS "Section_show3d", "Section"."showImage" AS "Section_showImage", "Section"."createdAt" AS "Section_createdAt", "Section"."updatedAt" AS "Section_updatedAt" FROM "sections" "Section" WHERE (("Section"."isActive" = $1)) ORDER BY "Section"."order" ASC -- PARAMETERS: [true]
[32m[Nest] 42887  - [39m03/03/2026, 12:58:11 PM [32m    LOG[39m [38;5;3m[LoggingInterceptor] [39m[32mIncoming Request: GET /api/products?sort=rating&limit=4 - User: anonymous - IP: ::1 - UA: Mozilla/5.0 (Macintosh; Intel Mac OS X 10_15_7) AppleWebKit/537.36 (KHTML, like Gecko) Chrome/145.0.0.0 Safari/537.36[39m
[32m[Nest] 42887  - [39m03/03/2026, 12:58:11 PM [32m    LOG[39m [38;5;3m[LoggingInterceptor] [39m[32mIncoming Request: GET /api/products?isSpecial=true - User: anonymous - IP: ::1 - UA: Mozilla/5.0 (Macintosh; Intel Mac OS X 10_15_7) AppleWebKit/537.36 (KHTML, like Gecko) Chrome/145.0.0.0 Safari/537.36[39m
[32m[Nest] 42887  - [39m03/03/2026, 12:58:11 PM [32m    LOG[39m [38;5;3m[LoggingInterceptor] [39m[32mResponse: GET /api/sections - Status: 200 - Time: 70ms[39m
[32m[Nest] 42887  - [39m03/03/2026, 12:58:11 PM [32m    LOG[39m [38;5;3m[LoggingInterceptor] [39m[32mIncoming Request: GET /api/sections - User: anonymous - IP: ::1 - UA: Mozilla/5.0 (Macintosh; Intel Mac OS X 10_15_7) AppleWebKit/537.36 (KHTML, like Gecko) Chrome/145.0.0.0 Safari/537.36[39m
query: SELECT "Section"."id" AS "Section_id", "Section"."type" AS "Section_type", "Section"."title" AS "Section_title", "Section"."subtitle" AS "Section_subtitle", "Section"."content" AS "Section_content", "Section"."imageUrl" AS "Section_imageUrl", "Section"."order" AS "Section_order", "Section"."isActive" AS "Section_isActive", "Section"."settings" AS "Section_settings", "Section"."model3dUrl" AS "Section_model3dUrl", "Section"."show3d" AS "Section_show3d", "Section"."showImage" AS "Section_showImage", "Section"."createdAt" AS "Section_createdAt", "Section"."updatedAt" AS "Section_updatedAt" FROM "sections" "Section" WHERE (("Section"."isActive" = $1)) ORDER BY "Section"."order" ASC -- PARAMETERS: [true]
[32m[Nest] 42887  - [39m03/03/2026, 12:58:11 PM [32m    LOG[39m [38;5;3m[LoggingInterceptor] [39m[32mResponse: GET /api/sections - Status: 200 - Time: 59ms[39m
[32m[Nest] 42887  - [39m03/03/2026, 12:58:11 PM [32m    LOG[39m [38;5;3m[LoggingInterceptor] [39m[32mIncoming Request: GET /api/sections - User: anonymous - IP: ::1 - UA: Mozilla/5.0 (Macintosh; Intel Mac OS X 10_15_7) AppleWebKit/537.36 (KHTML, like Gecko) Chrome/145.0.0.0 Safari/537.36[39m
query: SELECT "Section"."id" AS "Section_id", "Section"."type" AS "Section_type", "Section"."title" AS "Section_title", "Section"."subtitle" AS "Section_subtitle", "Section"."content" AS "Section_content", "Section"."imageUrl" AS "Section_imageUrl", "Section"."order" AS "Section_order", "Section"."isActive" AS "Section_isActive", "Section"."settings" AS "Section_settings", "Section"."model3dUrl" AS "Section_model3dUrl", "Section"."show3d" AS "Section_show3d", "Section"."showImage" AS "Section_showImage", "Section"."createdAt" AS "Section_createdAt", "Section"."updatedAt" AS "Section_updatedAt" FROM "sections" "Section" WHERE (("Section"."isActive" = $1)) ORDER BY "Section"."order" ASC -- PARAMETERS: [true]
[32m[Nest] 42887  - [39m03/03/2026, 12:58:11 PM [32m    LOG[39m [38;5;3m[LoggingInterceptor] [39m[32mResponse: GET /api/sections - Status: 200 - Time: 57ms[39m
query: SELECT "Product"."id" AS "Product_id", "Product"."name" AS "Product_name", "Product"."category" AS "Product_category", "Product"."price" AS "Product_price", "Product"."stock" AS "Product_stock", "Product"."description" AS "Product_description", "Product"."imageUrl" AS "Product_imageUrl", "Product"."specifications" AS "Product_specifications", "Product"."discount" AS "Product_discount", "Product"."isSpecial" AS "Product_isSpecial", "Product"."rating" AS "Product_rating", "Product"."features" AS "Product_features", "Product"."images" AS "Product_images", "Product"."imageData" AS "Product_imageData", "Product"."createdAt" AS "Product_createdAt", "Product"."model3dUrl" AS "Product_model3dUrl", "Product"."updatedAt" AS "Product_updatedAt" FROM "products" "Product" ORDER BY "Product"."createdAt" DESC
query: SELECT "Product"."id" AS "Product_id", "Product"."name" AS "Product_name", "Product"."category" AS "Product_category", "Product"."price" AS "Product_price", "Product"."stock" AS "Product_stock", "Product"."description" AS "Product_description", "Product"."imageUrl" AS "Product_imageUrl", "Product"."specifications" AS "Product_specifications", "Product"."discount" AS "Product_discount", "Product"."isSpecial" AS "Product_isSpecial", "Product"."rating" AS "Product_rating", "Product"."features" AS "Product_features", "Product"."images" AS "Product_images", "Product"."imageData" AS "Product_imageData", "Product"."createdAt" AS "Product_createdAt", "Product"."model3dUrl" AS "Product_model3dUrl", "Product"."updatedAt" AS "Product_updatedAt" FROM "products" "Product" ORDER BY "Product"."createdAt" DESC
[32m[Nest] 42887  - [39m03/03/2026, 12:58:11 PM [32m    LOG[39m [38;5;3m[LoggingInterceptor] [39m[32mResponse: GET /api/products?isSpecial=true - Status: 200 - Time: 291ms[39m
[32m[Nest] 42887  - [39m03/03/2026, 12:58:11 PM [32m    LOG[39m [38;5;3m[LoggingInterceptor] [39m[32mResponse: GET /api/products?sort=rating&limit=4 - Status: 200 - Time: 295ms[39m
Memory usage: {
  rss: '137.39 MB',
  heapTotal: '57.52 MB',
  heapUsed: '51.22 MB',
  external: '3.90 MB'
}
Memory usage: {
  rss: '137.39 MB',
  heapTotal: '57.52 MB',
  heapUsed: '51.22 MB',
  external: '3.90 MB'
}
Memory usage: {
  rss: '137.39 MB',
  heapTotal: '57.52 MB',
  heapUsed: '51.23 MB',
  external: '3.90 MB'
}
Memory usage: {
  rss: '137.39 MB',
  heapTotal: '57.52 MB',
  heapUsed: '51.24 MB',
  external: '3.90 MB'
}
[32m[Nest] 42887  - [39m03/03/2026, 1:02:06 PM [32m    LOG[39m [38;5;3m[LoggingInterceptor] [39m[32mIncoming Request: GET /api/sections - User: anonymous - IP: ::1 - UA: Mozilla/5.0 (Macintosh; Intel Mac OS X 10_15_7) AppleWebKit/537.36 (KHTML, like Gecko) Chrome/145.0.0.0 Safari/537.36[39m
query: SELECT "Section"."id" AS "Section_id", "Section"."type" AS "Section_type", "Section"."title" AS "Section_title", "Section"."subtitle" AS "Section_subtitle", "Section"."content" AS "Section_content", "Section"."imageUrl" AS "Section_imageUrl", "Section"."order" AS "Section_order", "Section"."isActive" AS "Section_isActive", "Section"."settings" AS "Section_settings", "Section"."model3dUrl" AS "Section_model3dUrl", "Section"."show3d" AS "Section_show3d", "Section"."showImage" AS "Section_showImage", "Section"."createdAt" AS "Section_createdAt", "Section"."updatedAt" AS "Section_updatedAt" FROM "sections" "Section" WHERE (("Section"."isActive" = $1)) ORDER BY "Section"."order" ASC -- PARAMETERS: [true]
[32m[Nest] 42887  - [39m03/03/2026, 1:02:06 PM [32m    LOG[39m [38;5;3m[LoggingInterceptor] [39m[32mResponse: GET /api/sections - Status: 200 - Time: 357ms[39m
Memory usage: {
  rss: '137.39 MB',
  heapTotal: '57.52 MB',
  heapUsed: '51.20 MB',
  external: '3.89 MB'
}
Memory usage: {
  rss: '137.39 MB',
  heapTotal: '57.52 MB',
  heapUsed: '51.20 MB',
  external: '3.89 MB'
}
Memory usage: {
  rss: '137.39 MB',
  heapTotal: '57.52 MB',
  heapUsed: '51.22 MB',
  external: '3.89 MB'
}
[32m[Nest] 42887  - [39m03/03/2026, 1:05:01 PM [32m    LOG[39m [38;5;3m[LoggingInterceptor] [39m[32mIncoming Request: GET /api/sections - User: anonymous - IP: ::1 - UA: Mozilla/5.0 (Macintosh; Intel Mac OS X 10_15_7) AppleWebKit/537.36 (KHTML, like Gecko) Chrome/145.0.0.0 Safari/537.36[39m
query: SELECT "Section"."id" AS "Section_id", "Section"."type" AS "Section_type", "Section"."title" AS "Section_title", "Section"."subtitle" AS "Section_subtitle", "Section"."content" AS "Section_content", "Section"."imageUrl" AS "Section_imageUrl", "Section"."order" AS "Section_order", "Section"."isActive" AS "Section_isActive", "Section"."settings" AS "Section_settings", "Section"."model3dUrl" AS "Section_model3dUrl", "Section"."show3d" AS "Section_show3d", "Section"."showImage" AS "Section_showImage", "Section"."createdAt" AS "Section_createdAt", "Section"."updatedAt" AS "Section_updatedAt" FROM "sections" "Section" WHERE (("Section"."isActive" = $1)) ORDER BY "Section"."order" ASC -- PARAMETERS: [true]
[32m[Nest] 42887  - [39m03/03/2026, 1:05:03 PM [32m    LOG[39m [38;5;3m[LoggingInterceptor] [39m[32mResponse: GET /api/sections - Status: 200 - Time: 1609ms[39m
Memory usage: {
  rss: '137.47 MB',
  heapTotal: '57.52 MB',
  heapUsed: '50.98 MB',
  external: '3.91 MB'
}
[31m[Nest] 42887  - [39m03/03/2026, 1:06:04 PM [31m  ERROR[39m [38;5;3m[AllExceptionsFilter] [39m[31mException caught by AllExceptionsFilter:[39m
[31m[Nest] 42887  - [39m03/03/2026, 1:06:04 PM [31m  ERROR[39m [38;5;3m[AllExceptionsFilter] [39m[31mObject:[39m
{
  "errorType": "HttpException",
  "status": 404,
  "message": {
    "message": "Cannot GET /api/health",
    "error": "Not Found",
    "statusCode": 404
  },
  "path": "/api/health",
  "method": "GET",
  "timestamp": "2026-03-03T11:06:04.004Z",
  "userAgent": "Mozilla/5.0 (Macintosh; Intel Mac OS X 10_15_7) AppleWebKit/537.36 (KHTML, like Gecko) Chrome/145.0.0.0 Safari/537.36",
  "ip": "::1"
}

[32m[Nest] 42887  - [39m03/03/2026, 1:06:04 PM [32m    LOG[39m [38;5;3m[LoggingInterceptor] [39m[32mIncoming Request: GET /api/products - User: anonymous - IP: ::1 - UA: Mozilla/5.0 (Macintosh; Intel Mac OS X 10_15_7) AppleWebKit/537.36 (KHTML, like Gecko) Chrome/145.0.0.0 Safari/537.36[39m
query: SELECT "Product"."id" AS "Product_id", "Product"."name" AS "Product_name", "Product"."category" AS "Product_category", "Product"."price" AS "Product_price", "Product"."stock" AS "Product_stock", "Product"."description" AS "Product_description", "Product"."imageUrl" AS "Product_imageUrl", "Product"."specifications" AS "Product_specifications", "Product"."discount" AS "Product_discount", "Product"."isSpecial" AS "Product_isSpecial", "Product"."rating" AS "Product_rating", "Product"."features" AS "Product_features", "Product"."images" AS "Product_images", "Product"."imageData" AS "Product_imageData", "Product"."createdAt" AS "Product_createdAt", "Product"."model3dUrl" AS "Product_model3dUrl", "Product"."updatedAt" AS "Product_updatedAt" FROM "products" "Product" ORDER BY "Product"."createdAt" DESC
[32m[Nest] 42887  - [39m03/03/2026, 1:06:04 PM [32m    LOG[39m [38;5;3m[LoggingInterceptor] [39m[32mResponse: GET /api/products - Status: 200 - Time: 306ms[39m
[32m[Nest] 42887  - [39m03/03/2026, 1:06:04 PM [32m    LOG[39m [38;5;3m[LoggingInterceptor] [39m[32mIncoming Request: GET /api/seo/settings - User: anonymous - IP: ::1 - UA: Mozilla/5.0 (Macintosh; Intel Mac OS X 10_15_7) AppleWebKit/537.36 (KHTML, like Gecko) Chrome/145.0.0.0 Safari/537.36[39m
[32m[Nest] 42887  - [39m03/03/2026, 1:06:04 PM [32m    LOG[39m [38;5;3m[LoggingInterceptor] [39m[32mResponse: GET /api/seo/settings - Status: 200 - Time: 0ms[39m
[32m[Nest] 42887  - [39m03/03/2026, 1:06:04 PM [32m    LOG[39m [38;5;3m[LoggingInterceptor] [39m[32mIncoming Request: GET /api/sections - User: anonymous - IP: ::1 - UA: Mozilla/5.0 (Macintosh; Intel Mac OS X 10_15_7) AppleWebKit/537.36 (KHTML, like Gecko) Chrome/145.0.0.0 Safari/537.36[39m
query: SELECT "Section"."id" AS "Section_id", "Section"."type" AS "Section_type", "Section"."title" AS "Section_title", "Section"."subtitle" AS "Section_subtitle", "Section"."content" AS "Section_content", "Section"."imageUrl" AS "Section_imageUrl", "Section"."order" AS "Section_order", "Section"."isActive" AS "Section_isActive", "Section"."settings" AS "Section_settings", "Section"."model3dUrl" AS "Section_model3dUrl", "Section"."show3d" AS "Section_show3d", "Section"."showImage" AS "Section_showImage", "Section"."createdAt" AS "Section_createdAt", "Section"."updatedAt" AS "Section_updatedAt" FROM "sections" "Section" WHERE (("Section"."isActive" = $1)) ORDER BY "Section"."order" ASC -- PARAMETERS: [true]
[32m[Nest] 42887  - [39m03/03/2026, 1:06:04 PM [32m    LOG[39m [38;5;3m[LoggingInterceptor] [39m[32mIncoming Request: GET /api/products?sort=rating&limit=4 - User: anonymous - IP: ::1 - UA: Mozilla/5.0 (Macintosh; Intel Mac OS X 10_15_7) AppleWebKit/537.36 (KHTML, like Gecko) Chrome/145.0.0.0 Safari/537.36[39m
[32m[Nest] 42887  - [39m03/03/2026, 1:06:04 PM [32m    LOG[39m [38;5;3m[LoggingInterceptor] [39m[32mIncoming Request: GET /api/products?isSpecial=true - User: anonymous - IP: ::1 - UA: Mozilla/5.0 (Macintosh; Intel Mac OS X 10_15_7) AppleWebKit/537.36 (KHTML, like Gecko) Chrome/145.0.0.0 Safari/537.36[39m
[32m[Nest] 42887  - [39m03/03/2026, 1:06:04 PM [32m    LOG[39m [38;5;3m[LoggingInterceptor] [39m[32mResponse: GET /api/sections - Status: 200 - Time: 66ms[39m
[32m[Nest] 42887  - [39m03/03/2026, 1:06:04 PM [32m    LOG[39m [38;5;3m[LoggingInterceptor] [39m[32mIncoming Request: GET /api/sections - User: anonymous - IP: ::1 - UA: Mozilla/5.0 (Macintosh; Intel Mac OS X 10_15_7) AppleWebKit/537.36 (KHTML, like Gecko) Chrome/145.0.0.0 Safari/537.36[39m
query: SELECT "Section"."id" AS "Section_id", "Section"."type" AS "Section_type", "Section"."title" AS "Section_title", "Section"."subtitle" AS "Section_subtitle", "Section"."content" AS "Section_content", "Section"."imageUrl" AS "Section_imageUrl", "Section"."order" AS "Section_order", "Section"."isActive" AS "Section_isActive", "Section"."settings" AS "Section_settings", "Section"."model3dUrl" AS "Section_model3dUrl", "Section"."show3d" AS "Section_show3d", "Section"."showImage" AS "Section_showImage", "Section"."createdAt" AS "Section_createdAt", "Section"."updatedAt" AS "Section_updatedAt" FROM "sections" "Section" WHERE (("Section"."isActive" = $1)) ORDER BY "Section"."order" ASC -- PARAMETERS: [true]
[32m[Nest] 42887  - [39m03/03/2026, 1:06:04 PM [32m    LOG[39m [38;5;3m[LoggingInterceptor] [39m[32mResponse: GET /api/sections - Status: 200 - Time: 57ms[39m
[32m[Nest] 42887  - [39m03/03/2026, 1:06:04 PM [32m    LOG[39m [38;5;3m[LoggingInterceptor] [39m[32mIncoming Request: GET /api/sections - User: anonymous - IP: ::1 - UA: Mozilla/5.0 (Macintosh; Intel Mac OS X 10_15_7) AppleWebKit/537.36 (KHTML, like Gecko) Chrome/145.0.0.0 Safari/537.36[39m
query: SELECT "Section"."id" AS "Section_id", "Section"."type" AS "Section_type", "Section"."title" AS "Section_title", "Section"."subtitle" AS "Section_subtitle", "Section"."content" AS "Section_content", "Section"."imageUrl" AS "Section_imageUrl", "Section"."order" AS "Section_order", "Section"."isActive" AS "Section_isActive", "Section"."settings" AS "Section_settings", "Section"."model3dUrl" AS "Section_model3dUrl", "Section"."show3d" AS "Section_show3d", "Section"."showImage" AS "Section_showImage", "Section"."createdAt" AS "Section_createdAt", "Section"."updatedAt" AS "Section_updatedAt" FROM "sections" "Section" WHERE (("Section"."isActive" = $1)) ORDER BY "Section"."order" ASC -- PARAMETERS: [true]
[32m[Nest] 42887  - [39m03/03/2026, 1:06:04 PM [32m    LOG[39m [38;5;3m[LoggingInterceptor] [39m[32mResponse: GET /api/sections - Status: 200 - Time: 55ms[39m
query: SELECT "Product"."id" AS "Product_id", "Product"."name" AS "Product_name", "Product"."category" AS "Product_category", "Product"."price" AS "Product_price", "Product"."stock" AS "Product_stock", "Product"."description" AS "Product_description", "Product"."imageUrl" AS "Product_imageUrl", "Product"."specifications" AS "Product_specifications", "Product"."discount" AS "Product_discount", "Product"."isSpecial" AS "Product_isSpecial", "Product"."rating" AS "Product_rating", "Product"."features" AS "Product_features", "Product"."images" AS "Product_images", "Product"."imageData" AS "Product_imageData", "Product"."createdAt" AS "Product_createdAt", "Product"."model3dUrl" AS "Product_model3dUrl", "Product"."updatedAt" AS "Product_updatedAt" FROM "products" "Product" ORDER BY "Product"."createdAt" DESC
query: SELECT "Product"."id" AS "Product_id", "Product"."name" AS "Product_name", "Product"."category" AS "Product_category", "Product"."price" AS "Product_price", "Product"."stock" AS "Product_stock", "Product"."description" AS "Product_description", "Product"."imageUrl" AS "Product_imageUrl", "Product"."specifications" AS "Product_specifications", "Product"."discount" AS "Product_discount", "Product"."isSpecial" AS "Product_isSpecial", "Product"."rating" AS "Product_rating", "Product"."features" AS "Product_features", "Product"."images" AS "Product_images", "Product"."imageData" AS "Product_imageData", "Product"."createdAt" AS "Product_createdAt", "Product"."model3dUrl" AS "Product_model3dUrl", "Product"."updatedAt" AS "Product_updatedAt" FROM "products" "Product" ORDER BY "Product"."createdAt" DESC
[32m[Nest] 42887  - [39m03/03/2026, 1:06:04 PM [32m    LOG[39m [38;5;3m[LoggingInterceptor] [39m[32mResponse: GET /api/products?sort=rating&limit=4 - Status: 200 - Time: 311ms[39m
[32m[Nest] 42887  - [39m03/03/2026, 1:06:04 PM [32m    LOG[39m [38;5;3m[LoggingInterceptor] [39m[32mResponse: GET /api/products?isSpecial=true - Status: 200 - Time: 371ms[39m
[32m[Nest] 42887  - [39m03/03/2026, 1:06:10 PM [32m    LOG[39m [38;5;3m[LoggingInterceptor] [39m[32mIncoming Request: GET /api/products - User: anonymous - IP: ::1 - UA: Mozilla/5.0 (Macintosh; Intel Mac OS X 10_15_7) AppleWebKit/537.36 (KHTML, like Gecko) Chrome/145.0.0.0 Safari/537.36[39m
query: SELECT "Product"."id" AS "Product_id", "Product"."name" AS "Product_name", "Product"."category" AS "Product_category", "Product"."price" AS "Product_price", "Product"."stock" AS "Product_stock", "Product"."description" AS "Product_description", "Product"."imageUrl" AS "Product_imageUrl", "Product"."specifications" AS "Product_specifications", "Product"."discount" AS "Product_discount", "Product"."isSpecial" AS "Product_isSpecial", "Product"."rating" AS "Product_rating", "Product"."features" AS "Product_features", "Product"."images" AS "Product_images", "Product"."imageData" AS "Product_imageData", "Product"."createdAt" AS "Product_createdAt", "Product"."model3dUrl" AS "Product_model3dUrl", "Product"."updatedAt" AS "Product_updatedAt" FROM "products" "Product" ORDER BY "Product"."createdAt" DESC
[32m[Nest] 42887  - [39m03/03/2026, 1:06:10 PM [32m    LOG[39m [38;5;3m[LoggingInterceptor] [39m[32mIncoming Request: GET /api/categories - User: anonymous - IP: ::1 - UA: Mozilla/5.0 (Macintosh; Intel Mac OS X 10_15_7) AppleWebKit/537.36 (KHTML, like Gecko) Chrome/145.0.0.0 Safari/537.36[39m
query: SELECT "Category"."id" AS "Category_id", "Category"."name" AS "Category_name", "Category"."slug" AS "Category_slug", "Category"."icon" AS "Category_icon", "Category"."description" AS "Category_description", "Category"."isActive" AS "Category_isActive", "Category"."createdAt" AS "Category_createdAt", "Category"."updatedAt" AS "Category_updatedAt" FROM "categories" "Category" ORDER BY "Category"."createdAt" DESC
[32m[Nest] 42887  - [39m03/03/2026, 1:06:10 PM [32m    LOG[39m [38;5;3m[LoggingInterceptor] [39m[32mResponse: GET /api/products - Status: 200 - Time: 54ms[39m
[32m[Nest] 42887  - [39m03/03/2026, 1:06:10 PM [32m    LOG[39m [38;5;3m[LoggingInterceptor] [39m[32mResponse: GET /api/categories - Status: 200 - Time: 58ms[39m
[32m[Nest] 42887  - [39m03/03/2026, 1:06:12 PM [32m    LOG[39m [38;5;3m[LoggingInterceptor] [39m[32mIncoming Request: GET /api/sections - User: anonymous - IP: ::1 - UA: Mozilla/5.0 (Macintosh; Intel Mac OS X 10_15_7) AppleWebKit/537.36 (KHTML, like Gecko) Chrome/145.0.0.0 Safari/537.36[39m
query: SELECT "Section"."id" AS "Section_id", "Section"."type" AS "Section_type", "Section"."title" AS "Section_title", "Section"."subtitle" AS "Section_subtitle", "Section"."content" AS "Section_content", "Section"."imageUrl" AS "Section_imageUrl", "Section"."order" AS "Section_order", "Section"."isActive" AS "Section_isActive", "Section"."settings" AS "Section_settings", "Section"."model3dUrl" AS "Section_model3dUrl", "Section"."show3d" AS "Section_show3d", "Section"."showImage" AS "Section_showImage", "Section"."createdAt" AS "Section_createdAt", "Section"."updatedAt" AS "Section_updatedAt" FROM "sections" "Section" WHERE (("Section"."isActive" = $1)) ORDER BY "Section"."order" ASC -- PARAMETERS: [true]
[32m[Nest] 42887  - [39m03/03/2026, 1:06:12 PM [32m    LOG[39m [38;5;3m[LoggingInterceptor] [39m[32mResponse: GET /api/sections - Status: 200 - Time: 97ms[39m
[32m[Nest] 42887  - [39m03/03/2026, 1:06:15 PM [32m    LOG[39m [38;5;3m[LoggingInterceptor] [39m[32mIncoming Request: GET /api/notifications - User: anonymous - IP: ::1 - UA: Mozilla/5.0 (Macintosh; Intel Mac OS X 10_15_7) AppleWebKit/537.36 (KHTML, like Gecko) Chrome/145.0.0.0 Safari/537.36[39m
query: SELECT "notification"."id" AS "notification_id", "notification"."type" AS "notification_type", "notification"."title" AS "notification_title", "notification"."message" AS "notification_message", "notification"."data" AS "notification_data", "notification"."status" AS "notification_status", "notification"."userId" AS "notification_userId", "notification"."createdAt" AS "notification_createdAt", "notification"."updatedAt" AS "notification_updatedAt" FROM "notifications" "notification" WHERE "notification"."userId" IS NULL ORDER BY "notification"."createdAt" DESC
[32m[Nest] 42887  - [39m03/03/2026, 1:06:15 PM [32m    LOG[39m [38;5;3m[LoggingInterceptor] [39m[32mIncoming Request: GET /api/products - User: anonymous - IP: ::1 - UA: Mozilla/5.0 (Macintosh; Intel Mac OS X 10_15_7) AppleWebKit/537.36 (KHTML, like Gecko) Chrome/145.0.0.0 Safari/537.36[39m
query: SELECT "Product"."id" AS "Product_id", "Product"."name" AS "Product_name", "Product"."category" AS "Product_category", "Product"."price" AS "Product_price", "Product"."stock" AS "Product_stock", "Product"."description" AS "Product_description", "Product"."imageUrl" AS "Product_imageUrl", "Product"."specifications" AS "Product_specifications", "Product"."discount" AS "Product_discount", "Product"."isSpecial" AS "Product_isSpecial", "Product"."rating" AS "Product_rating", "Product"."features" AS "Product_features", "Product"."images" AS "Product_images", "Product"."imageData" AS "Product_imageData", "Product"."createdAt" AS "Product_createdAt", "Product"."model3dUrl" AS "Product_model3dUrl", "Product"."updatedAt" AS "Product_updatedAt" FROM "products" "Product" ORDER BY "Product"."createdAt" DESC
[32m[Nest] 42887  - [39m03/03/2026, 1:06:15 PM [32m    LOG[39m [38;5;3m[LoggingInterceptor] [39m[32mIncoming Request: GET /api/notifications/unread/count - User: anonymous - IP: ::1 - UA: Mozilla/5.0 (Macintosh; Intel Mac OS X 10_15_7) AppleWebKit/537.36 (KHTML, like Gecko) Chrome/145.0.0.0 Safari/537.36[39m
[32m[Nest] 42887  - [39m03/03/2026, 1:06:15 PM [32m    LOG[39m [38;5;3m[LoggingInterceptor] [39m[32mResponse: GET /api/notifications/unread/count - Status: 200 - Time: 0ms[39m
[32m[Nest] 42887  - [39m03/03/2026, 1:06:15 PM [32m    LOG[39m [38;5;3m[LoggingInterceptor] [39m[32mIncoming Request: GET /api/orders - User: anonymous - IP: ::1 - UA: Mozilla/5.0 (Macintosh; Intel Mac OS X 10_15_7) AppleWebKit/537.36 (KHTML, like Gecko) Chrome/145.0.0.0 Safari/537.36[39m
[32m[Nest] 42887  - [39m03/03/2026, 1:06:15 PM [32m    LOG[39m [38;5;3m[LoggingInterceptor] [39m[32mIncoming Request: GET /api/users - User: anonymous - IP: ::1 - UA: Mozilla/5.0 (Macintosh; Intel Mac OS X 10_15_7) AppleWebKit/537.36 (KHTML, like Gecko) Chrome/145.0.0.0 Safari/537.36[39m
[32m[Nest] 42887  - [39m03/03/2026, 1:06:15 PM [32m    LOG[39m [38;5;3m[LoggingInterceptor] [39m[32mResponse: GET /api/products - Status: 200 - Time: 61ms[39m
[32m[Nest] 42887  - [39m03/03/2026, 1:06:15 PM [32m    LOG[39m [38;5;3m[LoggingInterceptor] [39m[32mResponse: GET /api/notifications - Status: 200 - Time: 173ms[39m
[32m[Nest] 42887  - [39m03/03/2026, 1:06:15 PM [32m    LOG[39m [38;5;3m[LoggingInterceptor] [39m[32mIncoming Request: GET /api/notifications - User: anonymous - IP: ::1 - UA: Mozilla/5.0 (Macintosh; Intel Mac OS X 10_15_7) AppleWebKit/537.36 (KHTML, like Gecko) Chrome/145.0.0.0 Safari/537.36[39m
query: SELECT "notification"."id" AS "notification_id", "notification"."type" AS "notification_type", "notification"."title" AS "notification_title", "notification"."message" AS "notification_message", "notification"."data" AS "notification_data", "notification"."status" AS "notification_status", "notification"."userId" AS "notification_userId", "notification"."createdAt" AS "notification_createdAt", "notification"."updatedAt" AS "notification_updatedAt" FROM "notifications" "notification" WHERE "notification"."userId" IS NULL ORDER BY "notification"."createdAt" DESC
query: SELECT COUNT(1) AS "cnt" FROM "notifications" "notification" WHERE "notification"."status" = $1 AND "notification"."userId" IS NULL -- PARAMETERS: ["unread"]
query: SELECT "Order"."id" AS "Order_id", "Order"."customerName" AS "Order_customerName", "Order"."customerEmail" AS "Order_customerEmail", "Order"."customerPhone" AS "Order_customerPhone", "Order"."items" AS "Order_items", "Order"."totalAmount" AS "Order_totalAmount", "Order"."status" AS "Order_status", "Order"."shippingAddress" AS "Order_shippingAddress", "Order"."city" AS "Order_city", "Order"."postalCode" AS "Order_postalCode", "Order"."country" AS "Order_country", "Order"."notes" AS "Order_notes", "Order"."paymentMethod" AS "Order_paymentMethod", "Order"."createdAt" AS "Order_createdAt", "Order"."updatedAt" AS "Order_updatedAt" FROM "orders" "Order" ORDER BY "Order"."createdAt" DESC
query: SELECT "User"."id" AS "User_id", "User"."email" AS "User_email", "User"."name" AS "User_name", "User"."password" AS "User_password", "User"."role" AS "User_role", "User"."status" AS "User_status", "User"."phone" AS "User_phone", "User"."avatar" AS "User_avatar", "User"."createdAt" AS "User_createdAt", "User"."updatedAt" AS "User_updatedAt" FROM "users" "User" ORDER BY "User"."id" ASC LIMIT 10 OFFSET 0
query: SELECT "User"."id" AS "User_id", "User"."email" AS "User_email", "User"."name" AS "User_name", "User"."password" AS "User_password", "User"."role" AS "User_role", "User"."status" AS "User_status", "User"."phone" AS "User_phone", "User"."avatar" AS "User_avatar", "User"."createdAt" AS "User_createdAt", "User"."updatedAt" AS "User_updatedAt" FROM "users" "User" WHERE (("User"."id" = $1)) LIMIT 1 -- PARAMETERS: [4]
[32m[Nest] 42887  - [39m03/03/2026, 1:06:15 PM [32m    LOG[39m [38;5;3m[LoggingInterceptor] [39m[32mResponse: GET /api/notifications - Status: 200 - Time: 128ms[39m
query: SELECT COUNT(1) AS "cnt" FROM "users" "User"
[32m[Nest] 42887  - [39m03/03/2026, 1:06:15 PM [32m    LOG[39m [38;5;3m[LoggingInterceptor] [39m[32mIncoming Request: GET /api/payments - User: 4 - IP: ::1 - UA: Mozilla/5.0 (Macintosh; Intel Mac OS X 10_15_7) AppleWebKit/537.36 (KHTML, like Gecko) Chrome/145.0.0.0 Safari/537.36[39m
query: SELECT "Payment"."id" AS "Payment_id", "Payment"."orderId" AS "Payment_orderId", "Payment"."amount" AS "Payment_amount", "Payment"."currency" AS "Payment_currency", "Payment"."paymentMethod" AS "Payment_paymentMethod", "Payment"."status" AS "Payment_status", "Payment"."description" AS "Payment_description", "Payment"."transactionId" AS "Payment_transactionId", "Payment"."liqpayPaymentId" AS "Payment_liqpayPaymentId", "Payment"."customerEmail" AS "Payment_customerEmail", "Payment"."customerPhone" AS "Payment_customerPhone", "Payment"."metadata" AS "Payment_metadata", "Payment"."errorMessage" AS "Payment_errorMessage", "Payment"."createdAt" AS "Payment_createdAt", "Payment"."updatedAt" AS "Payment_updatedAt" FROM "payments" "Payment" ORDER BY "Payment"."createdAt" DESC
[32m[Nest] 42887  - [39m03/03/2026, 1:06:16 PM [32m    LOG[39m [38;5;3m[LoggingInterceptor] [39m[32mResponse: GET /api/users - Status: 200 - Time: 369ms[39m
[32m[Nest] 42887  - [39m03/03/2026, 1:06:16 PM [32m    LOG[39m [38;5;3m[LoggingInterceptor] [39m[32mResponse: GET /api/orders - Status: 200 - Time: 419ms[39m
[32m[Nest] 42887  - [39m03/03/2026, 1:06:16 PM [32m    LOG[39m [38;5;3m[LoggingInterceptor] [39m[32mIncoming Request: GET /api/orders - User: anonymous - IP: ::1 - UA: Mozilla/5.0 (Macintosh; Intel Mac OS X 10_15_7) AppleWebKit/537.36 (KHTML, like Gecko) Chrome/145.0.0.0 Safari/537.36[39m
query: SELECT "Order"."id" AS "Order_id", "Order"."customerName" AS "Order_customerName", "Order"."customerEmail" AS "Order_customerEmail", "Order"."customerPhone" AS "Order_customerPhone", "Order"."items" AS "Order_items", "Order"."totalAmount" AS "Order_totalAmount", "Order"."status" AS "Order_status", "Order"."shippingAddress" AS "Order_shippingAddress", "Order"."city" AS "Order_city", "Order"."postalCode" AS "Order_postalCode", "Order"."country" AS "Order_country", "Order"."notes" AS "Order_notes", "Order"."paymentMethod" AS "Order_paymentMethod", "Order"."createdAt" AS "Order_createdAt", "Order"."updatedAt" AS "Order_updatedAt" FROM "orders" "Order" ORDER BY "Order"."createdAt" DESC
[32m[Nest] 42887  - [39m03/03/2026, 1:06:16 PM [32m    LOG[39m [38;5;3m[LoggingInterceptor] [39m[32mResponse: GET /api/payments - Status: 200 - Time: 113ms[39m
query: SELECT "User"."id" AS "User_id", "User"."email" AS "User_email", "User"."name" AS "User_name", "User"."password" AS "User_password", "User"."role" AS "User_role", "User"."status" AS "User_status", "User"."phone" AS "User_phone", "User"."avatar" AS "User_avatar", "User"."createdAt" AS "User_createdAt", "User"."updatedAt" AS "User_updatedAt" FROM "users" "User" WHERE (("User"."id" = $1)) LIMIT 1 -- PARAMETERS: [4]
[32m[Nest] 42887  - [39m03/03/2026, 1:06:16 PM [32m    LOG[39m [38;5;3m[LoggingInterceptor] [39m[32mResponse: GET /api/orders - Status: 200 - Time: 76ms[39m
[32m[Nest] 42887  - [39m03/03/2026, 1:06:16 PM [32m    LOG[39m [38;5;3m[LoggingInterceptor] [39m[32mIncoming Request: GET /api/payments - User: 4 - IP: ::1 - UA: Mozilla/5.0 (Macintosh; Intel Mac OS X 10_15_7) AppleWebKit/537.36 (KHTML, like Gecko) Chrome/145.0.0.0 Safari/537.36[39m
query: SELECT "Payment"."id" AS "Payment_id", "Payment"."orderId" AS "Payment_orderId", "Payment"."amount" AS "Payment_amount", "Payment"."currency" AS "Payment_currency", "Payment"."paymentMethod" AS "Payment_paymentMethod", "Payment"."status" AS "Payment_status", "Payment"."description" AS "Payment_description", "Payment"."transactionId" AS "Payment_transactionId", "Payment"."liqpayPaymentId" AS "Payment_liqpayPaymentId", "Payment"."customerEmail" AS "Payment_customerEmail", "Payment"."customerPhone" AS "Payment_customerPhone", "Payment"."metadata" AS "Payment_metadata", "Payment"."errorMessage" AS "Payment_errorMessage", "Payment"."createdAt" AS "Payment_createdAt", "Payment"."updatedAt" AS "Payment_updatedAt" FROM "payments" "Payment" ORDER BY "Payment"."createdAt" DESC
[32m[Nest] 42887  - [39m03/03/2026, 1:06:16 PM [32m    LOG[39m [38;5;3m[LoggingInterceptor] [39m[32mIncoming Request: GET /api/orders - User: anonymous - IP: ::1 - UA: Mozilla/5.0 (Macintosh; Intel Mac OS X 10_15_7) AppleWebKit/537.36 (KHTML, like Gecko) Chrome/145.0.0.0 Safari/537.36[39m
query: SELECT "Order"."id" AS "Order_id", "Order"."customerName" AS "Order_customerName", "Order"."customerEmail" AS "Order_customerEmail", "Order"."customerPhone" AS "Order_customerPhone", "Order"."items" AS "Order_items", "Order"."totalAmount" AS "Order_totalAmount", "Order"."status" AS "Order_status", "Order"."shippingAddress" AS "Order_shippingAddress", "Order"."city" AS "Order_city", "Order"."postalCode" AS "Order_postalCode", "Order"."country" AS "Order_country", "Order"."notes" AS "Order_notes", "Order"."paymentMethod" AS "Order_paymentMethod", "Order"."createdAt" AS "Order_createdAt", "Order"."updatedAt" AS "Order_updatedAt" FROM "orders" "Order" ORDER BY "Order"."createdAt" DESC
[32m[Nest] 42887  - [39m03/03/2026, 1:06:16 PM [32m    LOG[39m [38;5;3m[LoggingInterceptor] [39m[32mResponse: GET /api/orders - Status: 200 - Time: 64ms[39m
[32m[Nest] 42887  - [39m03/03/2026, 1:06:16 PM [32m    LOG[39m [38;5;3m[LoggingInterceptor] [39m[32mResponse: GET /api/payments - Status: 200 - Time: 72ms[39m
[32m[Nest] 42887  - [39m03/03/2026, 1:06:17 PM [32m    LOG[39m [38;5;3m[LoggingInterceptor] [39m[32mIncoming Request: GET /api/sections - User: anonymous - IP: ::1 - UA: Mozilla/5.0 (Macintosh; Intel Mac OS X 10_15_7) AppleWebKit/537.36 (KHTML, like Gecko) Chrome/145.0.0.0 Safari/537.36[39m
query: SELECT "Section"."id" AS "Section_id", "Section"."type" AS "Section_type", "Section"."title" AS "Section_title", "Section"."subtitle" AS "Section_subtitle", "Section"."content" AS "Section_content", "Section"."imageUrl" AS "Section_imageUrl", "Section"."order" AS "Section_order", "Section"."isActive" AS "Section_isActive", "Section"."settings" AS "Section_settings", "Section"."model3dUrl" AS "Section_model3dUrl", "Section"."show3d" AS "Section_show3d", "Section"."showImage" AS "Section_showImage", "Section"."createdAt" AS "Section_createdAt", "Section"."updatedAt" AS "Section_updatedAt" FROM "sections" "Section" WHERE (("Section"."isActive" = $1)) ORDER BY "Section"."order" ASC -- PARAMETERS: [true]
[32m[Nest] 42887  - [39m03/03/2026, 1:06:17 PM [32m    LOG[39m [38;5;3m[LoggingInterceptor] [39m[32mIncoming Request: GET /api/products?sort=rating&limit=4 - User: anonymous - IP: ::1 - UA: Mozilla/5.0 (Macintosh; Intel Mac OS X 10_15_7) AppleWebKit/537.36 (KHTML, like Gecko) Chrome/145.0.0.0 Safari/537.36[39m
query: SELECT "Product"."id" AS "Product_id", "Product"."name" AS "Product_name", "Product"."category" AS "Product_category", "Product"."price" AS "Product_price", "Product"."stock" AS "Product_stock", "Product"."description" AS "Product_description", "Product"."imageUrl" AS "Product_imageUrl", "Product"."specifications" AS "Product_specifications", "Product"."discount" AS "Product_discount", "Product"."isSpecial" AS "Product_isSpecial", "Product"."rating" AS "Product_rating", "Product"."features" AS "Product_features", "Product"."images" AS "Product_images", "Product"."imageData" AS "Product_imageData", "Product"."createdAt" AS "Product_createdAt", "Product"."model3dUrl" AS "Product_model3dUrl", "Product"."updatedAt" AS "Product_updatedAt" FROM "products" "Product" ORDER BY "Product"."createdAt" DESC
[32m[Nest] 42887  - [39m03/03/2026, 1:06:17 PM [32m    LOG[39m [38;5;3m[LoggingInterceptor] [39m[32mIncoming Request: GET /api/products?isSpecial=true - User: anonymous - IP: ::1 - UA: Mozilla/5.0 (Macintosh; Intel Mac OS X 10_15_7) AppleWebKit/537.36 (KHTML, like Gecko) Chrome/145.0.0.0 Safari/537.36[39m
query: SELECT "Product"."id" AS "Product_id", "Product"."name" AS "Product_name", "Product"."category" AS "Product_category", "Product"."price" AS "Product_price", "Product"."stock" AS "Product_stock", "Product"."description" AS "Product_description", "Product"."imageUrl" AS "Product_imageUrl", "Product"."specifications" AS "Product_specifications", "Product"."discount" AS "Product_discount", "Product"."isSpecial" AS "Product_isSpecial", "Product"."rating" AS "Product_rating", "Product"."features" AS "Product_features", "Product"."images" AS "Product_images", "Product"."imageData" AS "Product_imageData", "Product"."createdAt" AS "Product_createdAt", "Product"."model3dUrl" AS "Product_model3dUrl", "Product"."updatedAt" AS "Product_updatedAt" FROM "products" "Product" ORDER BY "Product"."createdAt" DESC
[32m[Nest] 42887  - [39m03/03/2026, 1:06:17 PM [32m    LOG[39m [38;5;3m[LoggingInterceptor] [39m[32mResponse: GET /api/products?sort=rating&limit=4 - Status: 200 - Time: 58ms[39m
[32m[Nest] 42887  - [39m03/03/2026, 1:06:17 PM [32m    LOG[39m [38;5;3m[LoggingInterceptor] [39m[32mResponse: GET /api/sections - Status: 200 - Time: 61ms[39m
[32m[Nest] 42887  - [39m03/03/2026, 1:06:17 PM [32m    LOG[39m [38;5;3m[LoggingInterceptor] [39m[32mResponse: GET /api/products?isSpecial=true - Status: 200 - Time: 58ms[39m
[32m[Nest] 42887  - [39m03/03/2026, 1:06:17 PM [32m    LOG[39m [38;5;3m[LoggingInterceptor] [39m[32mIncoming Request: GET /api/sections - User: anonymous - IP: ::1 - UA: Mozilla/5.0 (Macintosh; Intel Mac OS X 10_15_7) AppleWebKit/537.36 (KHTML, like Gecko) Chrome/145.0.0.0 Safari/537.36[39m
query: SELECT "Section"."id" AS "Section_id", "Section"."type" AS "Section_type", "Section"."title" AS "Section_title", "Section"."subtitle" AS "Section_subtitle", "Section"."content" AS "Section_content", "Section"."imageUrl" AS "Section_imageUrl", "Section"."order" AS "Section_order", "Section"."isActive" AS "Section_isActive", "Section"."settings" AS "Section_settings", "Section"."model3dUrl" AS "Section_model3dUrl", "Section"."show3d" AS "Section_show3d", "Section"."showImage" AS "Section_showImage", "Section"."createdAt" AS "Section_createdAt", "Section"."updatedAt" AS "Section_updatedAt" FROM "sections" "Section" WHERE (("Section"."isActive" = $1)) ORDER BY "Section"."order" ASC -- PARAMETERS: [true]
[32m[Nest] 42887  - [39m03/03/2026, 1:06:17 PM [32m    LOG[39m [38;5;3m[LoggingInterceptor] [39m[32mResponse: GET /api/sections - Status: 200 - Time: 83ms[39m
[32m[Nest] 42887  - [39m03/03/2026, 1:06:17 PM [32m    LOG[39m [38;5;3m[LoggingInterceptor] [39m[32mIncoming Request: GET /api/sections - User: anonymous - IP: ::1 - UA: Mozilla/5.0 (Macintosh; Intel Mac OS X 10_15_7) AppleWebKit/537.36 (KHTML, like Gecko) Chrome/145.0.0.0 Safari/537.36[39m
query: SELECT "Section"."id" AS "Section_id", "Section"."type" AS "Section_type", "Section"."title" AS "Section_title", "Section"."subtitle" AS "Section_subtitle", "Section"."content" AS "Section_content", "Section"."imageUrl" AS "Section_imageUrl", "Section"."order" AS "Section_order", "Section"."isActive" AS "Section_isActive", "Section"."settings" AS "Section_settings", "Section"."model3dUrl" AS "Section_model3dUrl", "Section"."show3d" AS "Section_show3d", "Section"."showImage" AS "Section_showImage", "Section"."createdAt" AS "Section_createdAt", "Section"."updatedAt" AS "Section_updatedAt" FROM "sections" "Section" WHERE (("Section"."isActive" = $1)) ORDER BY "Section"."order" ASC -- PARAMETERS: [true]
[32m[Nest] 42887  - [39m03/03/2026, 1:06:17 PM [32m    LOG[39m [38;5;3m[LoggingInterceptor] [39m[32mResponse: GET /api/sections - Status: 200 - Time: 56ms[39m
[32m[Nest] 42887  - [39m03/03/2026, 1:06:25 PM [32m    LOG[39m [38;5;3m[LoggingInterceptor] [39m[32mIncoming Request: GET /api/notifications - User: anonymous - IP: ::1 - UA: Mozilla/5.0 (Macintosh; Intel Mac OS X 10_15_7) AppleWebKit/537.36 (KHTML, like Gecko) Chrome/145.0.0.0 Safari/537.36[39m
query: SELECT "notification"."id" AS "notification_id", "notification"."type" AS "notification_type", "notification"."title" AS "notification_title", "notification"."message" AS "notification_message", "notification"."data" AS "notification_data", "notification"."status" AS "notification_status", "notification"."userId" AS "notification_userId", "notification"."createdAt" AS "notification_createdAt", "notification"."updatedAt" AS "notification_updatedAt" FROM "notifications" "notification" WHERE "notification"."userId" IS NULL ORDER BY "notification"."createdAt" DESC
[32m[Nest] 42887  - [39m03/03/2026, 1:06:25 PM [32m    LOG[39m [38;5;3m[LoggingInterceptor] [39m[32mResponse: GET /api/notifications - Status: 200 - Time: 170ms[39m
[32m[Nest] 42887  - [39m03/03/2026, 1:06:35 PM [32m    LOG[39m [38;5;3m[LoggingInterceptor] [39m[32mIncoming Request: GET /api/notifications - User: anonymous - IP: ::1 - UA: Mozilla/5.0 (Macintosh; Intel Mac OS X 10_15_7) AppleWebKit/537.36 (KHTML, like Gecko) Chrome/145.0.0.0 Safari/537.36[39m
query: SELECT "notification"."id" AS "notification_id", "notification"."type" AS "notification_type", "notification"."title" AS "notification_title", "notification"."message" AS "notification_message", "notification"."data" AS "notification_data", "notification"."status" AS "notification_status", "notification"."userId" AS "notification_userId", "notification"."createdAt" AS "notification_createdAt", "notification"."updatedAt" AS "notification_updatedAt" FROM "notifications" "notification" WHERE "notification"."userId" IS NULL ORDER BY "notification"."createdAt" DESC
[32m[Nest] 42887  - [39m03/03/2026, 1:06:35 PM [32m    LOG[39m [38;5;3m[LoggingInterceptor] [39m[32mResponse: GET /api/notifications - Status: 200 - Time: 197ms[39m
[32m[Nest] 42887  - [39m03/03/2026, 1:06:45 PM [32m    LOG[39m [38;5;3m[LoggingInterceptor] [39m[32mIncoming Request: GET /api/notifications - User: anonymous - IP: ::1 - UA: Mozilla/5.0 (Macintosh; Intel Mac OS X 10_15_7) AppleWebKit/537.36 (KHTML, like Gecko) Chrome/145.0.0.0 Safari/537.36[39m
query: SELECT "notification"."id" AS "notification_id", "notification"."type" AS "notification_type", "notification"."title" AS "notification_title", "notification"."message" AS "notification_message", "notification"."data" AS "notification_data", "notification"."status" AS "notification_status", "notification"."userId" AS "notification_userId", "notification"."createdAt" AS "notification_createdAt", "notification"."updatedAt" AS "notification_updatedAt" FROM "notifications" "notification" WHERE "notification"."userId" IS NULL ORDER BY "notification"."createdAt" DESC
[32m[Nest] 42887  - [39m03/03/2026, 1:06:45 PM [32m    LOG[39m [38;5;3m[LoggingInterceptor] [39m[32mResponse: GET /api/notifications - Status: 200 - Time: 193ms[39m
Memory usage: {
  rss: '137.84 MB',
  heapTotal: '60.72 MB',
  heapUsed: '53.87 MB',
  external: '4.19 MB'
}
[32m[Nest] 42887  - [39m03/03/2026, 1:06:55 PM [32m    LOG[39m [38;5;3m[LoggingInterceptor] [39m[32mIncoming Request: GET /api/notifications - User: anonymous - IP: ::1 - UA: Mozilla/5.0 (Macintosh; Intel Mac OS X 10_15_7) AppleWebKit/537.36 (KHTML, like Gecko) Chrome/145.0.0.0 Safari/537.36[39m
query: SELECT "notification"."id" AS "notification_id", "notification"."type" AS "notification_type", "notification"."title" AS "notification_title", "notification"."message" AS "notification_message", "notification"."data" AS "notification_data", "notification"."status" AS "notification_status", "notification"."userId" AS "notification_userId", "notification"."createdAt" AS "notification_createdAt", "notification"."updatedAt" AS "notification_updatedAt" FROM "notifications" "notification" WHERE "notification"."userId" IS NULL ORDER BY "notification"."createdAt" DESC
[32m[Nest] 42887  - [39m03/03/2026, 1:06:55 PM [32m    LOG[39m [38;5;3m[LoggingInterceptor] [39m[32mResponse: GET /api/notifications - Status: 200 - Time: 189ms[39m
[32m[Nest] 42887  - [39m03/03/2026, 1:07:05 PM [32m    LOG[39m [38;5;3m[LoggingInterceptor] [39m[32mIncoming Request: GET /api/notifications - User: anonymous - IP: ::1 - UA: Mozilla/5.0 (Macintosh; Intel Mac OS X 10_15_7) AppleWebKit/537.36 (KHTML, like Gecko) Chrome/145.0.0.0 Safari/537.36[39m
query: SELECT "notification"."id" AS "notification_id", "notification"."type" AS "notification_type", "notification"."title" AS "notification_title", "notification"."message" AS "notification_message", "notification"."data" AS "notification_data", "notification"."status" AS "notification_status", "notification"."userId" AS "notification_userId", "notification"."createdAt" AS "notification_createdAt", "notification"."updatedAt" AS "notification_updatedAt" FROM "notifications" "notification" WHERE "notification"."userId" IS NULL ORDER BY "notification"."createdAt" DESC
[32m[Nest] 42887  - [39m03/03/2026, 1:07:05 PM [32m    LOG[39m [38;5;3m[LoggingInterceptor] [39m[32mResponse: GET /api/notifications - Status: 200 - Time: 234ms[39m
[32m[Nest] 42887  - [39m03/03/2026, 1:07:15 PM [32m    LOG[39m [38;5;3m[LoggingInterceptor] [39m[32mIncoming Request: GET /api/notifications - User: anonymous - IP: ::1 - UA: Mozilla/5.0 (Macintosh; Intel Mac OS X 10_15_7) AppleWebKit/537.36 (KHTML, like Gecko) Chrome/145.0.0.0 Safari/537.36[39m
query: SELECT "notification"."id" AS "notification_id", "notification"."type" AS "notification_type", "notification"."title" AS "notification_title", "notification"."message" AS "notification_message", "notification"."data" AS "notification_data", "notification"."status" AS "notification_status", "notification"."userId" AS "notification_userId", "notification"."createdAt" AS "notification_createdAt", "notification"."updatedAt" AS "notification_updatedAt" FROM "notifications" "notification" WHERE "notification"."userId" IS NULL ORDER BY "notification"."createdAt" DESC
[32m[Nest] 42887  - [39m03/03/2026, 1:07:15 PM [32m    LOG[39m [38;5;3m[LoggingInterceptor] [39m[32mResponse: GET /api/notifications - Status: 200 - Time: 252ms[39m
[32m[Nest] 42887  - [39m03/03/2026, 1:07:26 PM [32m    LOG[39m [38;5;3m[LoggingInterceptor] [39m[32mIncoming Request: GET /api/notifications - User: anonymous - IP: ::1 - UA: Mozilla/5.0 (Macintosh; Intel Mac OS X 10_15_7) AppleWebKit/537.36 (KHTML, like Gecko) Chrome/145.0.0.0 Safari/537.36[39m
query: SELECT "notification"."id" AS "notification_id", "notification"."type" AS "notification_type", "notification"."title" AS "notification_title", "notification"."message" AS "notification_message", "notification"."data" AS "notification_data", "notification"."status" AS "notification_status", "notification"."userId" AS "notification_userId", "notification"."createdAt" AS "notification_createdAt", "notification"."updatedAt" AS "notification_updatedAt" FROM "notifications" "notification" WHERE "notification"."userId" IS NULL ORDER BY "notification"."createdAt" DESC
[32m[Nest] 42887  - [39m03/03/2026, 1:07:26 PM [32m    LOG[39m [38;5;3m[LoggingInterceptor] [39m[32mResponse: GET /api/notifications - Status: 200 - Time: 496ms[39m
[32m[Nest] 42887  - [39m03/03/2026, 1:07:36 PM [32m    LOG[39m [38;5;3m[LoggingInterceptor] [39m[32mIncoming Request: GET /api/notifications - User: anonymous - IP: ::1 - UA: Mozilla/5.0 (Macintosh; Intel Mac OS X 10_15_7) AppleWebKit/537.36 (KHTML, like Gecko) Chrome/145.0.0.0 Safari/537.36[39m
query: SELECT "notification"."id" AS "notification_id", "notification"."type" AS "notification_type", "notification"."title" AS "notification_title", "notification"."message" AS "notification_message", "notification"."data" AS "notification_data", "notification"."status" AS "notification_status", "notification"."userId" AS "notification_userId", "notification"."createdAt" AS "notification_createdAt", "notification"."updatedAt" AS "notification_updatedAt" FROM "notifications" "notification" WHERE "notification"."userId" IS NULL ORDER BY "notification"."createdAt" DESC
[32m[Nest] 42887  - [39m03/03/2026, 1:07:36 PM [32m    LOG[39m [38;5;3m[LoggingInterceptor] [39m[32mResponse: GET /api/notifications - Status: 200 - Time: 257ms[39m
[32m[Nest] 42887  - [39m03/03/2026, 1:07:46 PM [32m    LOG[39m [38;5;3m[LoggingInterceptor] [39m[32mIncoming Request: GET /api/notifications - User: anonymous - IP: ::1 - UA: Mozilla/5.0 (Macintosh; Intel Mac OS X 10_15_7) AppleWebKit/537.36 (KHTML, like Gecko) Chrome/145.0.0.0 Safari/537.36[39m
query: SELECT "notification"."id" AS "notification_id", "notification"."type" AS "notification_type", "notification"."title" AS "notification_title", "notification"."message" AS "notification_message", "notification"."data" AS "notification_data", "notification"."status" AS "notification_status", "notification"."userId" AS "notification_userId", "notification"."createdAt" AS "notification_createdAt", "notification"."updatedAt" AS "notification_updatedAt" FROM "notifications" "notification" WHERE "notification"."userId" IS NULL ORDER BY "notification"."createdAt" DESC
[32m[Nest] 42887  - [39m03/03/2026, 1:07:46 PM [32m    LOG[39m [38;5;3m[LoggingInterceptor] [39m[32mResponse: GET /api/notifications - Status: 200 - Time: 187ms[39m
Memory usage: {
  rss: '137.75 MB',
  heapTotal: '57.97 MB',
  heapUsed: '45.99 MB',
  external: '3.75 MB'
}
[32m[Nest] 42887  - [39m03/03/2026, 1:07:56 PM [32m    LOG[39m [38;5;3m[LoggingInterceptor] [39m[32mIncoming Request: GET /api/notifications - User: anonymous - IP: ::1 - UA: Mozilla/5.0 (Macintosh; Intel Mac OS X 10_15_7) AppleWebKit/537.36 (KHTML, like Gecko) Chrome/145.0.0.0 Safari/537.36[39m
query: SELECT "notification"."id" AS "notification_id", "notification"."type" AS "notification_type", "notification"."title" AS "notification_title", "notification"."message" AS "notification_message", "notification"."data" AS "notification_data", "notification"."status" AS "notification_status", "notification"."userId" AS "notification_userId", "notification"."createdAt" AS "notification_createdAt", "notification"."updatedAt" AS "notification_updatedAt" FROM "notifications" "notification" WHERE "notification"."userId" IS NULL ORDER BY "notification"."createdAt" DESC
[32m[Nest] 42887  - [39m03/03/2026, 1:07:56 PM [32m    LOG[39m [38;5;3m[LoggingInterceptor] [39m[32mResponse: GET /api/notifications - Status: 200 - Time: 200ms[39m
[32m[Nest] 42887  - [39m03/03/2026, 1:08:06 PM [32m    LOG[39m [38;5;3m[LoggingInterceptor] [39m[32mIncoming Request: GET /api/notifications - User: anonymous - IP: ::1 - UA: Mozilla/5.0 (Macintosh; Intel Mac OS X 10_15_7) AppleWebKit/537.36 (KHTML, like Gecko) Chrome/145.0.0.0 Safari/537.36[39m
query: SELECT "notification"."id" AS "notification_id", "notification"."type" AS "notification_type", "notification"."title" AS "notification_title", "notification"."message" AS "notification_message", "notification"."data" AS "notification_data", "notification"."status" AS "notification_status", "notification"."userId" AS "notification_userId", "notification"."createdAt" AS "notification_createdAt", "notification"."updatedAt" AS "notification_updatedAt" FROM "notifications" "notification" WHERE "notification"."userId" IS NULL ORDER BY "notification"."createdAt" DESC
[32m[Nest] 42887  - [39m03/03/2026, 1:08:06 PM [32m    LOG[39m [38;5;3m[LoggingInterceptor] [39m[32mResponse: GET /api/notifications - Status: 200 - Time: 209ms[39m
[32m[Nest] 42887  - [39m03/03/2026, 1:08:16 PM [32m    LOG[39m [38;5;3m[LoggingInterceptor] [39m[32mIncoming Request: GET /api/notifications - User: anonymous - IP: ::1 - UA: Mozilla/5.0 (Macintosh; Intel Mac OS X 10_15_7) AppleWebKit/537.36 (KHTML, like Gecko) Chrome/145.0.0.0 Safari/537.36[39m
query: SELECT "notification"."id" AS "notification_id", "notification"."type" AS "notification_type", "notification"."title" AS "notification_title", "notification"."message" AS "notification_message", "notification"."data" AS "notification_data", "notification"."status" AS "notification_status", "notification"."userId" AS "notification_userId", "notification"."createdAt" AS "notification_createdAt", "notification"."updatedAt" AS "notification_updatedAt" FROM "notifications" "notification" WHERE "notification"."userId" IS NULL ORDER BY "notification"."createdAt" DESC
[32m[Nest] 42887  - [39m03/03/2026, 1:08:16 PM [32m    LOG[39m [38;5;3m[LoggingInterceptor] [39m[32mResponse: GET /api/notifications - Status: 200 - Time: 183ms[39m
[32m[Nest] 42887  - [39m03/03/2026, 1:08:37 PM [32m    LOG[39m [38;5;3m[LoggingInterceptor] [39m[32mIncoming Request: GET /api/notifications - User: anonymous - IP: ::1 - UA: Mozilla/5.0 (Macintosh; Intel Mac OS X 10_15_7) AppleWebKit/537.36 (KHTML, like Gecko) Chrome/145.0.0.0 Safari/537.36[39m
query: SELECT "notification"."id" AS "notification_id", "notification"."type" AS "notification_type", "notification"."title" AS "notification_title", "notification"."message" AS "notification_message", "notification"."data" AS "notification_data", "notification"."status" AS "notification_status", "notification"."userId" AS "notification_userId", "notification"."createdAt" AS "notification_createdAt", "notification"."updatedAt" AS "notification_updatedAt" FROM "notifications" "notification" WHERE "notification"."userId" IS NULL ORDER BY "notification"."createdAt" DESC
[32m[Nest] 42887  - [39m03/03/2026, 1:08:37 PM [32m    LOG[39m [38;5;3m[LoggingInterceptor] [39m[32mResponse: GET /api/notifications - Status: 200 - Time: 421ms[39m
[32m[Nest] 42887  - [39m03/03/2026, 1:08:46 PM [32m    LOG[39m [38;5;3m[LoggingInterceptor] [39m[32mIncoming Request: GET /api/notifications - User: anonymous - IP: ::1 - UA: Mozilla/5.0 (Macintosh; Intel Mac OS X 10_15_7) AppleWebKit/537.36 (KHTML, like Gecko) Chrome/145.0.0.0 Safari/537.36[39m
query: SELECT "notification"."id" AS "notification_id", "notification"."type" AS "notification_type", "notification"."title" AS "notification_title", "notification"."message" AS "notification_message", "notification"."data" AS "notification_data", "notification"."status" AS "notification_status", "notification"."userId" AS "notification_userId", "notification"."createdAt" AS "notification_createdAt", "notification"."updatedAt" AS "notification_updatedAt" FROM "notifications" "notification" WHERE "notification"."userId" IS NULL ORDER BY "notification"."createdAt" DESC
[32m[Nest] 42887  - [39m03/03/2026, 1:08:46 PM [32m    LOG[39m [38;5;3m[LoggingInterceptor] [39m[32mResponse: GET /api/notifications - Status: 200 - Time: 223ms[39m
Memory usage: {
  rss: '137.75 MB',
  heapTotal: '57.97 MB',
  heapUsed: '47.62 MB',
  external: '3.89 MB'
}
[32m[Nest] 42887  - [39m03/03/2026, 1:08:56 PM [32m    LOG[39m [38;5;3m[LoggingInterceptor] [39m[32mIncoming Request: GET /api/notifications - User: anonymous - IP: ::1 - UA: Mozilla/5.0 (Macintosh; Intel Mac OS X 10_15_7) AppleWebKit/537.36 (KHTML, like Gecko) Chrome/145.0.0.0 Safari/537.36[39m
query: SELECT "notification"."id" AS "notification_id", "notification"."type" AS "notification_type", "notification"."title" AS "notification_title", "notification"."message" AS "notification_message", "notification"."data" AS "notification_data", "notification"."status" AS "notification_status", "notification"."userId" AS "notification_userId", "notification"."createdAt" AS "notification_createdAt", "notification"."updatedAt" AS "notification_updatedAt" FROM "notifications" "notification" WHERE "notification"."userId" IS NULL ORDER BY "notification"."createdAt" DESC
[32m[Nest] 42887  - [39m03/03/2026, 1:08:56 PM [32m    LOG[39m [38;5;3m[LoggingInterceptor] [39m[32mResponse: GET /api/notifications - Status: 200 - Time: 211ms[39m
[32m[Nest] 42887  - [39m03/03/2026, 1:09:06 PM [32m    LOG[39m [38;5;3m[LoggingInterceptor] [39m[32mIncoming Request: GET /api/notifications - User: anonymous - IP: ::1 - UA: Mozilla/5.0 (Macintosh; Intel Mac OS X 10_15_7) AppleWebKit/537.36 (KHTML, like Gecko) Chrome/145.0.0.0 Safari/537.36[39m
query: SELECT "notification"."id" AS "notification_id", "notification"."type" AS "notification_type", "notification"."title" AS "notification_title", "notification"."message" AS "notification_message", "notification"."data" AS "notification_data", "notification"."status" AS "notification_status", "notification"."userId" AS "notification_userId", "notification"."createdAt" AS "notification_createdAt", "notification"."updatedAt" AS "notification_updatedAt" FROM "notifications" "notification" WHERE "notification"."userId" IS NULL ORDER BY "notification"."createdAt" DESC
[32m[Nest] 42887  - [39m03/03/2026, 1:09:06 PM [32m    LOG[39m [38;5;3m[LoggingInterceptor] [39m[32mResponse: GET /api/notifications - Status: 200 - Time: 181ms[39m
[32m[Nest] 42887  - [39m03/03/2026, 1:09:16 PM [32m    LOG[39m [38;5;3m[LoggingInterceptor] [39m[32mIncoming Request: GET /api/notifications - User: anonymous - IP: ::1 - UA: Mozilla/5.0 (Macintosh; Intel Mac OS X 10_15_7) AppleWebKit/537.36 (KHTML, like Gecko) Chrome/145.0.0.0 Safari/537.36[39m
query: SELECT "notification"."id" AS "notification_id", "notification"."type" AS "notification_type", "notification"."title" AS "notification_title", "notification"."message" AS "notification_message", "notification"."data" AS "notification_data", "notification"."status" AS "notification_status", "notification"."userId" AS "notification_userId", "notification"."createdAt" AS "notification_createdAt", "notification"."updatedAt" AS "notification_updatedAt" FROM "notifications" "notification" WHERE "notification"."userId" IS NULL ORDER BY "notification"."createdAt" DESC
[32m[Nest] 42887  - [39m03/03/2026, 1:09:16 PM [32m    LOG[39m [38;5;3m[LoggingInterceptor] [39m[32mResponse: GET /api/notifications - Status: 200 - Time: 212ms[39m
[32m[Nest] 42887  - [39m03/03/2026, 1:09:26 PM [32m    LOG[39m [38;5;3m[LoggingInterceptor] [39m[32mIncoming Request: GET /api/notifications - User: anonymous - IP: ::1 - UA: Mozilla/5.0 (Macintosh; Intel Mac OS X 10_15_7) AppleWebKit/537.36 (KHTML, like Gecko) Chrome/145.0.0.0 Safari/537.36[39m
query: SELECT "notification"."id" AS "notification_id", "notification"."type" AS "notification_type", "notification"."title" AS "notification_title", "notification"."message" AS "notification_message", "notification"."data" AS "notification_data", "notification"."status" AS "notification_status", "notification"."userId" AS "notification_userId", "notification"."createdAt" AS "notification_createdAt", "notification"."updatedAt" AS "notification_updatedAt" FROM "notifications" "notification" WHERE "notification"."userId" IS NULL ORDER BY "notification"."createdAt" DESC
[32m[Nest] 42887  - [39m03/03/2026, 1:09:26 PM [32m    LOG[39m [38;5;3m[LoggingInterceptor] [39m[32mResponse: GET /api/notifications - Status: 200 - Time: 195ms[39m
[32m[Nest] 42887  - [39m03/03/2026, 1:09:35 PM [32m    LOG[39m [38;5;3m[LoggingInterceptor] [39m[32mIncoming Request: GET /api/sections - User: anonymous - IP: ::1 - UA: curl/8.7.1[39m
query: SELECT "Section"."id" AS "Section_id", "Section"."type" AS "Section_type", "Section"."title" AS "Section_title", "Section"."subtitle" AS "Section_subtitle", "Section"."content" AS "Section_content", "Section"."imageUrl" AS "Section_imageUrl", "Section"."order" AS "Section_order", "Section"."isActive" AS "Section_isActive", "Section"."settings" AS "Section_settings", "Section"."model3dUrl" AS "Section_model3dUrl", "Section"."show3d" AS "Section_show3d", "Section"."showImage" AS "Section_showImage", "Section"."createdAt" AS "Section_createdAt", "Section"."updatedAt" AS "Section_updatedAt" FROM "sections" "Section" WHERE (("Section"."isActive" = $1)) ORDER BY "Section"."order" ASC -- PARAMETERS: [true]
[32m[Nest] 42887  - [39m03/03/2026, 1:09:35 PM [32m    LOG[39m [38;5;3m[LoggingInterceptor] [39m[32mResponse: GET /api/sections - Status: 200 - Time: 56ms[39m
[32m[Nest] 42887  - [39m03/03/2026, 1:09:36 PM [32m    LOG[39m [38;5;3m[LoggingInterceptor] [39m[32mIncoming Request: GET /api/notifications - User: anonymous - IP: ::1 - UA: Mozilla/5.0 (Macintosh; Intel Mac OS X 10_15_7) AppleWebKit/537.36 (KHTML, like Gecko) Chrome/145.0.0.0 Safari/537.36[39m
query: SELECT "notification"."id" AS "notification_id", "notification"."type" AS "notification_type", "notification"."title" AS "notification_title", "notification"."message" AS "notification_message", "notification"."data" AS "notification_data", "notification"."status" AS "notification_status", "notification"."userId" AS "notification_userId", "notification"."createdAt" AS "notification_createdAt", "notification"."updatedAt" AS "notification_updatedAt" FROM "notifications" "notification" WHERE "notification"."userId" IS NULL ORDER BY "notification"."createdAt" DESC
[32m[Nest] 42887  - [39m03/03/2026, 1:09:36 PM [32m    LOG[39m [38;5;3m[LoggingInterceptor] [39m[32mResponse: GET /api/notifications - Status: 200 - Time: 176ms[39m
Memory usage: {
  rss: '138.25 MB',
  heapTotal: '57.97 MB',
  heapUsed: '48.58 MB',
  external: '3.91 MB'
}
[32m[Nest] 42887  - [39m03/03/2026, 1:10:15 PM [32m    LOG[39m [38;5;3m[LoggingInterceptor] [39m[32mIncoming Request: GET /api/notifications - User: anonymous - IP: ::1 - UA: Mozilla/5.0 (Macintosh; Intel Mac OS X 10_15_7) AppleWebKit/537.36 (KHTML, like Gecko) Chrome/145.0.0.0 Safari/537.36[39m
query: SELECT "notification"."id" AS "notification_id", "notification"."type" AS "notification_type", "notification"."title" AS "notification_title", "notification"."message" AS "notification_message", "notification"."data" AS "notification_data", "notification"."status" AS "notification_status", "notification"."userId" AS "notification_userId", "notification"."createdAt" AS "notification_createdAt", "notification"."updatedAt" AS "notification_updatedAt" FROM "notifications" "notification" WHERE "notification"."userId" IS NULL ORDER BY "notification"."createdAt" DESC
[32m[Nest] 42887  - [39m03/03/2026, 1:10:15 PM [32m    LOG[39m [38;5;3m[LoggingInterceptor] [39m[32mResponse: GET /api/notifications - Status: 200 - Time: 479ms[39m
Memory usage: {
  rss: '138.25 MB',
  heapTotal: '57.97 MB',
  heapUsed: '49.04 MB',
  external: '3.94 MB'
}
[32m[Nest] 42887  - [39m03/03/2026, 1:11:15 PM [32m    LOG[39m [38;5;3m[LoggingInterceptor] [39m[32mIncoming Request: GET /api/notifications - User: anonymous - IP: ::1 - UA: Mozilla/5.0 (Macintosh; Intel Mac OS X 10_15_7) AppleWebKit/537.36 (KHTML, like Gecko) Chrome/145.0.0.0 Safari/537.36[39m
query: SELECT "notification"."id" AS "notification_id", "notification"."type" AS "notification_type", "notification"."title" AS "notification_title", "notification"."message" AS "notification_message", "notification"."data" AS "notification_data", "notification"."status" AS "notification_status", "notification"."userId" AS "notification_userId", "notification"."createdAt" AS "notification_createdAt", "notification"."updatedAt" AS "notification_updatedAt" FROM "notifications" "notification" WHERE "notification"."userId" IS NULL ORDER BY "notification"."createdAt" DESC
[32m[Nest] 42887  - [39m03/03/2026, 1:11:15 PM [32m    LOG[39m [38;5;3m[LoggingInterceptor] [39m[32mResponse: GET /api/notifications - Status: 200 - Time: 400ms[39m
Memory usage: {
  rss: '138.36 MB',
  heapTotal: '57.97 MB',
  heapUsed: '49.44 MB',
  external: '4.01 MB'
}
[32m[Nest] 42887  - [39m03/03/2026, 1:12:15 PM [32m    LOG[39m [38;5;3m[LoggingInterceptor] [39m[32mIncoming Request: GET /api/notifications - User: anonymous - IP: ::1 - UA: Mozilla/5.0 (Macintosh; Intel Mac OS X 10_15_7) AppleWebKit/537.36 (KHTML, like Gecko) Chrome/145.0.0.0 Safari/537.36[39m
query: SELECT "notification"."id" AS "notification_id", "notification"."type" AS "notification_type", "notification"."title" AS "notification_title", "notification"."message" AS "notification_message", "notification"."data" AS "notification_data", "notification"."status" AS "notification_status", "notification"."userId" AS "notification_userId", "notification"."createdAt" AS "notification_createdAt", "notification"."updatedAt" AS "notification_updatedAt" FROM "notifications" "notification" WHERE "notification"."userId" IS NULL ORDER BY "notification"."createdAt" DESC
[32m[Nest] 42887  - [39m03/03/2026, 1:12:16 PM [32m    LOG[39m [38;5;3m[LoggingInterceptor] [39m[32mResponse: GET /api/notifications - Status: 200 - Time: 516ms[39m
Memory usage: {
  rss: '138.36 MB',
  heapTotal: '57.97 MB',
  heapUsed: '49.83 MB',
  external: '4.08 MB'
}
[32m[Nest] 42887  - [39m03/03/2026, 1:13:15 PM [32m    LOG[39m [38;5;3m[LoggingInterceptor] [39m[32mIncoming Request: GET /api/notifications - User: anonymous - IP: ::1 - UA: Mozilla/5.0 (Macintosh; Intel Mac OS X 10_15_7) AppleWebKit/537.36 (KHTML, like Gecko) Chrome/145.0.0.0 Safari/537.36[39m
query: SELECT "notification"."id" AS "notification_id", "notification"."type" AS "notification_type", "notification"."title" AS "notification_title", "notification"."message" AS "notification_message", "notification"."data" AS "notification_data", "notification"."status" AS "notification_status", "notification"."userId" AS "notification_userId", "notification"."createdAt" AS "notification_createdAt", "notification"."updatedAt" AS "notification_updatedAt" FROM "notifications" "notification" WHERE "notification"."userId" IS NULL ORDER BY "notification"."createdAt" DESC
[32m[Nest] 42887  - [39m03/03/2026, 1:13:15 PM [32m    LOG[39m [38;5;3m[LoggingInterceptor] [39m[32mResponse: GET /api/notifications - Status: 200 - Time: 437ms[39m
Memory usage: {
  rss: '138.16 MB',
  heapTotal: '59.77 MB',
  heapUsed: '49.44 MB',
  external: '4.14 MB'
}
[32m[Nest] 42887  - [39m03/03/2026, 1:14:15 PM [32m    LOG[39m [38;5;3m[LoggingInterceptor] [39m[32mIncoming Request: GET /api/notifications - User: anonymous - IP: ::1 - UA: Mozilla/5.0 (Macintosh; Intel Mac OS X 10_15_7) AppleWebKit/537.36 (KHTML, like Gecko) Chrome/145.0.0.0 Safari/537.36[39m
query: SELECT "notification"."id" AS "notification_id", "notification"."type" AS "notification_type", "notification"."title" AS "notification_title", "notification"."message" AS "notification_message", "notification"."data" AS "notification_data", "notification"."status" AS "notification_status", "notification"."userId" AS "notification_userId", "notification"."createdAt" AS "notification_createdAt", "notification"."updatedAt" AS "notification_updatedAt" FROM "notifications" "notification" WHERE "notification"."userId" IS NULL ORDER BY "notification"."createdAt" DESC
[32m[Nest] 42887  - [39m03/03/2026, 1:14:15 PM [32m    LOG[39m [38;5;3m[LoggingInterceptor] [39m[32mResponse: GET /api/notifications - Status: 200 - Time: 482ms[39m
Memory usage: {
  rss: '138.16 MB',
  heapTotal: '56.77 MB',
  heapUsed: '49.71 MB',
  external: '4.22 MB'
}
[32m[Nest] 42887  - [39m03/03/2026, 1:15:15 PM [32m    LOG[39m [38;5;3m[LoggingInterceptor] [39m[32mIncoming Request: GET /api/notifications - User: anonymous - IP: ::1 - UA: Mozilla/5.0 (Macintosh; Intel Mac OS X 10_15_7) AppleWebKit/537.36 (KHTML, like Gecko) Chrome/145.0.0.0 Safari/537.36[39m
query: SELECT "notification"."id" AS "notification_id", "notification"."type" AS "notification_type", "notification"."title" AS "notification_title", "notification"."message" AS "notification_message", "notification"."data" AS "notification_data", "notification"."status" AS "notification_status", "notification"."userId" AS "notification_userId", "notification"."createdAt" AS "notification_createdAt", "notification"."updatedAt" AS "notification_updatedAt" FROM "notifications" "notification" WHERE "notification"."userId" IS NULL ORDER BY "notification"."createdAt" DESC
[32m[Nest] 42887  - [39m03/03/2026, 1:15:15 PM [32m    LOG[39m [38;5;3m[LoggingInterceptor] [39m[32mResponse: GET /api/notifications - Status: 200 - Time: 422ms[39m
Memory usage: {
  rss: '138.36 MB',
  heapTotal: '57.97 MB',
  heapUsed: '50.37 MB',
  external: '4.22 MB'
}
[32m[Nest] 42887  - [39m03/03/2026, 1:16:15 PM [32m    LOG[39m [38;5;3m[LoggingInterceptor] [39m[32mIncoming Request: GET /api/notifications - User: anonymous - IP: ::1 - UA: Mozilla/5.0 (Macintosh; Intel Mac OS X 10_15_7) AppleWebKit/537.36 (KHTML, like Gecko) Chrome/145.0.0.0 Safari/537.36[39m
query: SELECT "notification"."id" AS "notification_id", "notification"."type" AS "notification_type", "notification"."title" AS "notification_title", "notification"."message" AS "notification_message", "notification"."data" AS "notification_data", "notification"."status" AS "notification_status", "notification"."userId" AS "notification_userId", "notification"."createdAt" AS "notification_createdAt", "notification"."updatedAt" AS "notification_updatedAt" FROM "notifications" "notification" WHERE "notification"."userId" IS NULL ORDER BY "notification"."createdAt" DESC
[32m[Nest] 42887  - [39m03/03/2026, 1:16:15 PM [32m    LOG[39m [38;5;3m[LoggingInterceptor] [39m[32mResponse: GET /api/notifications - Status: 200 - Time: 466ms[39m
[31m[Nest] 42887  - [39m03/03/2026, 1:16:21 PM [31m  ERROR[39m [38;5;3m[AllExceptionsFilter] [39m[31mException caught by AllExceptionsFilter:[39m
[31m[Nest] 42887  - [39m03/03/2026, 1:16:21 PM [31m  ERROR[39m [38;5;3m[AllExceptionsFilter] [39m[31mObject:[39m
{
  "errorType": "HttpException",
  "status": 404,
  "message": {
    "message": "Cannot GET /api/health",
    "error": "Not Found",
    "statusCode": 404
  },
  "path": "/api/health",
  "method": "GET",
  "timestamp": "2026-03-03T11:16:21.344Z",
  "userAgent": "Mozilla/5.0 (Macintosh; Intel Mac OS X 10_15_7) AppleWebKit/537.36 (KHTML, like Gecko) Chrome/145.0.0.0 Safari/537.36",
  "ip": "::1"
}

[32m[Nest] 42887  - [39m03/03/2026, 1:16:21 PM [32m    LOG[39m [38;5;3m[LoggingInterceptor] [39m[32mIncoming Request: GET /api/products - User: anonymous - IP: ::1 - UA: Mozilla/5.0 (Macintosh; Intel Mac OS X 10_15_7) AppleWebKit/537.36 (KHTML, like Gecko) Chrome/145.0.0.0 Safari/537.36[39m
query: SELECT "Product"."id" AS "Product_id", "Product"."name" AS "Product_name", "Product"."category" AS "Product_category", "Product"."price" AS "Product_price", "Product"."stock" AS "Product_stock", "Product"."description" AS "Product_description", "Product"."imageUrl" AS "Product_imageUrl", "Product"."specifications" AS "Product_specifications", "Product"."discount" AS "Product_discount", "Product"."isSpecial" AS "Product_isSpecial", "Product"."rating" AS "Product_rating", "Product"."features" AS "Product_features", "Product"."images" AS "Product_images", "Product"."imageData" AS "Product_imageData", "Product"."createdAt" AS "Product_createdAt", "Product"."model3dUrl" AS "Product_model3dUrl", "Product"."updatedAt" AS "Product_updatedAt" FROM "products" "Product" ORDER BY "Product"."createdAt" DESC
[32m[Nest] 42887  - [39m03/03/2026, 1:16:21 PM [32m    LOG[39m [38;5;3m[LoggingInterceptor] [39m[32mResponse: GET /api/products - Status: 200 - Time: 62ms[39m
[32m[Nest] 42887  - [39m03/03/2026, 1:16:21 PM [32m    LOG[39m [38;5;3m[LoggingInterceptor] [39m[32mIncoming Request: GET /api/seo/settings - User: anonymous - IP: ::1 - UA: Mozilla/5.0 (Macintosh; Intel Mac OS X 10_15_7) AppleWebKit/537.36 (KHTML, like Gecko) Chrome/145.0.0.0 Safari/537.36[39m
[32m[Nest] 42887  - [39m03/03/2026, 1:16:21 PM [32m    LOG[39m [38;5;3m[LoggingInterceptor] [39m[32mResponse: GET /api/seo/settings - Status: 200 - Time: 0ms[39m
[32m[Nest] 42887  - [39m03/03/2026, 1:16:21 PM [32m    LOG[39m [38;5;3m[LoggingInterceptor] [39m[32mIncoming Request: GET /api/sections - User: anonymous - IP: ::1 - UA: Mozilla/5.0 (Macintosh; Intel Mac OS X 10_15_7) AppleWebKit/537.36 (KHTML, like Gecko) Chrome/145.0.0.0 Safari/537.36[39m
query: SELECT "Section"."id" AS "Section_id", "Section"."type" AS "Section_type", "Section"."title" AS "Section_title", "Section"."subtitle" AS "Section_subtitle", "Section"."content" AS "Section_content", "Section"."imageUrl" AS "Section_imageUrl", "Section"."order" AS "Section_order", "Section"."isActive" AS "Section_isActive", "Section"."settings" AS "Section_settings", "Section"."model3dUrl" AS "Section_model3dUrl", "Section"."show3d" AS "Section_show3d", "Section"."showImage" AS "Section_showImage", "Section"."createdAt" AS "Section_createdAt", "Section"."updatedAt" AS "Section_updatedAt" FROM "sections" "Section" WHERE (("Section"."isActive" = $1)) ORDER BY "Section"."order" ASC -- PARAMETERS: [true]
[32m[Nest] 42887  - [39m03/03/2026, 1:16:21 PM [32m    LOG[39m [38;5;3m[LoggingInterceptor] [39m[32mIncoming Request: GET /api/products?sort=rating&limit=4 - User: anonymous - IP: ::1 - UA: Mozilla/5.0 (Macintosh; Intel Mac OS X 10_15_7) AppleWebKit/537.36 (KHTML, like Gecko) Chrome/145.0.0.0 Safari/537.36[39m
[32m[Nest] 42887  - [39m03/03/2026, 1:16:21 PM [32m    LOG[39m [38;5;3m[LoggingInterceptor] [39m[32mIncoming Request: GET /api/products?isSpecial=true - User: anonymous - IP: ::1 - UA: Mozilla/5.0 (Macintosh; Intel Mac OS X 10_15_7) AppleWebKit/537.36 (KHTML, like Gecko) Chrome/145.0.0.0 Safari/537.36[39m
[32m[Nest] 42887  - [39m03/03/2026, 1:16:21 PM [32m    LOG[39m [38;5;3m[LoggingInterceptor] [39m[32mResponse: GET /api/sections - Status: 200 - Time: 66ms[39m
[32m[Nest] 42887  - [39m03/03/2026, 1:16:21 PM [32m    LOG[39m [38;5;3m[LoggingInterceptor] [39m[32mIncoming Request: GET /api/sections - User: anonymous - IP: ::1 - UA: Mozilla/5.0 (Macintosh; Intel Mac OS X 10_15_7) AppleWebKit/537.36 (KHTML, like Gecko) Chrome/145.0.0.0 Safari/537.36[39m
query: SELECT "Section"."id" AS "Section_id", "Section"."type" AS "Section_type", "Section"."title" AS "Section_title", "Section"."subtitle" AS "Section_subtitle", "Section"."content" AS "Section_content", "Section"."imageUrl" AS "Section_imageUrl", "Section"."order" AS "Section_order", "Section"."isActive" AS "Section_isActive", "Section"."settings" AS "Section_settings", "Section"."model3dUrl" AS "Section_model3dUrl", "Section"."show3d" AS "Section_show3d", "Section"."showImage" AS "Section_showImage", "Section"."createdAt" AS "Section_createdAt", "Section"."updatedAt" AS "Section_updatedAt" FROM "sections" "Section" WHERE (("Section"."isActive" = $1)) ORDER BY "Section"."order" ASC -- PARAMETERS: [true]
[32m[Nest] 42887  - [39m03/03/2026, 1:16:21 PM [32m    LOG[39m [38;5;3m[LoggingInterceptor] [39m[32mResponse: GET /api/sections - Status: 200 - Time: 66ms[39m
[32m[Nest] 42887  - [39m03/03/2026, 1:16:21 PM [32m    LOG[39m [38;5;3m[LoggingInterceptor] [39m[32mIncoming Request: GET /api/sections - User: anonymous - IP: ::1 - UA: Mozilla/5.0 (Macintosh; Intel Mac OS X 10_15_7) AppleWebKit/537.36 (KHTML, like Gecko) Chrome/145.0.0.0 Safari/537.36[39m
query: SELECT "Section"."id" AS "Section_id", "Section"."type" AS "Section_type", "Section"."title" AS "Section_title", "Section"."subtitle" AS "Section_subtitle", "Section"."content" AS "Section_content", "Section"."imageUrl" AS "Section_imageUrl", "Section"."order" AS "Section_order", "Section"."isActive" AS "Section_isActive", "Section"."settings" AS "Section_settings", "Section"."model3dUrl" AS "Section_model3dUrl", "Section"."show3d" AS "Section_show3d", "Section"."showImage" AS "Section_showImage", "Section"."createdAt" AS "Section_createdAt", "Section"."updatedAt" AS "Section_updatedAt" FROM "sections" "Section" WHERE (("Section"."isActive" = $1)) ORDER BY "Section"."order" ASC -- PARAMETERS: [true]
[32m[Nest] 42887  - [39m03/03/2026, 1:16:21 PM [32m    LOG[39m [38;5;3m[LoggingInterceptor] [39m[32mResponse: GET /api/sections - Status: 200 - Time: 58ms[39m
query: SELECT "Product"."id" AS "Product_id", "Product"."name" AS "Product_name", "Product"."category" AS "Product_category", "Product"."price" AS "Product_price", "Product"."stock" AS "Product_stock", "Product"."description" AS "Product_description", "Product"."imageUrl" AS "Product_imageUrl", "Product"."specifications" AS "Product_specifications", "Product"."discount" AS "Product_discount", "Product"."isSpecial" AS "Product_isSpecial", "Product"."rating" AS "Product_rating", "Product"."features" AS "Product_features", "Product"."images" AS "Product_images", "Product"."imageData" AS "Product_imageData", "Product"."createdAt" AS "Product_createdAt", "Product"."model3dUrl" AS "Product_model3dUrl", "Product"."updatedAt" AS "Product_updatedAt" FROM "products" "Product" ORDER BY "Product"."createdAt" DESC
query: SELECT "Product"."id" AS "Product_id", "Product"."name" AS "Product_name", "Product"."category" AS "Product_category", "Product"."price" AS "Product_price", "Product"."stock" AS "Product_stock", "Product"."description" AS "Product_description", "Product"."imageUrl" AS "Product_imageUrl", "Product"."specifications" AS "Product_specifications", "Product"."discount" AS "Product_discount", "Product"."isSpecial" AS "Product_isSpecial", "Product"."rating" AS "Product_rating", "Product"."features" AS "Product_features", "Product"."images" AS "Product_images", "Product"."imageData" AS "Product_imageData", "Product"."createdAt" AS "Product_createdAt", "Product"."model3dUrl" AS "Product_model3dUrl", "Product"."updatedAt" AS "Product_updatedAt" FROM "products" "Product" ORDER BY "Product"."createdAt" DESC
[32m[Nest] 42887  - [39m03/03/2026, 1:16:21 PM [32m    LOG[39m [38;5;3m[LoggingInterceptor] [39m[32mResponse: GET /api/products?isSpecial=true - Status: 200 - Time: 304ms[39m
[32m[Nest] 42887  - [39m03/03/2026, 1:16:21 PM [32m    LOG[39m [38;5;3m[LoggingInterceptor] [39m[32mResponse: GET /api/products?sort=rating&limit=4 - Status: 200 - Time: 306ms[39m
Memory usage: {
  rss: '138.44 MB',
  heapTotal: '58.02 MB',
  heapUsed: '50.54 MB',
  external: '4.21 MB'
}
[32m[Nest] 42887  - [39m03/03/2026, 1:17:15 PM [32m    LOG[39m [38;5;3m[LoggingInterceptor] [39m[32mIncoming Request: GET /api/notifications - User: anonymous - IP: ::1 - UA: Mozilla/5.0 (Macintosh; Intel Mac OS X 10_15_7) AppleWebKit/537.36 (KHTML, like Gecko) Chrome/145.0.0.0 Safari/537.36[39m
query: SELECT "notification"."id" AS "notification_id", "notification"."type" AS "notification_type", "notification"."title" AS "notification_title", "notification"."message" AS "notification_message", "notification"."data" AS "notification_data", "notification"."status" AS "notification_status", "notification"."userId" AS "notification_userId", "notification"."createdAt" AS "notification_createdAt", "notification"."updatedAt" AS "notification_updatedAt" FROM "notifications" "notification" WHERE "notification"."userId" IS NULL ORDER BY "notification"."createdAt" DESC
[32m[Nest] 42887  - [39m03/03/2026, 1:17:15 PM [32m    LOG[39m [38;5;3m[LoggingInterceptor] [39m[32mResponse: GET /api/notifications - Status: 200 - Time: 415ms[39m
Memory usage: {
  rss: '138.64 MB',
  heapTotal: '58.22 MB',
  heapUsed: '51.18 MB',
  external: '4.34 MB'
}
[32m[Nest] 42887  - [39m03/03/2026, 1:18:15 PM [32m    LOG[39m [38;5;3m[LoggingInterceptor] [39m[32mIncoming Request: GET /api/notifications - User: anonymous - IP: ::1 - UA: Mozilla/5.0 (Macintosh; Intel Mac OS X 10_15_7) AppleWebKit/537.36 (KHTML, like Gecko) Chrome/145.0.0.0 Safari/537.36[39m
query: SELECT "notification"."id" AS "notification_id", "notification"."type" AS "notification_type", "notification"."title" AS "notification_title", "notification"."message" AS "notification_message", "notification"."data" AS "notification_data", "notification"."status" AS "notification_status", "notification"."userId" AS "notification_userId", "notification"."createdAt" AS "notification_createdAt", "notification"."updatedAt" AS "notification_updatedAt" FROM "notifications" "notification" WHERE "notification"."userId" IS NULL ORDER BY "notification"."createdAt" DESC
[32m[Nest] 42887  - [39m03/03/2026, 1:18:16 PM [32m    LOG[39m [38;5;3m[LoggingInterceptor] [39m[32mResponse: GET /api/notifications - Status: 200 - Time: 531ms[39m
Memory usage: {
  rss: '138.64 MB',
  heapTotal: '58.22 MB',
  heapUsed: '51.63 MB',
  external: '4.36 MB'
}
[32m[Nest] 42887  - [39m03/03/2026, 1:19:15 PM [32m    LOG[39m [38;5;3m[LoggingInterceptor] [39m[32mIncoming Request: GET /api/notifications - User: anonymous - IP: ::1 - UA: Mozilla/5.0 (Macintosh; Intel Mac OS X 10_15_7) AppleWebKit/537.36 (KHTML, like Gecko) Chrome/145.0.0.0 Safari/537.36[39m
query: SELECT "notification"."id" AS "notification_id", "notification"."type" AS "notification_type", "notification"."title" AS "notification_title", "notification"."message" AS "notification_message", "notification"."data" AS "notification_data", "notification"."status" AS "notification_status", "notification"."userId" AS "notification_userId", "notification"."createdAt" AS "notification_createdAt", "notification"."updatedAt" AS "notification_updatedAt" FROM "notifications" "notification" WHERE "notification"."userId" IS NULL ORDER BY "notification"."createdAt" DESC
[32m[Nest] 42887  - [39m03/03/2026, 1:19:15 PM [32m    LOG[39m [38;5;3m[LoggingInterceptor] [39m[32mResponse: GET /api/notifications - Status: 200 - Time: 424ms[39m
Memory usage: {
  rss: '138.44 MB',
  heapTotal: '58.02 MB',
  heapUsed: '51.32 MB',
  external: '4.42 MB'
}
[32m[Nest] 42887  - [39m03/03/2026, 1:20:15 PM [32m    LOG[39m [38;5;3m[LoggingInterceptor] [39m[32mIncoming Request: GET /api/notifications - User: anonymous - IP: ::1 - UA: Mozilla/5.0 (Macintosh; Intel Mac OS X 10_15_7) AppleWebKit/537.36 (KHTML, like Gecko) Chrome/145.0.0.0 Safari/537.36[39m
query: SELECT "notification"."id" AS "notification_id", "notification"."type" AS "notification_type", "notification"."title" AS "notification_title", "notification"."message" AS "notification_message", "notification"."data" AS "notification_data", "notification"."status" AS "notification_status", "notification"."userId" AS "notification_userId", "notification"."createdAt" AS "notification_createdAt", "notification"."updatedAt" AS "notification_updatedAt" FROM "notifications" "notification" WHERE "notification"."userId" IS NULL ORDER BY "notification"."createdAt" DESC
[32m[Nest] 42887  - [39m03/03/2026, 1:20:16 PM [32m    LOG[39m [38;5;3m[LoggingInterceptor] [39m[32mResponse: GET /api/notifications - Status: 200 - Time: 513ms[39m
Memory usage: {
  rss: '138.59 MB',
  heapTotal: '58.02 MB',
  heapUsed: '51.59 MB',
  external: '4.50 MB'
}
[32m[Nest] 42887  - [39m03/03/2026, 1:21:15 PM [32m    LOG[39m [38;5;3m[LoggingInterceptor] [39m[32mIncoming Request: GET /api/notifications - User: anonymous - IP: ::1 - UA: Mozilla/5.0 (Macintosh; Intel Mac OS X 10_15_7) AppleWebKit/537.36 (KHTML, like Gecko) Chrome/145.0.0.0 Safari/537.36[39m
query: SELECT "notification"."id" AS "notification_id", "notification"."type" AS "notification_type", "notification"."title" AS "notification_title", "notification"."message" AS "notification_message", "notification"."data" AS "notification_data", "notification"."status" AS "notification_status", "notification"."userId" AS "notification_userId", "notification"."createdAt" AS "notification_createdAt", "notification"."updatedAt" AS "notification_updatedAt" FROM "notifications" "notification" WHERE "notification"."userId" IS NULL ORDER BY "notification"."createdAt" DESC
[32m[Nest] 42887  - [39m03/03/2026, 1:21:15 PM [32m    LOG[39m [38;5;3m[LoggingInterceptor] [39m[32mResponse: GET /api/notifications - Status: 200 - Time: 427ms[39m
Memory usage: {
  rss: '138.83 MB',
  heapTotal: '58.22 MB',
  heapUsed: '52.16 MB',
  external: '4.50 MB'
}
[32m[Nest] 42887  - [39m03/03/2026, 1:22:15 PM [32m    LOG[39m [38;5;3m[LoggingInterceptor] [39m[32mIncoming Request: GET /api/notifications - User: anonymous - IP: ::1 - UA: Mozilla/5.0 (Macintosh; Intel Mac OS X 10_15_7) AppleWebKit/537.36 (KHTML, like Gecko) Chrome/145.0.0.0 Safari/537.36[39m
query: SELECT "notification"."id" AS "notification_id", "notification"."type" AS "notification_type", "notification"."title" AS "notification_title", "notification"."message" AS "notification_message", "notification"."data" AS "notification_data", "notification"."status" AS "notification_status", "notification"."userId" AS "notification_userId", "notification"."createdAt" AS "notification_createdAt", "notification"."updatedAt" AS "notification_updatedAt" FROM "notifications" "notification" WHERE "notification"."userId" IS NULL ORDER BY "notification"."createdAt" DESC
[32m[Nest] 42887  - [39m03/03/2026, 1:22:15 PM [32m    LOG[39m [38;5;3m[LoggingInterceptor] [39m[32mResponse: GET /api/notifications - Status: 200 - Time: 473ms[39m
Memory usage: {
  rss: '137.59 MB',
  heapTotal: '56.27 MB',
  heapUsed: '44.77 MB',
  external: '4.59 MB'
}
[32m[Nest] 42887  - [39m03/03/2026, 1:23:15 PM [32m    LOG[39m [38;5;3m[LoggingInterceptor] [39m[32mIncoming Request: GET /api/notifications - User: anonymous - IP: ::1 - UA: Mozilla/5.0 (Macintosh; Intel Mac OS X 10_15_7) AppleWebKit/537.36 (KHTML, like Gecko) Chrome/145.0.0.0 Safari/537.36[39m
query: SELECT "notification"."id" AS "notification_id", "notification"."type" AS "notification_type", "notification"."title" AS "notification_title", "notification"."message" AS "notification_message", "notification"."data" AS "notification_data", "notification"."status" AS "notification_status", "notification"."userId" AS "notification_userId", "notification"."createdAt" AS "notification_createdAt", "notification"."updatedAt" AS "notification_updatedAt" FROM "notifications" "notification" WHERE "notification"."userId" IS NULL ORDER BY "notification"."createdAt" DESC
[32m[Nest] 42887  - [39m03/03/2026, 1:23:15 PM [32m    LOG[39m [38;5;3m[LoggingInterceptor] [39m[32mResponse: GET /api/notifications - Status: 200 - Time: 436ms[39m
Memory usage: {
  rss: '138.98 MB',
  heapTotal: '56.47 MB',
  heapUsed: '45.39 MB',
  external: '3.71 MB'
}
[32m[Nest] 42887  - [39m03/03/2026, 1:24:15 PM [32m    LOG[39m [38;5;3m[LoggingInterceptor] [39m[32mIncoming Request: GET /api/notifications - User: anonymous - IP: ::1 - UA: Mozilla/5.0 (Macintosh; Intel Mac OS X 10_15_7) AppleWebKit/537.36 (KHTML, like Gecko) Chrome/145.0.0.0 Safari/537.36[39m
query: SELECT "notification"."id" AS "notification_id", "notification"."type" AS "notification_type", "notification"."title" AS "notification_title", "notification"."message" AS "notification_message", "notification"."data" AS "notification_data", "notification"."status" AS "notification_status", "notification"."userId" AS "notification_userId", "notification"."createdAt" AS "notification_createdAt", "notification"."updatedAt" AS "notification_updatedAt" FROM "notifications" "notification" WHERE "notification"."userId" IS NULL ORDER BY "notification"."createdAt" DESC
[32m[Nest] 42887  - [39m03/03/2026, 1:24:15 PM [32m    LOG[39m [38;5;3m[LoggingInterceptor] [39m[32mResponse: GET /api/notifications - Status: 200 - Time: 452ms[39m
Memory usage: {
  rss: '138.98 MB',
  heapTotal: '56.47 MB',
  heapUsed: '45.82 MB',
  external: '3.74 MB'
}
[32m[Nest] 42887  - [39m03/03/2026, 1:25:15 PM [32m    LOG[39m [38;5;3m[LoggingInterceptor] [39m[32mIncoming Request: GET /api/notifications - User: anonymous - IP: ::1 - UA: Mozilla/5.0 (Macintosh; Intel Mac OS X 10_15_7) AppleWebKit/537.36 (KHTML, like Gecko) Chrome/145.0.0.0 Safari/537.36[39m
query: SELECT "notification"."id" AS "notification_id", "notification"."type" AS "notification_type", "notification"."title" AS "notification_title", "notification"."message" AS "notification_message", "notification"."data" AS "notification_data", "notification"."status" AS "notification_status", "notification"."userId" AS "notification_userId", "notification"."createdAt" AS "notification_createdAt", "notification"."updatedAt" AS "notification_updatedAt" FROM "notifications" "notification" WHERE "notification"."userId" IS NULL ORDER BY "notification"."createdAt" DESC
[32m[Nest] 42887  - [39m03/03/2026, 1:25:15 PM [32m    LOG[39m [38;5;3m[LoggingInterceptor] [39m[32mResponse: GET /api/notifications - Status: 200 - Time: 401ms[39m
Memory usage: {
  rss: '138.98 MB',
  heapTotal: '56.47 MB',
  heapUsed: '46.17 MB',
  external: '3.82 MB'
}
[32m[Nest] 42887  - [39m03/03/2026, 1:26:15 PM [32m    LOG[39m [38;5;3m[LoggingInterceptor] [39m[32mIncoming Request: GET /api/notifications - User: anonymous - IP: ::1 - UA: Mozilla/5.0 (Macintosh; Intel Mac OS X 10_15_7) AppleWebKit/537.36 (KHTML, like Gecko) Chrome/145.0.0.0 Safari/537.36[39m
query: SELECT "notification"."id" AS "notification_id", "notification"."type" AS "notification_type", "notification"."title" AS "notification_title", "notification"."message" AS "notification_message", "notification"."data" AS "notification_data", "notification"."status" AS "notification_status", "notification"."userId" AS "notification_userId", "notification"."createdAt" AS "notification_createdAt", "notification"."updatedAt" AS "notification_updatedAt" FROM "notifications" "notification" WHERE "notification"."userId" IS NULL ORDER BY "notification"."createdAt" DESC
[32m[Nest] 42887  - [39m03/03/2026, 1:26:16 PM [32m    LOG[39m [38;5;3m[LoggingInterceptor] [39m[32mResponse: GET /api/notifications - Status: 200 - Time: 518ms[39m
Memory usage: {
  rss: '138.78 MB',
  heapTotal: '58.27 MB',
  heapUsed: '45.84 MB',
  external: '3.86 MB'
}
[32m[Nest] 42887  - [39m03/03/2026, 1:27:15 PM [32m    LOG[39m [38;5;3m[LoggingInterceptor] [39m[32mIncoming Request: GET /api/notifications - User: anonymous - IP: ::1 - UA: Mozilla/5.0 (Macintosh; Intel Mac OS X 10_15_7) AppleWebKit/537.36 (KHTML, like Gecko) Chrome/145.0.0.0 Safari/537.36[39m
query: SELECT "notification"."id" AS "notification_id", "notification"."type" AS "notification_type", "notification"."title" AS "notification_title", "notification"."message" AS "notification_message", "notification"."data" AS "notification_data", "notification"."status" AS "notification_status", "notification"."userId" AS "notification_userId", "notification"."createdAt" AS "notification_createdAt", "notification"."updatedAt" AS "notification_updatedAt" FROM "notifications" "notification" WHERE "notification"."userId" IS NULL ORDER BY "notification"."createdAt" DESC
[32m[Nest] 42887  - [39m03/03/2026, 1:27:15 PM [32m    LOG[39m [38;5;3m[LoggingInterceptor] [39m[32mResponse: GET /api/notifications - Status: 200 - Time: 399ms[39m
Memory usage: {
  rss: '138.80 MB',
  heapTotal: '55.27 MB',
  heapUsed: '46.09 MB',
  external: '3.97 MB'
}
[32m[Nest] 42887  - [39m03/03/2026, 1:28:15 PM [32m    LOG[39m [38;5;3m[LoggingInterceptor] [39m[32mIncoming Request: GET /api/notifications - User: anonymous - IP: ::1 - UA: Mozilla/5.0 (Macintosh; Intel Mac OS X 10_15_7) AppleWebKit/537.36 (KHTML, like Gecko) Chrome/145.0.0.0 Safari/537.36[39m
query: SELECT "notification"."id" AS "notification_id", "notification"."type" AS "notification_type", "notification"."title" AS "notification_title", "notification"."message" AS "notification_message", "notification"."data" AS "notification_data", "notification"."status" AS "notification_status", "notification"."userId" AS "notification_userId", "notification"."createdAt" AS "notification_createdAt", "notification"."updatedAt" AS "notification_updatedAt" FROM "notifications" "notification" WHERE "notification"."userId" IS NULL ORDER BY "notification"."createdAt" DESC
[32m[Nest] 42887  - [39m03/03/2026, 1:28:15 PM [32m    LOG[39m [38;5;3m[LoggingInterceptor] [39m[32mResponse: GET /api/notifications - Status: 200 - Time: 481ms[39m
Memory usage: {
  rss: '139.00 MB',
  heapTotal: '56.47 MB',
  heapUsed: '46.82 MB',
  external: '3.93 MB'
}
[32m[Nest] 42887  - [39m03/03/2026, 1:29:15 PM [32m    LOG[39m [38;5;3m[LoggingInterceptor] [39m[32mIncoming Request: GET /api/notifications - User: anonymous - IP: ::1 - UA: Mozilla/5.0 (Macintosh; Intel Mac OS X 10_15_7) AppleWebKit/537.36 (KHTML, like Gecko) Chrome/145.0.0.0 Safari/537.36[39m
query: SELECT "notification"."id" AS "notification_id", "notification"."type" AS "notification_type", "notification"."title" AS "notification_title", "notification"."message" AS "notification_message", "notification"."data" AS "notification_data", "notification"."status" AS "notification_status", "notification"."userId" AS "notification_userId", "notification"."createdAt" AS "notification_createdAt", "notification"."updatedAt" AS "notification_updatedAt" FROM "notifications" "notification" WHERE "notification"."userId" IS NULL ORDER BY "notification"."createdAt" DESC
[32m[Nest] 42887  - [39m03/03/2026, 1:29:15 PM [32m    LOG[39m [38;5;3m[LoggingInterceptor] [39m[32mResponse: GET /api/notifications - Status: 200 - Time: 396ms[39m
Memory usage: {
  rss: '139.00 MB',
  heapTotal: '56.47 MB',
  heapUsed: '47.25 MB',
  external: '4.02 MB'
}
[32m[Nest] 42887  - [39m03/03/2026, 1:30:15 PM [32m    LOG[39m [38;5;3m[LoggingInterceptor] [39m[32mIncoming Request: GET /api/notifications - User: anonymous - IP: ::1 - UA: Mozilla/5.0 (Macintosh; Intel Mac OS X 10_15_7) AppleWebKit/537.36 (KHTML, like Gecko) Chrome/145.0.0.0 Safari/537.36[39m
query: SELECT "notification"."id" AS "notification_id", "notification"."type" AS "notification_type", "notification"."title" AS "notification_title", "notification"."message" AS "notification_message", "notification"."data" AS "notification_data", "notification"."status" AS "notification_status", "notification"."userId" AS "notification_userId", "notification"."createdAt" AS "notification_createdAt", "notification"."updatedAt" AS "notification_updatedAt" FROM "notifications" "notification" WHERE "notification"."userId" IS NULL ORDER BY "notification"."createdAt" DESC
[32m[Nest] 42887  - [39m03/03/2026, 1:30:16 PM [32m    LOG[39m [38;5;3m[LoggingInterceptor] [39m[32mResponse: GET /api/notifications - Status: 200 - Time: 484ms[39m
Memory usage: {
  rss: '139.00 MB',
  heapTotal: '58.47 MB',
  heapUsed: '47.13 MB',
  external: '4.01 MB'
}
[32m[Nest] 42887  - [39m03/03/2026, 1:31:15 PM [32m    LOG[39m [38;5;3m[LoggingInterceptor] [39m[32mIncoming Request: GET /api/notifications - User: anonymous - IP: ::1 - UA: Mozilla/5.0 (Macintosh; Intel Mac OS X 10_15_7) AppleWebKit/537.36 (KHTML, like Gecko) Chrome/145.0.0.0 Safari/537.36[39m
query: SELECT "notification"."id" AS "notification_id", "notification"."type" AS "notification_type", "notification"."title" AS "notification_title", "notification"."message" AS "notification_message", "notification"."data" AS "notification_data", "notification"."status" AS "notification_status", "notification"."userId" AS "notification_userId", "notification"."createdAt" AS "notification_createdAt", "notification"."updatedAt" AS "notification_updatedAt" FROM "notifications" "notification" WHERE "notification"."userId" IS NULL ORDER BY "notification"."createdAt" DESC
[32m[Nest] 42887  - [39m03/03/2026, 1:31:15 PM [32m    LOG[39m [38;5;3m[LoggingInterceptor] [39m[32mResponse: GET /api/notifications - Status: 200 - Time: 429ms[39m
Memory usage: {
  rss: '138.80 MB',
  heapTotal: '55.27 MB',
  heapUsed: '47.15 MB',
  external: '4.25 MB'
}
[32m[Nest] 42887  - [39m03/03/2026, 1:32:15 PM [32m    LOG[39m [38;5;3m[LoggingInterceptor] [39m[32mIncoming Request: GET /api/notifications - User: anonymous - IP: ::1 - UA: Mozilla/5.0 (Macintosh; Intel Mac OS X 10_15_7) AppleWebKit/537.36 (KHTML, like Gecko) Chrome/145.0.0.0 Safari/537.36[39m
query: SELECT "notification"."id" AS "notification_id", "notification"."type" AS "notification_type", "notification"."title" AS "notification_title", "notification"."message" AS "notification_message", "notification"."data" AS "notification_data", "notification"."status" AS "notification_status", "notification"."userId" AS "notification_userId", "notification"."createdAt" AS "notification_createdAt", "notification"."updatedAt" AS "notification_updatedAt" FROM "notifications" "notification" WHERE "notification"."userId" IS NULL ORDER BY "notification"."createdAt" DESC
[32m[Nest] 42887  - [39m03/03/2026, 1:32:15 PM [32m    LOG[39m [38;5;3m[LoggingInterceptor] [39m[32mResponse: GET /api/notifications - Status: 200 - Time: 459ms[39m
Memory usage: {
  rss: '139.00 MB',
  heapTotal: '56.47 MB',
  heapUsed: '47.77 MB',
  external: '4.14 MB'
}
[32m[Nest] 42887  - [39m03/03/2026, 1:33:15 PM [32m    LOG[39m [38;5;3m[LoggingInterceptor] [39m[32mIncoming Request: GET /api/notifications - User: anonymous - IP: ::1 - UA: Mozilla/5.0 (Macintosh; Intel Mac OS X 10_15_7) AppleWebKit/537.36 (KHTML, like Gecko) Chrome/145.0.0.0 Safari/537.36[39m
query: SELECT "notification"."id" AS "notification_id", "notification"."type" AS "notification_type", "notification"."title" AS "notification_title", "notification"."message" AS "notification_message", "notification"."data" AS "notification_data", "notification"."status" AS "notification_status", "notification"."userId" AS "notification_userId", "notification"."createdAt" AS "notification_createdAt", "notification"."updatedAt" AS "notification_updatedAt" FROM "notifications" "notification" WHERE "notification"."userId" IS NULL ORDER BY "notification"."createdAt" DESC
[32m[Nest] 42887  - [39m03/03/2026, 1:33:15 PM [32m    LOG[39m [38;5;3m[LoggingInterceptor] [39m[32mResponse: GET /api/notifications - Status: 200 - Time: 397ms[39m
Memory usage: {
  rss: '139.02 MB',
  heapTotal: '56.47 MB',
  heapUsed: '48.17 MB',
  external: '4.17 MB'
}
[32m[Nest] 42887  - [39m03/03/2026, 1:34:15 PM [32m    LOG[39m [38;5;3m[LoggingInterceptor] [39m[32mIncoming Request: GET /api/notifications - User: anonymous - IP: ::1 - UA: Mozilla/5.0 (Macintosh; Intel Mac OS X 10_15_7) AppleWebKit/537.36 (KHTML, like Gecko) Chrome/145.0.0.0 Safari/537.36[39m
query: SELECT "notification"."id" AS "notification_id", "notification"."type" AS "notification_type", "notification"."title" AS "notification_title", "notification"."message" AS "notification_message", "notification"."data" AS "notification_data", "notification"."status" AS "notification_status", "notification"."userId" AS "notification_userId", "notification"."createdAt" AS "notification_createdAt", "notification"."updatedAt" AS "notification_updatedAt" FROM "notifications" "notification" WHERE "notification"."userId" IS NULL ORDER BY "notification"."createdAt" DESC
[32m[Nest] 42887  - [39m03/03/2026, 1:34:15 PM [32m    LOG[39m [38;5;3m[LoggingInterceptor] [39m[32mResponse: GET /api/notifications - Status: 200 - Time: 490ms[39m
Memory usage: {
  rss: '139.03 MB',
  heapTotal: '56.47 MB',
  heapUsed: '48.61 MB',
  external: '4.25 MB'
}
[32m[Nest] 42887  - [39m03/03/2026, 1:35:15 PM [32m    LOG[39m [38;5;3m[LoggingInterceptor] [39m[32mIncoming Request: GET /api/notifications - User: anonymous - IP: ::1 - UA: Mozilla/5.0 (Macintosh; Intel Mac OS X 10_15_7) AppleWebKit/537.36 (KHTML, like Gecko) Chrome/145.0.0.0 Safari/537.36[39m
query: SELECT "notification"."id" AS "notification_id", "notification"."type" AS "notification_type", "notification"."title" AS "notification_title", "notification"."message" AS "notification_message", "notification"."data" AS "notification_data", "notification"."status" AS "notification_status", "notification"."userId" AS "notification_userId", "notification"."createdAt" AS "notification_createdAt", "notification"."updatedAt" AS "notification_updatedAt" FROM "notifications" "notification" WHERE "notification"."userId" IS NULL ORDER BY "notification"."createdAt" DESC
[32m[Nest] 42887  - [39m03/03/2026, 1:35:15 PM [32m    LOG[39m [38;5;3m[LoggingInterceptor] [39m[32mResponse: GET /api/notifications - Status: 200 - Time: 397ms[39m
Memory usage: {
  rss: '138.83 MB',
  heapTotal: '56.27 MB',
  heapUsed: '48.26 MB',
  external: '4.32 MB'
}
[32m[Nest] 42887  - [39m03/03/2026, 1:36:15 PM [32m    LOG[39m [38;5;3m[LoggingInterceptor] [39m[32mIncoming Request: GET /api/notifications - User: anonymous - IP: ::1 - UA: Mozilla/5.0 (Macintosh; Intel Mac OS X 10_15_7) AppleWebKit/537.36 (KHTML, like Gecko) Chrome/145.0.0.0 Safari/537.36[39m
query: SELECT "notification"."id" AS "notification_id", "notification"."type" AS "notification_type", "notification"."title" AS "notification_title", "notification"."message" AS "notification_message", "notification"."data" AS "notification_data", "notification"."status" AS "notification_status", "notification"."userId" AS "notification_userId", "notification"."createdAt" AS "notification_createdAt", "notification"."updatedAt" AS "notification_updatedAt" FROM "notifications" "notification" WHERE "notification"."userId" IS NULL ORDER BY "notification"."createdAt" DESC
[32m[Nest] 42887  - [39m03/03/2026, 1:36:16 PM [32m    LOG[39m [38;5;3m[LoggingInterceptor] [39m[32mResponse: GET /api/notifications - Status: 200 - Time: 520ms[39m
Memory usage: {
  rss: '139.03 MB',
  heapTotal: '58.47 MB',
  heapUsed: '48.86 MB',
  external: '4.37 MB'
}
[32m[Nest] 42887  - [39m03/03/2026, 1:37:15 PM [32m    LOG[39m [38;5;3m[LoggingInterceptor] [39m[32mIncoming Request: GET /api/notifications - User: anonymous - IP: ::1 - UA: Mozilla/5.0 (Macintosh; Intel Mac OS X 10_15_7) AppleWebKit/537.36 (KHTML, like Gecko) Chrome/145.0.0.0 Safari/537.36[39m
query: SELECT "notification"."id" AS "notification_id", "notification"."type" AS "notification_type", "notification"."title" AS "notification_title", "notification"."message" AS "notification_message", "notification"."data" AS "notification_data", "notification"."status" AS "notification_status", "notification"."userId" AS "notification_userId", "notification"."createdAt" AS "notification_createdAt", "notification"."updatedAt" AS "notification_updatedAt" FROM "notifications" "notification" WHERE "notification"."userId" IS NULL ORDER BY "notification"."createdAt" DESC
[32m[Nest] 42887  - [39m03/03/2026, 1:37:15 PM [32m    LOG[39m [38;5;3m[LoggingInterceptor] [39m[32mResponse: GET /api/notifications - Status: 200 - Time: 402ms[39m
Memory usage: {
  rss: '138.83 MB',
  heapTotal: '55.27 MB',
  heapUsed: '48.77 MB',
  external: '4.58 MB'
}
[32m[Nest] 42887  - [39m03/03/2026, 1:38:15 PM [32m    LOG[39m [38;5;3m[LoggingInterceptor] [39m[32mIncoming Request: GET /api/notifications - User: anonymous - IP: ::1 - UA: Mozilla/5.0 (Macintosh; Intel Mac OS X 10_15_7) AppleWebKit/537.36 (KHTML, like Gecko) Chrome/145.0.0.0 Safari/537.36[39m
query: SELECT "notification"."id" AS "notification_id", "notification"."type" AS "notification_type", "notification"."title" AS "notification_title", "notification"."message" AS "notification_message", "notification"."data" AS "notification_data", "notification"."status" AS "notification_status", "notification"."userId" AS "notification_userId", "notification"."createdAt" AS "notification_createdAt", "notification"."updatedAt" AS "notification_updatedAt" FROM "notifications" "notification" WHERE "notification"."userId" IS NULL ORDER BY "notification"."createdAt" DESC
[32m[Nest] 42887  - [39m03/03/2026, 1:38:15 PM [32m    LOG[39m [38;5;3m[LoggingInterceptor] [39m[32mResponse: GET /api/notifications - Status: 200 - Time: 455ms[39m
Memory usage: {
  rss: '139.03 MB',
  heapTotal: '58.47 MB',
  heapUsed: '49.39 MB',
  external: '4.44 MB'
}
[32m[Nest] 42887  - [39m03/03/2026, 1:39:15 PM [32m    LOG[39m [38;5;3m[LoggingInterceptor] [39m[32mIncoming Request: GET /api/notifications - User: anonymous - IP: ::1 - UA: Mozilla/5.0 (Macintosh; Intel Mac OS X 10_15_7) AppleWebKit/537.36 (KHTML, like Gecko) Chrome/145.0.0.0 Safari/537.36[39m
query: SELECT "notification"."id" AS "notification_id", "notification"."type" AS "notification_type", "notification"."title" AS "notification_title", "notification"."message" AS "notification_message", "notification"."data" AS "notification_data", "notification"."status" AS "notification_status", "notification"."userId" AS "notification_userId", "notification"."createdAt" AS "notification_createdAt", "notification"."updatedAt" AS "notification_updatedAt" FROM "notifications" "notification" WHERE "notification"."userId" IS NULL ORDER BY "notification"."createdAt" DESC
[32m[Nest] 42887  - [39m03/03/2026, 1:39:15 PM [32m    LOG[39m [38;5;3m[LoggingInterceptor] [39m[32mResponse: GET /api/notifications - Status: 200 - Time: 413ms[39m
Memory usage: {
  rss: '139.03 MB',
  heapTotal: '55.47 MB',
  heapUsed: '49.52 MB',
  external: '4.52 MB'
}
[32m[Nest] 42887  - [39m03/03/2026, 1:40:15 PM [32m    LOG[39m [38;5;3m[LoggingInterceptor] [39m[32mIncoming Request: GET /api/notifications - User: anonymous - IP: ::1 - UA: Mozilla/5.0 (Macintosh; Intel Mac OS X 10_15_7) AppleWebKit/537.36 (KHTML, like Gecko) Chrome/145.0.0.0 Safari/537.36[39m
query: SELECT "notification"."id" AS "notification_id", "notification"."type" AS "notification_type", "notification"."title" AS "notification_title", "notification"."message" AS "notification_message", "notification"."data" AS "notification_data", "notification"."status" AS "notification_status", "notification"."userId" AS "notification_userId", "notification"."createdAt" AS "notification_createdAt", "notification"."updatedAt" AS "notification_updatedAt" FROM "notifications" "notification" WHERE "notification"."userId" IS NULL ORDER BY "notification"."createdAt" DESC
[32m[Nest] 42887  - [39m03/03/2026, 1:40:15 PM [32m    LOG[39m [38;5;3m[LoggingInterceptor] [39m[32mResponse: GET /api/notifications - Status: 200 - Time: 470ms[39m
Memory usage: {
  rss: '139.23 MB',
  heapTotal: '58.47 MB',
  heapUsed: '49.95 MB',
  external: '4.59 MB'
}
[32m[Nest] 42887  - [39m03/03/2026, 1:41:15 PM [32m    LOG[39m [38;5;3m[LoggingInterceptor] [39m[32mIncoming Request: GET /api/notifications - User: anonymous - IP: ::1 - UA: Mozilla/5.0 (Macintosh; Intel Mac OS X 10_15_7) AppleWebKit/537.36 (KHTML, like Gecko) Chrome/145.0.0.0 Safari/537.36[39m
query: SELECT "notification"."id" AS "notification_id", "notification"."type" AS "notification_type", "notification"."title" AS "notification_title", "notification"."message" AS "notification_message", "notification"."data" AS "notification_data", "notification"."status" AS "notification_status", "notification"."userId" AS "notification_userId", "notification"."createdAt" AS "notification_createdAt", "notification"."updatedAt" AS "notification_updatedAt" FROM "notifications" "notification" WHERE "notification"."userId" IS NULL ORDER BY "notification"."createdAt" DESC
[32m[Nest] 42887  - [39m03/03/2026, 1:41:15 PM [32m    LOG[39m [38;5;3m[LoggingInterceptor] [39m[32mResponse: GET /api/notifications - Status: 200 - Time: 425ms[39m
Memory usage: {
  rss: '139.25 MB',
  heapTotal: '55.47 MB',
  heapUsed: '50.15 MB',
  external: '4.60 MB'
}
[32m[Nest] 42887  - [39m03/03/2026, 1:42:15 PM [32m    LOG[39m [38;5;3m[LoggingInterceptor] [39m[32mIncoming Request: GET /api/notifications - User: anonymous - IP: ::1 - UA: Mozilla/5.0 (Macintosh; Intel Mac OS X 10_15_7) AppleWebKit/537.36 (KHTML, like Gecko) Chrome/145.0.0.0 Safari/537.36[39m
query: SELECT "notification"."id" AS "notification_id", "notification"."type" AS "notification_type", "notification"."title" AS "notification_title", "notification"."message" AS "notification_message", "notification"."data" AS "notification_data", "notification"."status" AS "notification_status", "notification"."userId" AS "notification_userId", "notification"."createdAt" AS "notification_createdAt", "notification"."updatedAt" AS "notification_updatedAt" FROM "notifications" "notification" WHERE "notification"."userId" IS NULL ORDER BY "notification"."createdAt" DESC
[32m[Nest] 42887  - [39m03/03/2026, 1:42:15 PM [32m    LOG[39m [38;5;3m[LoggingInterceptor] [39m[32mResponse: GET /api/notifications - Status: 200 - Time: 473ms[39m
Memory usage: {
  rss: '139.25 MB',
  heapTotal: '58.47 MB',
  heapUsed: '50.58 MB',
  external: '4.69 MB'
}
[32m[Nest] 42887  - [39m03/03/2026, 1:43:15 PM [32m    LOG[39m [38;5;3m[LoggingInterceptor] [39m[32mIncoming Request: GET /api/notifications - User: anonymous - IP: ::1 - UA: Mozilla/5.0 (Macintosh; Intel Mac OS X 10_15_7) AppleWebKit/537.36 (KHTML, like Gecko) Chrome/145.0.0.0 Safari/537.36[39m
query: SELECT "notification"."id" AS "notification_id", "notification"."type" AS "notification_type", "notification"."title" AS "notification_title", "notification"."message" AS "notification_message", "notification"."data" AS "notification_data", "notification"."status" AS "notification_status", "notification"."userId" AS "notification_userId", "notification"."createdAt" AS "notification_createdAt", "notification"."updatedAt" AS "notification_updatedAt" FROM "notifications" "notification" WHERE "notification"."userId" IS NULL ORDER BY "notification"."createdAt" DESC
[32m[Nest] 42887  - [39m03/03/2026, 1:43:15 PM [32m    LOG[39m [38;5;3m[LoggingInterceptor] [39m[32mResponse: GET /api/notifications - Status: 200 - Time: 389ms[39m
Memory usage: {
  rss: '139.17 MB',
  heapTotal: '55.47 MB',
  heapUsed: '50.82 MB',
  external: '4.77 MB'
}
[32m[Nest] 42887  - [39m03/03/2026, 1:44:15 PM [32m    LOG[39m [38;5;3m[LoggingInterceptor] [39m[32mIncoming Request: GET /api/notifications - User: anonymous - IP: ::1 - UA: Mozilla/5.0 (Macintosh; Intel Mac OS X 10_15_7) AppleWebKit/537.36 (KHTML, like Gecko) Chrome/145.0.0.0 Safari/537.36[39m
query: SELECT "notification"."id" AS "notification_id", "notification"."type" AS "notification_type", "notification"."title" AS "notification_title", "notification"."message" AS "notification_message", "notification"."data" AS "notification_data", "notification"."status" AS "notification_status", "notification"."userId" AS "notification_userId", "notification"."createdAt" AS "notification_createdAt", "notification"."updatedAt" AS "notification_updatedAt" FROM "notifications" "notification" WHERE "notification"."userId" IS NULL ORDER BY "notification"."createdAt" DESC
[32m[Nest] 42887  - [39m03/03/2026, 1:44:15 PM [32m    LOG[39m [38;5;3m[LoggingInterceptor] [39m[32mResponse: GET /api/notifications - Status: 200 - Time: 445ms[39m
Memory usage: {
  rss: '139.17 MB',
  heapTotal: '57.02 MB',
  heapUsed: '44.79 MB',
  external: '4.83 MB'
}
[32m[Nest] 42887  - [39m03/03/2026, 1:45:15 PM [32m    LOG[39m [38;5;3m[LoggingInterceptor] [39m[32mIncoming Request: GET /api/notifications - User: anonymous - IP: ::1 - UA: Mozilla/5.0 (Macintosh; Intel Mac OS X 10_15_7) AppleWebKit/537.36 (KHTML, like Gecko) Chrome/145.0.0.0 Safari/537.36[39m
query: SELECT "notification"."id" AS "notification_id", "notification"."type" AS "notification_type", "notification"."title" AS "notification_title", "notification"."message" AS "notification_message", "notification"."data" AS "notification_data", "notification"."status" AS "notification_status", "notification"."userId" AS "notification_userId", "notification"."createdAt" AS "notification_createdAt", "notification"."updatedAt" AS "notification_updatedAt" FROM "notifications" "notification" WHERE "notification"."userId" IS NULL ORDER BY "notification"."createdAt" DESC
[32m[Nest] 42887  - [39m03/03/2026, 1:45:15 PM [32m    LOG[39m [38;5;3m[LoggingInterceptor] [39m[32mResponse: GET /api/notifications - Status: 200 - Time: 474ms[39m
Memory usage: {
  rss: '139.17 MB',
  heapTotal: '54.02 MB',
  heapUsed: '44.99 MB',
  external: '3.82 MB'
}
[32m[Nest] 42887  - [39m03/03/2026, 1:46:15 PM [32m    LOG[39m [38;5;3m[LoggingInterceptor] [39m[32mIncoming Request: GET /api/notifications - User: anonymous - IP: ::1 - UA: Mozilla/5.0 (Macintosh; Intel Mac OS X 10_15_7) AppleWebKit/537.36 (KHTML, like Gecko) Chrome/145.0.0.0 Safari/537.36[39m
query: SELECT "notification"."id" AS "notification_id", "notification"."type" AS "notification_type", "notification"."title" AS "notification_title", "notification"."message" AS "notification_message", "notification"."data" AS "notification_data", "notification"."status" AS "notification_status", "notification"."userId" AS "notification_userId", "notification"."createdAt" AS "notification_createdAt", "notification"."updatedAt" AS "notification_updatedAt" FROM "notifications" "notification" WHERE "notification"."userId" IS NULL ORDER BY "notification"."createdAt" DESC
[32m[Nest] 42887  - [39m03/03/2026, 1:46:16 PM [32m    LOG[39m [38;5;3m[LoggingInterceptor] [39m[32mResponse: GET /api/notifications - Status: 200 - Time: 498ms[39m
Memory usage: {
  rss: '139.38 MB',
  heapTotal: '55.22 MB',
  heapUsed: '45.74 MB',
  external: '3.78 MB'
}
[32m[Nest] 42887  - [39m03/03/2026, 1:47:15 PM [32m    LOG[39m [38;5;3m[LoggingInterceptor] [39m[32mIncoming Request: GET /api/notifications - User: anonymous - IP: ::1 - UA: Mozilla/5.0 (Macintosh; Intel Mac OS X 10_15_7) AppleWebKit/537.36 (KHTML, like Gecko) Chrome/145.0.0.0 Safari/537.36[39m
query: SELECT "notification"."id" AS "notification_id", "notification"."type" AS "notification_type", "notification"."title" AS "notification_title", "notification"."message" AS "notification_message", "notification"."data" AS "notification_data", "notification"."status" AS "notification_status", "notification"."userId" AS "notification_userId", "notification"."createdAt" AS "notification_createdAt", "notification"."updatedAt" AS "notification_updatedAt" FROM "notifications" "notification" WHERE "notification"."userId" IS NULL ORDER BY "notification"."createdAt" DESC
[32m[Nest] 42887  - [39m03/03/2026, 1:47:15 PM [32m    LOG[39m [38;5;3m[LoggingInterceptor] [39m[32mResponse: GET /api/notifications - Status: 200 - Time: 407ms[39m
Memory usage: {
  rss: '139.39 MB',
  heapTotal: '55.22 MB',
  heapUsed: '46.17 MB',
  external: '3.82 MB'
}
[32m[Nest] 42887  - [39m03/03/2026, 1:48:15 PM [32m    LOG[39m [38;5;3m[LoggingInterceptor] [39m[32mIncoming Request: GET /api/notifications - User: anonymous - IP: ::1 - UA: Mozilla/5.0 (Macintosh; Intel Mac OS X 10_15_7) AppleWebKit/537.36 (KHTML, like Gecko) Chrome/145.0.0.0 Safari/537.36[39m
query: SELECT "notification"."id" AS "notification_id", "notification"."type" AS "notification_type", "notification"."title" AS "notification_title", "notification"."message" AS "notification_message", "notification"."data" AS "notification_data", "notification"."status" AS "notification_status", "notification"."userId" AS "notification_userId", "notification"."createdAt" AS "notification_createdAt", "notification"."updatedAt" AS "notification_updatedAt" FROM "notifications" "notification" WHERE "notification"."userId" IS NULL ORDER BY "notification"."createdAt" DESC
[32m[Nest] 42887  - [39m03/03/2026, 1:48:15 PM [32m    LOG[39m [38;5;3m[LoggingInterceptor] [39m[32mResponse: GET /api/notifications - Status: 200 - Time: 490ms[39m
Memory usage: {
  rss: '139.22 MB',
  heapTotal: '57.02 MB',
  heapUsed: '45.83 MB',
  external: '3.89 MB'
}
[32m[Nest] 42887  - [39m03/03/2026, 1:49:15 PM [32m    LOG[39m [38;5;3m[LoggingInterceptor] [39m[32mIncoming Request: GET /api/notifications - User: anonymous - IP: ::1 - UA: Mozilla/5.0 (Macintosh; Intel Mac OS X 10_15_7) AppleWebKit/537.36 (KHTML, like Gecko) Chrome/145.0.0.0 Safari/537.36[39m
query: SELECT "notification"."id" AS "notification_id", "notification"."type" AS "notification_type", "notification"."title" AS "notification_title", "notification"."message" AS "notification_message", "notification"."data" AS "notification_data", "notification"."status" AS "notification_status", "notification"."userId" AS "notification_userId", "notification"."createdAt" AS "notification_createdAt", "notification"."updatedAt" AS "notification_updatedAt" FROM "notifications" "notification" WHERE "notification"."userId" IS NULL ORDER BY "notification"."createdAt" DESC
[32m[Nest] 42887  - [39m03/03/2026, 1:49:15 PM [32m    LOG[39m [38;5;3m[LoggingInterceptor] [39m[32mResponse: GET /api/notifications - Status: 200 - Time: 424ms[39m
Memory usage: {
  rss: '139.22 MB',
  heapTotal: '54.02 MB',
  heapUsed: '46.08 MB',
  external: '3.98 MB'
}
[32m[Nest] 42887  - [39m03/03/2026, 1:50:15 PM [32m    LOG[39m [38;5;3m[LoggingInterceptor] [39m[32mIncoming Request: GET /api/notifications - User: anonymous - IP: ::1 - UA: Mozilla/5.0 (Macintosh; Intel Mac OS X 10_15_7) AppleWebKit/537.36 (KHTML, like Gecko) Chrome/145.0.0.0 Safari/537.36[39m
query: SELECT "notification"."id" AS "notification_id", "notification"."type" AS "notification_type", "notification"."title" AS "notification_title", "notification"."message" AS "notification_message", "notification"."data" AS "notification_data", "notification"."status" AS "notification_status", "notification"."userId" AS "notification_userId", "notification"."createdAt" AS "notification_createdAt", "notification"."updatedAt" AS "notification_updatedAt" FROM "notifications" "notification" WHERE "notification"."userId" IS NULL ORDER BY "notification"."createdAt" DESC
[32m[Nest] 42887  - [39m03/03/2026, 1:50:15 PM [32m    LOG[39m [38;5;3m[LoggingInterceptor] [39m[32mResponse: GET /api/notifications - Status: 200 - Time: 475ms[39m
Memory usage: {
  rss: '139.44 MB',
  heapTotal: '55.22 MB',
  heapUsed: '46.68 MB',
  external: '3.94 MB'
}
[32m[Nest] 42887  - [39m03/03/2026, 1:51:15 PM [32m    LOG[39m [38;5;3m[LoggingInterceptor] [39m[32mIncoming Request: GET /api/notifications - User: anonymous - IP: ::1 - UA: Mozilla/5.0 (Macintosh; Intel Mac OS X 10_15_7) AppleWebKit/537.36 (KHTML, like Gecko) Chrome/145.0.0.0 Safari/537.36[39m
query: SELECT "notification"."id" AS "notification_id", "notification"."type" AS "notification_type", "notification"."title" AS "notification_title", "notification"."message" AS "notification_message", "notification"."data" AS "notification_data", "notification"."status" AS "notification_status", "notification"."userId" AS "notification_userId", "notification"."createdAt" AS "notification_createdAt", "notification"."updatedAt" AS "notification_updatedAt" FROM "notifications" "notification" WHERE "notification"."userId" IS NULL ORDER BY "notification"."createdAt" DESC
[32m[Nest] 42887  - [39m03/03/2026, 1:51:15 PM [32m    LOG[39m [38;5;3m[LoggingInterceptor] [39m[32mResponse: GET /api/notifications - Status: 200 - Time: 419ms[39m
Memory usage: {
  rss: '139.44 MB',
  heapTotal: '55.22 MB',
  heapUsed: '47.02 MB',
  external: '4.04 MB'
}
[32m[Nest] 42887  - [39m03/03/2026, 1:52:15 PM [32m    LOG[39m [38;5;3m[LoggingInterceptor] [39m[32mIncoming Request: GET /api/notifications - User: anonymous - IP: ::1 - UA: Mozilla/5.0 (Macintosh; Intel Mac OS X 10_15_7) AppleWebKit/537.36 (KHTML, like Gecko) Chrome/145.0.0.0 Safari/537.36[39m
query: SELECT "notification"."id" AS "notification_id", "notification"."type" AS "notification_type", "notification"."title" AS "notification_title", "notification"."message" AS "notification_message", "notification"."data" AS "notification_data", "notification"."status" AS "notification_status", "notification"."userId" AS "notification_userId", "notification"."createdAt" AS "notification_createdAt", "notification"."updatedAt" AS "notification_updatedAt" FROM "notifications" "notification" WHERE "notification"."userId" IS NULL ORDER BY "notification"."createdAt" DESC
[32m[Nest] 42887  - [39m03/03/2026, 1:52:16 PM [32m    LOG[39m [38;5;3m[LoggingInterceptor] [39m[32mResponse: GET /api/notifications - Status: 200 - Time: 512ms[39m
Memory usage: {
  rss: '139.44 MB',
  heapTotal: '55.22 MB',
  heapUsed: '47.43 MB',
  external: '4.08 MB'
}
[32m[Nest] 42887  - [39m03/03/2026, 1:53:15 PM [32m    LOG[39m [38;5;3m[LoggingInterceptor] [39m[32mIncoming Request: GET /api/notifications - User: anonymous - IP: ::1 - UA: Mozilla/5.0 (Macintosh; Intel Mac OS X 10_15_7) AppleWebKit/537.36 (KHTML, like Gecko) Chrome/145.0.0.0 Safari/537.36[39m
query: SELECT "notification"."id" AS "notification_id", "notification"."type" AS "notification_type", "notification"."title" AS "notification_title", "notification"."message" AS "notification_message", "notification"."data" AS "notification_data", "notification"."status" AS "notification_status", "notification"."userId" AS "notification_userId", "notification"."createdAt" AS "notification_createdAt", "notification"."updatedAt" AS "notification_updatedAt" FROM "notifications" "notification" WHERE "notification"."userId" IS NULL ORDER BY "notification"."createdAt" DESC
[32m[Nest] 42887  - [39m03/03/2026, 1:53:15 PM [32m    LOG[39m [38;5;3m[LoggingInterceptor] [39m[32mResponse: GET /api/notifications - Status: 200 - Time: 421ms[39m
Memory usage: {
  rss: '139.44 MB',
  heapTotal: '55.22 MB',
  heapUsed: '47.78 MB',
  external: '4.14 MB'
}
[32m[Nest] 42887  - [39m03/03/2026, 1:54:15 PM [32m    LOG[39m [38;5;3m[LoggingInterceptor] [39m[32mIncoming Request: GET /api/notifications - User: anonymous - IP: ::1 - UA: Mozilla/5.0 (Macintosh; Intel Mac OS X 10_15_7) AppleWebKit/537.36 (KHTML, like Gecko) Chrome/145.0.0.0 Safari/537.36[39m
query: SELECT "notification"."id" AS "notification_id", "notification"."type" AS "notification_type", "notification"."title" AS "notification_title", "notification"."message" AS "notification_message", "notification"."data" AS "notification_data", "notification"."status" AS "notification_status", "notification"."userId" AS "notification_userId", "notification"."createdAt" AS "notification_createdAt", "notification"."updatedAt" AS "notification_updatedAt" FROM "notifications" "notification" WHERE "notification"."userId" IS NULL ORDER BY "notification"."createdAt" DESC
[32m[Nest] 42887  - [39m03/03/2026, 1:54:16 PM [32m    LOG[39m [38;5;3m[LoggingInterceptor] [39m[32mResponse: GET /api/notifications - Status: 200 - Time: 1260ms[39m
Memory usage: {
  rss: '139.23 MB',
  heapTotal: '57.02 MB',
  heapUsed: '47.45 MB',
  external: '4.14 MB'
}
[32m[Nest] 42887  - [39m03/03/2026, 1:55:15 PM [32m    LOG[39m [38;5;3m[LoggingInterceptor] [39m[32mIncoming Request: GET /api/notifications - User: anonymous - IP: ::1 - UA: Mozilla/5.0 (Macintosh; Intel Mac OS X 10_15_7) AppleWebKit/537.36 (KHTML, like Gecko) Chrome/145.0.0.0 Safari/537.36[39m
query: SELECT "notification"."id" AS "notification_id", "notification"."type" AS "notification_type", "notification"."title" AS "notification_title", "notification"."message" AS "notification_message", "notification"."data" AS "notification_data", "notification"."status" AS "notification_status", "notification"."userId" AS "notification_userId", "notification"."createdAt" AS "notification_createdAt", "notification"."updatedAt" AS "notification_updatedAt" FROM "notifications" "notification" WHERE "notification"."userId" IS NULL ORDER BY "notification"."createdAt" DESC
[32m[Nest] 42887  - [39m03/03/2026, 1:55:15 PM [32m    LOG[39m [38;5;3m[LoggingInterceptor] [39m[32mResponse: GET /api/notifications - Status: 200 - Time: 383ms[39m
Memory usage: {
  rss: '139.31 MB',
  heapTotal: '54.02 MB',
  heapUsed: '47.66 MB',
  external: '4.28 MB'
}
[32m[Nest] 42887  - [39m03/03/2026, 1:56:15 PM [32m    LOG[39m [38;5;3m[LoggingInterceptor] [39m[32mIncoming Request: GET /api/notifications - User: anonymous - IP: ::1 - UA: Mozilla/5.0 (Macintosh; Intel Mac OS X 10_15_7) AppleWebKit/537.36 (KHTML, like Gecko) Chrome/145.0.0.0 Safari/537.36[39m
query: SELECT "notification"."id" AS "notification_id", "notification"."type" AS "notification_type", "notification"."title" AS "notification_title", "notification"."message" AS "notification_message", "notification"."data" AS "notification_data", "notification"."status" AS "notification_status", "notification"."userId" AS "notification_userId", "notification"."createdAt" AS "notification_createdAt", "notification"."updatedAt" AS "notification_updatedAt" FROM "notifications" "notification" WHERE "notification"."userId" IS NULL ORDER BY "notification"."createdAt" DESC
[32m[Nest] 42887  - [39m03/03/2026, 1:56:15 PM [32m    LOG[39m [38;5;3m[LoggingInterceptor] [39m[32mResponse: GET /api/notifications - Status: 200 - Time: 466ms[39m
Memory usage: {
  rss: '139.52 MB',
  heapTotal: '55.22 MB',
  heapUsed: '48.33 MB',
  external: '4.25 MB'
}
[32m[Nest] 42887  - [39m03/03/2026, 1:57:15 PM [32m    LOG[39m [38;5;3m[LoggingInterceptor] [39m[32mIncoming Request: GET /api/notifications - User: anonymous - IP: ::1 - UA: Mozilla/5.0 (Macintosh; Intel Mac OS X 10_15_7) AppleWebKit/537.36 (KHTML, like Gecko) Chrome/145.0.0.0 Safari/537.36[39m
query: SELECT "notification"."id" AS "notification_id", "notification"."type" AS "notification_type", "notification"."title" AS "notification_title", "notification"."message" AS "notification_message", "notification"."data" AS "notification_data", "notification"."status" AS "notification_status", "notification"."userId" AS "notification_userId", "notification"."createdAt" AS "notification_createdAt", "notification"."updatedAt" AS "notification_updatedAt" FROM "notifications" "notification" WHERE "notification"."userId" IS NULL ORDER BY "notification"."createdAt" DESC
[32m[Nest] 42887  - [39m03/03/2026, 1:57:15 PM [32m    LOG[39m [38;5;3m[LoggingInterceptor] [39m[32mResponse: GET /api/notifications - Status: 200 - Time: 413ms[39m
Memory usage: {
  rss: '139.52 MB',
  heapTotal: '55.22 MB',
  heapUsed: '48.77 MB',
  external: '4.30 MB'
}
[32m[Nest] 42887  - [39m03/03/2026, 1:58:15 PM [32m    LOG[39m [38;5;3m[LoggingInterceptor] [39m[32mIncoming Request: GET /api/notifications - User: anonymous - IP: ::1 - UA: Mozilla/5.0 (Macintosh; Intel Mac OS X 10_15_7) AppleWebKit/537.36 (KHTML, like Gecko) Chrome/145.0.0.0 Safari/537.36[39m
query: SELECT "notification"."id" AS "notification_id", "notification"."type" AS "notification_type", "notification"."title" AS "notification_title", "notification"."message" AS "notification_message", "notification"."data" AS "notification_data", "notification"."status" AS "notification_status", "notification"."userId" AS "notification_userId", "notification"."createdAt" AS "notification_createdAt", "notification"."updatedAt" AS "notification_updatedAt" FROM "notifications" "notification" WHERE "notification"."userId" IS NULL ORDER BY "notification"."createdAt" DESC
[32m[Nest] 42887  - [39m03/03/2026, 1:58:15 PM [32m    LOG[39m [38;5;3m[LoggingInterceptor] [39m[32mResponse: GET /api/notifications - Status: 200 - Time: 451ms[39m
Memory usage: {
  rss: '139.52 MB',
  heapTotal: '55.22 MB',
  heapUsed: '49.15 MB',
  external: '4.37 MB'
}
[32m[Nest] 42887  - [39m03/03/2026, 1:59:15 PM [32m    LOG[39m [38;5;3m[LoggingInterceptor] [39m[32mIncoming Request: GET /api/notifications - User: anonymous - IP: ::1 - UA: Mozilla/5.0 (Macintosh; Intel Mac OS X 10_15_7) AppleWebKit/537.36 (KHTML, like Gecko) Chrome/145.0.0.0 Safari/537.36[39m
query: SELECT "notification"."id" AS "notification_id", "notification"."type" AS "notification_type", "notification"."title" AS "notification_title", "notification"."message" AS "notification_message", "notification"."data" AS "notification_data", "notification"."status" AS "notification_status", "notification"."userId" AS "notification_userId", "notification"."createdAt" AS "notification_createdAt", "notification"."updatedAt" AS "notification_updatedAt" FROM "notifications" "notification" WHERE "notification"."userId" IS NULL ORDER BY "notification"."createdAt" DESC
[32m[Nest] 42887  - [39m03/03/2026, 1:59:15 PM [32m    LOG[39m [38;5;3m[LoggingInterceptor] [39m[32mResponse: GET /api/notifications - Status: 200 - Time: 377ms[39m
[31m[Nest] 42887  - [39m03/03/2026, 1:59:20 PM [31m  ERROR[39m [38;5;3m[AllExceptionsFilter] [39m[31mException caught by AllExceptionsFilter:[39m
[31m[Nest] 42887  - [39m03/03/2026, 1:59:20 PM [31m  ERROR[39m [38;5;3m[AllExceptionsFilter] [39m[31mObject:[39m
{
  "errorType": "HttpException",
  "status": 404,
  "message": {
    "message": "Cannot GET /api/health",
    "error": "Not Found",
    "statusCode": 404
  },
  "path": "/api/health",
  "method": "GET",
  "timestamp": "2026-03-03T11:59:20.762Z",
  "userAgent": "Mozilla/5.0 (Macintosh; Intel Mac OS X 10_15_7) AppleWebKit/537.36 (KHTML, like Gecko) Chrome/145.0.0.0 Safari/537.36",
  "ip": "::1"
}

[32m[Nest] 42887  - [39m03/03/2026, 1:59:20 PM [32m    LOG[39m [38;5;3m[LoggingInterceptor] [39m[32mIncoming Request: GET /api/products - User: anonymous - IP: ::1 - UA: Mozilla/5.0 (Macintosh; Intel Mac OS X 10_15_7) AppleWebKit/537.36 (KHTML, like Gecko) Chrome/145.0.0.0 Safari/537.36[39m
query: SELECT "Product"."id" AS "Product_id", "Product"."name" AS "Product_name", "Product"."category" AS "Product_category", "Product"."price" AS "Product_price", "Product"."stock" AS "Product_stock", "Product"."description" AS "Product_description", "Product"."imageUrl" AS "Product_imageUrl", "Product"."specifications" AS "Product_specifications", "Product"."discount" AS "Product_discount", "Product"."isSpecial" AS "Product_isSpecial", "Product"."rating" AS "Product_rating", "Product"."features" AS "Product_features", "Product"."images" AS "Product_images", "Product"."imageData" AS "Product_imageData", "Product"."createdAt" AS "Product_createdAt", "Product"."model3dUrl" AS "Product_model3dUrl", "Product"."updatedAt" AS "Product_updatedAt" FROM "products" "Product" ORDER BY "Product"."createdAt" DESC
[32m[Nest] 42887  - [39m03/03/2026, 1:59:20 PM [32m    LOG[39m [38;5;3m[LoggingInterceptor] [39m[32mResponse: GET /api/products - Status: 200 - Time: 75ms[39m
[32m[Nest] 42887  - [39m03/03/2026, 1:59:20 PM [32m    LOG[39m [38;5;3m[LoggingInterceptor] [39m[32mIncoming Request: GET /api/seo/settings - User: anonymous - IP: ::1 - UA: Mozilla/5.0 (Macintosh; Intel Mac OS X 10_15_7) AppleWebKit/537.36 (KHTML, like Gecko) Chrome/145.0.0.0 Safari/537.36[39m
[32m[Nest] 42887  - [39m03/03/2026, 1:59:20 PM [32m    LOG[39m [38;5;3m[LoggingInterceptor] [39m[32mResponse: GET /api/seo/settings - Status: 200 - Time: 0ms[39m
[32m[Nest] 42887  - [39m03/03/2026, 1:59:20 PM [32m    LOG[39m [38;5;3m[LoggingInterceptor] [39m[32mIncoming Request: GET /api/sections - User: anonymous - IP: ::1 - UA: Mozilla/5.0 (Macintosh; Intel Mac OS X 10_15_7) AppleWebKit/537.36 (KHTML, like Gecko) Chrome/145.0.0.0 Safari/537.36[39m
query: SELECT "Section"."id" AS "Section_id", "Section"."type" AS "Section_type", "Section"."title" AS "Section_title", "Section"."subtitle" AS "Section_subtitle", "Section"."content" AS "Section_content", "Section"."imageUrl" AS "Section_imageUrl", "Section"."order" AS "Section_order", "Section"."isActive" AS "Section_isActive", "Section"."settings" AS "Section_settings", "Section"."model3dUrl" AS "Section_model3dUrl", "Section"."show3d" AS "Section_show3d", "Section"."showImage" AS "Section_showImage", "Section"."createdAt" AS "Section_createdAt", "Section"."updatedAt" AS "Section_updatedAt" FROM "sections" "Section" WHERE (("Section"."isActive" = $1)) ORDER BY "Section"."order" ASC -- PARAMETERS: [true]
[32m[Nest] 42887  - [39m03/03/2026, 1:59:20 PM [32m    LOG[39m [38;5;3m[LoggingInterceptor] [39m[32mIncoming Request: GET /api/products?sort=rating&limit=4 - User: anonymous - IP: ::1 - UA: Mozilla/5.0 (Macintosh; Intel Mac OS X 10_15_7) AppleWebKit/537.36 (KHTML, like Gecko) Chrome/145.0.0.0 Safari/537.36[39m
[32m[Nest] 42887  - [39m03/03/2026, 1:59:20 PM [32m    LOG[39m [38;5;3m[LoggingInterceptor] [39m[32mIncoming Request: GET /api/products?isSpecial=true - User: anonymous - IP: ::1 - UA: Mozilla/5.0 (Macintosh; Intel Mac OS X 10_15_7) AppleWebKit/537.36 (KHTML, like Gecko) Chrome/145.0.0.0 Safari/537.36[39m
[32m[Nest] 42887  - [39m03/03/2026, 1:59:20 PM [32m    LOG[39m [38;5;3m[LoggingInterceptor] [39m[32mResponse: GET /api/sections - Status: 200 - Time: 60ms[39m
[32m[Nest] 42887  - [39m03/03/2026, 1:59:20 PM [32m    LOG[39m [38;5;3m[LoggingInterceptor] [39m[32mIncoming Request: GET /api/sections - User: anonymous - IP: ::1 - UA: Mozilla/5.0 (Macintosh; Intel Mac OS X 10_15_7) AppleWebKit/537.36 (KHTML, like Gecko) Chrome/145.0.0.0 Safari/537.36[39m
query: SELECT "Section"."id" AS "Section_id", "Section"."type" AS "Section_type", "Section"."title" AS "Section_title", "Section"."subtitle" AS "Section_subtitle", "Section"."content" AS "Section_content", "Section"."imageUrl" AS "Section_imageUrl", "Section"."order" AS "Section_order", "Section"."isActive" AS "Section_isActive", "Section"."settings" AS "Section_settings", "Section"."model3dUrl" AS "Section_model3dUrl", "Section"."show3d" AS "Section_show3d", "Section"."showImage" AS "Section_showImage", "Section"."createdAt" AS "Section_createdAt", "Section"."updatedAt" AS "Section_updatedAt" FROM "sections" "Section" WHERE (("Section"."isActive" = $1)) ORDER BY "Section"."order" ASC -- PARAMETERS: [true]
[32m[Nest] 42887  - [39m03/03/2026, 1:59:20 PM [32m    LOG[39m [38;5;3m[LoggingInterceptor] [39m[32mResponse: GET /api/sections - Status: 200 - Time: 57ms[39m
[32m[Nest] 42887  - [39m03/03/2026, 1:59:20 PM [32m    LOG[39m [38;5;3m[LoggingInterceptor] [39m[32mIncoming Request: GET /api/sections - User: anonymous - IP: ::1 - UA: Mozilla/5.0 (Macintosh; Intel Mac OS X 10_15_7) AppleWebKit/537.36 (KHTML, like Gecko) Chrome/145.0.0.0 Safari/537.36[39m
query: SELECT "Section"."id" AS "Section_id", "Section"."type" AS "Section_type", "Section"."title" AS "Section_title", "Section"."subtitle" AS "Section_subtitle", "Section"."content" AS "Section_content", "Section"."imageUrl" AS "Section_imageUrl", "Section"."order" AS "Section_order", "Section"."isActive" AS "Section_isActive", "Section"."settings" AS "Section_settings", "Section"."model3dUrl" AS "Section_model3dUrl", "Section"."show3d" AS "Section_show3d", "Section"."showImage" AS "Section_showImage", "Section"."createdAt" AS "Section_createdAt", "Section"."updatedAt" AS "Section_updatedAt" FROM "sections" "Section" WHERE (("Section"."isActive" = $1)) ORDER BY "Section"."order" ASC -- PARAMETERS: [true]
[32m[Nest] 42887  - [39m03/03/2026, 1:59:21 PM [32m    LOG[39m [38;5;3m[LoggingInterceptor] [39m[32mResponse: GET /api/sections - Status: 200 - Time: 59ms[39m
query: SELECT "Product"."id" AS "Product_id", "Product"."name" AS "Product_name", "Product"."category" AS "Product_category", "Product"."price" AS "Product_price", "Product"."stock" AS "Product_stock", "Product"."description" AS "Product_description", "Product"."imageUrl" AS "Product_imageUrl", "Product"."specifications" AS "Product_specifications", "Product"."discount" AS "Product_discount", "Product"."isSpecial" AS "Product_isSpecial", "Product"."rating" AS "Product_rating", "Product"."features" AS "Product_features", "Product"."images" AS "Product_images", "Product"."imageData" AS "Product_imageData", "Product"."createdAt" AS "Product_createdAt", "Product"."model3dUrl" AS "Product_model3dUrl", "Product"."updatedAt" AS "Product_updatedAt" FROM "products" "Product" ORDER BY "Product"."createdAt" DESC
query: SELECT "Product"."id" AS "Product_id", "Product"."name" AS "Product_name", "Product"."category" AS "Product_category", "Product"."price" AS "Product_price", "Product"."stock" AS "Product_stock", "Product"."description" AS "Product_description", "Product"."imageUrl" AS "Product_imageUrl", "Product"."specifications" AS "Product_specifications", "Product"."discount" AS "Product_discount", "Product"."isSpecial" AS "Product_isSpecial", "Product"."rating" AS "Product_rating", "Product"."features" AS "Product_features", "Product"."images" AS "Product_images", "Product"."imageData" AS "Product_imageData", "Product"."createdAt" AS "Product_createdAt", "Product"."model3dUrl" AS "Product_model3dUrl", "Product"."updatedAt" AS "Product_updatedAt" FROM "products" "Product" ORDER BY "Product"."createdAt" DESC
[32m[Nest] 42887  - [39m03/03/2026, 1:59:21 PM [32m    LOG[39m [38;5;3m[LoggingInterceptor] [39m[32mResponse: GET /api/products?sort=rating&limit=4 - Status: 200 - Time: 311ms[39m
[32m[Nest] 42887  - [39m03/03/2026, 1:59:21 PM [32m    LOG[39m [38;5;3m[LoggingInterceptor] [39m[32mResponse: GET /api/products?isSpecial=true - Status: 200 - Time: 311ms[39m
Memory usage: {
  rss: '139.36 MB',
  heapTotal: '55.02 MB',
  heapUsed: '49.02 MB',
  external: '4.39 MB'
}
Memory usage: {
  rss: '139.36 MB',
  heapTotal: '55.02 MB',
  heapUsed: '49.02 MB',
  external: '4.39 MB'
}
Memory usage: {
  rss: '139.36 MB',
  heapTotal: '55.02 MB',
  heapUsed: '49.03 MB',
  external: '4.39 MB'
}
[31m[Nest] 42887  - [39m03/03/2026, 2:02:05 PM [31m  ERROR[39m [38;5;3m[AllExceptionsFilter] [39m[31mException caught by AllExceptionsFilter:[39m
[31m[Nest] 42887  - [39m03/03/2026, 2:02:05 PM [31m  ERROR[39m [38;5;3m[AllExceptionsFilter] [39m[31mObject:[39m
{
  "errorType": "HttpException",
  "status": 404,
  "message": {
    "message": "Cannot GET /api/health",
    "error": "Not Found",
    "statusCode": 404
  },
  "path": "/api/health",
  "method": "GET",
  "timestamp": "2026-03-03T12:02:05.525Z",
  "userAgent": "Mozilla/5.0 (Macintosh; Intel Mac OS X 10_15_7) AppleWebKit/537.36 (KHTML, like Gecko) Chrome/145.0.0.0 Safari/537.36",
  "ip": "::1"
}

[32m[Nest] 42887  - [39m03/03/2026, 2:02:05 PM [32m    LOG[39m [38;5;3m[LoggingInterceptor] [39m[32mIncoming Request: GET /api/products - User: anonymous - IP: ::1 - UA: Mozilla/5.0 (Macintosh; Intel Mac OS X 10_15_7) AppleWebKit/537.36 (KHTML, like Gecko) Chrome/145.0.0.0 Safari/537.36[39m
query: SELECT "Product"."id" AS "Product_id", "Product"."name" AS "Product_name", "Product"."category" AS "Product_category", "Product"."price" AS "Product_price", "Product"."stock" AS "Product_stock", "Product"."description" AS "Product_description", "Product"."imageUrl" AS "Product_imageUrl", "Product"."specifications" AS "Product_specifications", "Product"."discount" AS "Product_discount", "Product"."isSpecial" AS "Product_isSpecial", "Product"."rating" AS "Product_rating", "Product"."features" AS "Product_features", "Product"."images" AS "Product_images", "Product"."imageData" AS "Product_imageData", "Product"."createdAt" AS "Product_createdAt", "Product"."model3dUrl" AS "Product_model3dUrl", "Product"."updatedAt" AS "Product_updatedAt" FROM "products" "Product" ORDER BY "Product"."createdAt" DESC
[32m[Nest] 42887  - [39m03/03/2026, 2:02:05 PM [32m    LOG[39m [38;5;3m[LoggingInterceptor] [39m[32mResponse: GET /api/products - Status: 200 - Time: 349ms[39m
[32m[Nest] 42887  - [39m03/03/2026, 2:02:05 PM [32m    LOG[39m [38;5;3m[LoggingInterceptor] [39m[32mIncoming Request: GET /api/seo/settings - User: anonymous - IP: ::1 - UA: Mozilla/5.0 (Macintosh; Intel Mac OS X 10_15_7) AppleWebKit/537.36 (KHTML, like Gecko) Chrome/145.0.0.0 Safari/537.36[39m
[32m[Nest] 42887  - [39m03/03/2026, 2:02:05 PM [32m    LOG[39m [38;5;3m[LoggingInterceptor] [39m[32mResponse: GET /api/seo/settings - Status: 200 - Time: 0ms[39m
[32m[Nest] 42887  - [39m03/03/2026, 2:02:05 PM [32m    LOG[39m [38;5;3m[LoggingInterceptor] [39m[32mIncoming Request: GET /api/sections - User: anonymous - IP: ::1 - UA: Mozilla/5.0 (Macintosh; Intel Mac OS X 10_15_7) AppleWebKit/537.36 (KHTML, like Gecko) Chrome/145.0.0.0 Safari/537.36[39m
query: SELECT "Section"."id" AS "Section_id", "Section"."type" AS "Section_type", "Section"."title" AS "Section_title", "Section"."subtitle" AS "Section_subtitle", "Section"."content" AS "Section_content", "Section"."imageUrl" AS "Section_imageUrl", "Section"."order" AS "Section_order", "Section"."isActive" AS "Section_isActive", "Section"."settings" AS "Section_settings", "Section"."model3dUrl" AS "Section_model3dUrl", "Section"."show3d" AS "Section_show3d", "Section"."showImage" AS "Section_showImage", "Section"."createdAt" AS "Section_createdAt", "Section"."updatedAt" AS "Section_updatedAt" FROM "sections" "Section" WHERE (("Section"."isActive" = $1)) ORDER BY "Section"."order" ASC -- PARAMETERS: [true]
[32m[Nest] 42887  - [39m03/03/2026, 2:02:05 PM [32m    LOG[39m [38;5;3m[LoggingInterceptor] [39m[32mIncoming Request: GET /api/products?sort=rating&limit=4 - User: anonymous - IP: ::1 - UA: Mozilla/5.0 (Macintosh; Intel Mac OS X 10_15_7) AppleWebKit/537.36 (KHTML, like Gecko) Chrome/145.0.0.0 Safari/537.36[39m
[32m[Nest] 42887  - [39m03/03/2026, 2:02:05 PM [32m    LOG[39m [38;5;3m[LoggingInterceptor] [39m[32mIncoming Request: GET /api/products?isSpecial=true - User: anonymous - IP: ::1 - UA: Mozilla/5.0 (Macintosh; Intel Mac OS X 10_15_7) AppleWebKit/537.36 (KHTML, like Gecko) Chrome/145.0.0.0 Safari/537.36[39m
[32m[Nest] 42887  - [39m03/03/2026, 2:02:05 PM [32m    LOG[39m [38;5;3m[LoggingInterceptor] [39m[32mResponse: GET /api/sections - Status: 200 - Time: 56ms[39m
[32m[Nest] 42887  - [39m03/03/2026, 2:02:05 PM [32m    LOG[39m [38;5;3m[LoggingInterceptor] [39m[32mIncoming Request: GET /api/sections - User: anonymous - IP: ::1 - UA: Mozilla/5.0 (Macintosh; Intel Mac OS X 10_15_7) AppleWebKit/537.36 (KHTML, like Gecko) Chrome/145.0.0.0 Safari/537.36[39m
query: SELECT "Section"."id" AS "Section_id", "Section"."type" AS "Section_type", "Section"."title" AS "Section_title", "Section"."subtitle" AS "Section_subtitle", "Section"."content" AS "Section_content", "Section"."imageUrl" AS "Section_imageUrl", "Section"."order" AS "Section_order", "Section"."isActive" AS "Section_isActive", "Section"."settings" AS "Section_settings", "Section"."model3dUrl" AS "Section_model3dUrl", "Section"."show3d" AS "Section_show3d", "Section"."showImage" AS "Section_showImage", "Section"."createdAt" AS "Section_createdAt", "Section"."updatedAt" AS "Section_updatedAt" FROM "sections" "Section" WHERE (("Section"."isActive" = $1)) ORDER BY "Section"."order" ASC -- PARAMETERS: [true]
[32m[Nest] 42887  - [39m03/03/2026, 2:02:06 PM [32m    LOG[39m [38;5;3m[LoggingInterceptor] [39m[32mResponse: GET /api/sections - Status: 200 - Time: 56ms[39m
[32m[Nest] 42887  - [39m03/03/2026, 2:02:06 PM [32m    LOG[39m [38;5;3m[LoggingInterceptor] [39m[32mIncoming Request: GET /api/sections - User: anonymous - IP: ::1 - UA: Mozilla/5.0 (Macintosh; Intel Mac OS X 10_15_7) AppleWebKit/537.36 (KHTML, like Gecko) Chrome/145.0.0.0 Safari/537.36[39m
query: SELECT "Section"."id" AS "Section_id", "Section"."type" AS "Section_type", "Section"."title" AS "Section_title", "Section"."subtitle" AS "Section_subtitle", "Section"."content" AS "Section_content", "Section"."imageUrl" AS "Section_imageUrl", "Section"."order" AS "Section_order", "Section"."isActive" AS "Section_isActive", "Section"."settings" AS "Section_settings", "Section"."model3dUrl" AS "Section_model3dUrl", "Section"."show3d" AS "Section_show3d", "Section"."showImage" AS "Section_showImage", "Section"."createdAt" AS "Section_createdAt", "Section"."updatedAt" AS "Section_updatedAt" FROM "sections" "Section" WHERE (("Section"."isActive" = $1)) ORDER BY "Section"."order" ASC -- PARAMETERS: [true]
[32m[Nest] 42887  - [39m03/03/2026, 2:02:06 PM [32m    LOG[39m [38;5;3m[LoggingInterceptor] [39m[32mResponse: GET /api/sections - Status: 200 - Time: 58ms[39m
query: SELECT "Product"."id" AS "Product_id", "Product"."name" AS "Product_name", "Product"."category" AS "Product_category", "Product"."price" AS "Product_price", "Product"."stock" AS "Product_stock", "Product"."description" AS "Product_description", "Product"."imageUrl" AS "Product_imageUrl", "Product"."specifications" AS "Product_specifications", "Product"."discount" AS "Product_discount", "Product"."isSpecial" AS "Product_isSpecial", "Product"."rating" AS "Product_rating", "Product"."features" AS "Product_features", "Product"."images" AS "Product_images", "Product"."imageData" AS "Product_imageData", "Product"."createdAt" AS "Product_createdAt", "Product"."model3dUrl" AS "Product_model3dUrl", "Product"."updatedAt" AS "Product_updatedAt" FROM "products" "Product" ORDER BY "Product"."createdAt" DESC
query: SELECT "Product"."id" AS "Product_id", "Product"."name" AS "Product_name", "Product"."category" AS "Product_category", "Product"."price" AS "Product_price", "Product"."stock" AS "Product_stock", "Product"."description" AS "Product_description", "Product"."imageUrl" AS "Product_imageUrl", "Product"."specifications" AS "Product_specifications", "Product"."discount" AS "Product_discount", "Product"."isSpecial" AS "Product_isSpecial", "Product"."rating" AS "Product_rating", "Product"."features" AS "Product_features", "Product"."images" AS "Product_images", "Product"."imageData" AS "Product_imageData", "Product"."createdAt" AS "Product_createdAt", "Product"."model3dUrl" AS "Product_model3dUrl", "Product"."updatedAt" AS "Product_updatedAt" FROM "products" "Product" ORDER BY "Product"."createdAt" DESC
[32m[Nest] 42887  - [39m03/03/2026, 2:02:06 PM [32m    LOG[39m [38;5;3m[LoggingInterceptor] [39m[32mResponse: GET /api/products?sort=rating&limit=4 - Status: 200 - Time: 290ms[39m
[32m[Nest] 42887  - [39m03/03/2026, 2:02:06 PM [32m    LOG[39m [38;5;3m[LoggingInterceptor] [39m[32mResponse: GET /api/products?isSpecial=true - Status: 200 - Time: 291ms[39m
Memory usage: {
  rss: '139.38 MB',
  heapTotal: '55.02 MB',
  heapUsed: '49.57 MB',
  external: '4.40 MB'
}
Memory usage: {
  rss: '139.38 MB',
  heapTotal: '55.02 MB',
  heapUsed: '49.58 MB',
  external: '4.40 MB'
}
Memory usage: {
  rss: '139.38 MB',
  heapTotal: '55.02 MB',
  heapUsed: '49.58 MB',
  external: '4.40 MB'
}
Memory usage: {
  rss: '139.38 MB',
  heapTotal: '55.02 MB',
  heapUsed: '49.59 MB',
  external: '4.40 MB'
}
Memory usage: {
  rss: '139.38 MB',
  heapTotal: '55.02 MB',
  heapUsed: '49.59 MB',
  external: '4.40 MB'
}
[32m[Nest] 42887  - [39m03/03/2026, 2:07:39 PM [32m    LOG[39m [38;5;3m[LoggingInterceptor] [39m[32mIncoming Request: GET /api/products/special-offers - User: anonymous - IP: ::1 - UA: curl/8.7.1[39m
query: SELECT "Product"."id" AS "Product_id", "Product"."name" AS "Product_name", "Product"."category" AS "Product_category", "Product"."price" AS "Product_price", "Product"."stock" AS "Product_stock", "Product"."description" AS "Product_description", "Product"."imageUrl" AS "Product_imageUrl", "Product"."specifications" AS "Product_specifications", "Product"."discount" AS "Product_discount", "Product"."isSpecial" AS "Product_isSpecial", "Product"."rating" AS "Product_rating", "Product"."features" AS "Product_features", "Product"."images" AS "Product_images", "Product"."imageData" AS "Product_imageData", "Product"."createdAt" AS "Product_createdAt", "Product"."model3dUrl" AS "Product_model3dUrl", "Product"."updatedAt" AS "Product_updatedAt" FROM "products" "Product" WHERE (("Product"."id" = $1)) LIMIT 1 -- PARAMETERS: [null]
query failed: SELECT "Product"."id" AS "Product_id", "Product"."name" AS "Product_name", "Product"."category" AS "Product_category", "Product"."price" AS "Product_price", "Product"."stock" AS "Product_stock", "Product"."description" AS "Product_description", "Product"."imageUrl" AS "Product_imageUrl", "Product"."specifications" AS "Product_specifications", "Product"."discount" AS "Product_discount", "Product"."isSpecial" AS "Product_isSpecial", "Product"."rating" AS "Product_rating", "Product"."features" AS "Product_features", "Product"."images" AS "Product_images", "Product"."imageData" AS "Product_imageData", "Product"."createdAt" AS "Product_createdAt", "Product"."model3dUrl" AS "Product_model3dUrl", "Product"."updatedAt" AS "Product_updatedAt" FROM "products" "Product" WHERE (("Product"."id" = $1)) LIMIT 1 -- PARAMETERS: [null]
error: error: invalid input syntax for type integer: "NaN"
[31m[Nest] 42887  - [39m03/03/2026, 2:07:39 PM [31m  ERROR[39m [38;5;3m[LoggingInterceptor] [39m[31mError Response: GET /api/products/special-offers - Status: 500 - Time: 367ms - Error: Failed to get product: invalid input syntax for type integer: "NaN"[39m
[31m[Nest] 42887  - [39m03/03/2026, 2:07:39 PM [31m  ERROR[39m [38;5;3m[AllExceptionsFilter] [39m[31mException caught by AllExceptionsFilter:[39m
[31m[Nest] 42887  - [39m03/03/2026, 2:07:39 PM [31m  ERROR[39m [38;5;3m[AllExceptionsFilter] [39m[31mObject:[39m
{
  "errorType": "HttpException",
  "status": 500,
  "message": {
    "message": "Failed to get product: invalid input syntax for type integer: \"NaN\"",
    "error": "Internal Server Error",
    "statusCode": 500
  },
  "path": "/api/products/special-offers",
  "method": "GET",
  "timestamp": "2026-03-03T12:07:39.636Z",
  "userAgent": "curl/8.7.1",
  "ip": "::1"
}

[32m[Nest] 42887  - [39m03/03/2026, 2:07:39 PM [32m    LOG[39m [38;5;3m[LoggingInterceptor] [39m[32mIncoming Request: GET /api/products/best-sellers - User: anonymous - IP: ::1 - UA: curl/8.7.1[39m
query: SELECT "Product"."id" AS "Product_id", "Product"."name" AS "Product_name", "Product"."category" AS "Product_category", "Product"."price" AS "Product_price", "Product"."stock" AS "Product_stock", "Product"."description" AS "Product_description", "Product"."imageUrl" AS "Product_imageUrl", "Product"."specifications" AS "Product_specifications", "Product"."discount" AS "Product_discount", "Product"."isSpecial" AS "Product_isSpecial", "Product"."rating" AS "Product_rating", "Product"."features" AS "Product_features", "Product"."images" AS "Product_images", "Product"."imageData" AS "Product_imageData", "Product"."createdAt" AS "Product_createdAt", "Product"."model3dUrl" AS "Product_model3dUrl", "Product"."updatedAt" AS "Product_updatedAt" FROM "products" "Product" WHERE (("Product"."id" = $1)) LIMIT 1 -- PARAMETERS: [null]
query failed: SELECT "Product"."id" AS "Product_id", "Product"."name" AS "Product_name", "Product"."category" AS "Product_category", "Product"."price" AS "Product_price", "Product"."stock" AS "Product_stock", "Product"."description" AS "Product_description", "Product"."imageUrl" AS "Product_imageUrl", "Product"."specifications" AS "Product_specifications", "Product"."discount" AS "Product_discount", "Product"."isSpecial" AS "Product_isSpecial", "Product"."rating" AS "Product_rating", "Product"."features" AS "Product_features", "Product"."images" AS "Product_images", "Product"."imageData" AS "Product_imageData", "Product"."createdAt" AS "Product_createdAt", "Product"."model3dUrl" AS "Product_model3dUrl", "Product"."updatedAt" AS "Product_updatedAt" FROM "products" "Product" WHERE (("Product"."id" = $1)) LIMIT 1 -- PARAMETERS: [null]
error: error: invalid input syntax for type integer: "NaN"
[31m[Nest] 42887  - [39m03/03/2026, 2:07:39 PM [31m  ERROR[39m [38;5;3m[LoggingInterceptor] [39m[31mError Response: GET /api/products/best-sellers - Status: 500 - Time: 58ms - Error: Failed to get product: invalid input syntax for type integer: "NaN"[39m
[31m[Nest] 42887  - [39m03/03/2026, 2:07:39 PM [31m  ERROR[39m [38;5;3m[AllExceptionsFilter] [39m[31mException caught by AllExceptionsFilter:[39m
[31m[Nest] 42887  - [39m03/03/2026, 2:07:39 PM [31m  ERROR[39m [38;5;3m[AllExceptionsFilter] [39m[31mObject:[39m
{
  "errorType": "HttpException",
  "status": 500,
  "message": {
    "message": "Failed to get product: invalid input syntax for type integer: \"NaN\"",
    "error": "Internal Server Error",
    "statusCode": 500
  },
  "path": "/api/products/best-sellers",
  "method": "GET",
  "timestamp": "2026-03-03T12:07:39.820Z",
  "userAgent": "curl/8.7.1",
  "ip": "::1"
}

Memory usage: {
  rss: '139.39 MB',
  heapTotal: '55.02 MB',
  heapUsed: '49.32 MB',
  external: '4.38 MB'
}
[32m[Nest] 42887  - [39m03/03/2026, 2:08:39 PM [32m    LOG[39m [38;5;3m[LoggingInterceptor] [39m[32mIncoming Request: GET /api/products - User: anonymous - IP: ::1 - UA: curl/8.7.1[39m
query: SELECT "Product"."id" AS "Product_id", "Product"."name" AS "Product_name", "Product"."category" AS "Product_category", "Product"."price" AS "Product_price", "Product"."stock" AS "Product_stock", "Product"."description" AS "Product_description", "Product"."imageUrl" AS "Product_imageUrl", "Product"."specifications" AS "Product_specifications", "Product"."discount" AS "Product_discount", "Product"."isSpecial" AS "Product_isSpecial", "Product"."rating" AS "Product_rating", "Product"."features" AS "Product_features", "Product"."images" AS "Product_images", "Product"."imageData" AS "Product_imageData", "Product"."createdAt" AS "Product_createdAt", "Product"."model3dUrl" AS "Product_model3dUrl", "Product"."updatedAt" AS "Product_updatedAt" FROM "products" "Product" ORDER BY "Product"."createdAt" DESC
[32m[Nest] 42887  - [39m03/03/2026, 2:08:39 PM [32m    LOG[39m [38;5;3m[LoggingInterceptor] [39m[32mResponse: GET /api/products - Status: 200 - Time: 305ms[39m
Memory usage: {
  rss: '139.39 MB',
  heapTotal: '55.02 MB',
  heapUsed: '49.84 MB',
  external: '4.40 MB'
}
Memory usage: {
  rss: '139.39 MB',
  heapTotal: '55.02 MB',
  heapUsed: '49.85 MB',
  external: '4.40 MB'
}
[32m[Nest] 42887  - [39m03/03/2026, 2:10:20 PM [32m    LOG[39m [38;5;3m[LoggingInterceptor] [39m[32mIncoming Request: GET /api/products - User: anonymous - IP: ::1 - UA: curl/8.7.1[39m
query: SELECT "Product"."id" AS "Product_id", "Product"."name" AS "Product_name", "Product"."category" AS "Product_category", "Product"."price" AS "Product_price", "Product"."stock" AS "Product_stock", "Product"."description" AS "Product_description", "Product"."imageUrl" AS "Product_imageUrl", "Product"."specifications" AS "Product_specifications", "Product"."discount" AS "Product_discount", "Product"."isSpecial" AS "Product_isSpecial", "Product"."rating" AS "Product_rating", "Product"."features" AS "Product_features", "Product"."images" AS "Product_images", "Product"."imageData" AS "Product_imageData", "Product"."createdAt" AS "Product_createdAt", "Product"."model3dUrl" AS "Product_model3dUrl", "Product"."updatedAt" AS "Product_updatedAt" FROM "products" "Product" ORDER BY "Product"."createdAt" DESC
[32m[Nest] 42887  - [39m03/03/2026, 2:10:21 PM [32m    LOG[39m [38;5;3m[LoggingInterceptor] [39m[32mResponse: GET /api/products - Status: 200 - Time: 449ms[39m
Memory usage: {
  rss: '139.31 MB',
  heapTotal: '54.02 MB',
  heapUsed: '49.54 MB',
  external: '4.41 MB'
}
Memory usage: {
  rss: '139.31 MB',
  heapTotal: '54.02 MB',
  heapUsed: '49.55 MB',
  external: '4.41 MB'
}
Memory usage: {
  rss: '139.31 MB',
  heapTotal: '54.02 MB',
  heapUsed: '49.56 MB',
  external: '4.41 MB'
}
Memory usage: {
  rss: '139.31 MB',
  heapTotal: '54.02 MB',
  heapUsed: '49.56 MB',
  external: '4.41 MB'
}
Memory usage: {
  rss: '139.31 MB',
  heapTotal: '54.02 MB',
  heapUsed: '49.57 MB',
  external: '4.41 MB'
}
Memory usage: {
  rss: '139.31 MB',
  heapTotal: '54.02 MB',
  heapUsed: '49.58 MB',
  external: '4.41 MB'
}
Memory usage: {
  rss: '139.31 MB',
  heapTotal: '54.02 MB',
  heapUsed: '49.58 MB',
  external: '4.41 MB'
}
Memory usage: {
  rss: '139.31 MB',
  heapTotal: '54.02 MB',
  heapUsed: '49.59 MB',
  external: '4.41 MB'
}
Memory usage: {
  rss: '139.31 MB',
  heapTotal: '54.02 MB',
  heapUsed: '49.60 MB',
  external: '4.41 MB'
}
Memory usage: {
  rss: '139.31 MB',
  heapTotal: '54.02 MB',
  heapUsed: '49.60 MB',
  external: '4.41 MB'
}
Memory usage: {
  rss: '139.31 MB',
  heapTotal: '54.02 MB',
  heapUsed: '49.61 MB',
  external: '4.41 MB'
}
